date,btc_adj_close,btc_volume,eth_adj_close,eth_volume,sp500_adj_close,sp500_volume,vti_adj_close,vti_volume,agg_adj_close,agg_volume,tlt_adj_close,tlt_volume
2014-01-02,,,,,1831.97998046875,3080600000,77.40084075927734,3728200,76.41887664794922,1346600,73.0261459350586,8580800
2014-01-03,,,,,1831.3699951171875,2774270000,77.38453674316406,3206300,76.44756317138672,2293500,73.0261459350586,4083800
2014-01-06,,,,,1826.77001953125,3294850000,77.18101501464844,3169400,76.54808044433594,4413900,73.33351135253906,7796200
2014-01-07,,,,,1837.8800048828125,3511750000,77.67759704589844,2617200,76.58390045166016,1255700,73.5193099975586,4428100
2014-01-08,,,,,1837.489990234375,3652140000,77.73457336425781,3783100,76.35427856445312,1090800,73.31919860839844,8513000
2014-01-09,,,,,1838.1300048828125,3581150000,77.79969787597656,3440500,76.4619369506836,829400,73.748046875,6991100
2014-01-10,,,,,1842.3699951171875,3335710000,78.01946258544922,2903700,76.84947204589844,1484400,74.62716674804688,13197400
2014-01-13,,,,,1819.199951171875,3591350000,77.03448486328125,4322200,76.9211654663086,1139500,74.99886322021484,9667400
2014-01-14,,,,,1838.8800048828125,3353270000,77.88111114501953,2660500,76.80636596679688,987500,74.65579986572266,10343100
2014-01-15,,,,,1848.3800048828125,3777800000,78.27183532714844,2525100,76.74181365966797,1664800,74.5771713256836,7507500
2014-01-16,,,,,1845.8900146484375,3491310000,78.21488189697266,3058200,76.9211654663086,3113700,75.07749938964844,7137700
2014-01-17,,,,,1838.699951171875,3626120000,77.9136962890625,2716300,76.95703125,588700,75.3919448852539,7588600
2014-01-21,,,,,1843.800048828125,3782470000,78.17415618896484,5557200,76.99298095703125,1777100,75.44915771484375,6436000
2014-01-22,,,,,1844.8599853515625,3374170000,78.32071685791016,1860300,76.82787322998047,892900,75.26332092285156,4646700
2014-01-23,,,,,1828.4599609375,3972250000,77.64503479003906,3223500,77.02876281738281,1901200,76.32833862304688,12960600
2014-01-24,,,,,1790.2900390625,4618450000,75.96807098388672,7275200,77.19384765625,783200,76.82149505615234,11122200
2014-01-27,,,,,1781.56005859375,4045200000,75.47962188720703,6664700,77.02876281738281,1335000,76.28543090820312,9218200
2014-01-28,,,,,1792.5,3437830000,76.00877380371094,10136000,77.1579818725586,1306400,76.47127532958984,5661500
2014-01-29,,,,,1774.199951171875,3964020000,75.22728729248047,4720200,77.38758087158203,1116200,77.1002197265625,11709400
2014-01-30,,,,,1794.18994140625,3547510000,76.10646057128906,2540800,77.40192413330078,3074400,76.87863159179688,5956900
2014-01-31,,,,,1782.5899658203125,4059690000,75.60987091064453,4099600,77.54544067382812,3195200,77.39327239990234,14690900
2014-02-03,,,,,1741.8900146484375,4726040000,73.83523559570312,6568100,77.80858612060547,1976100,78.33631896972656,20780300
2014-02-04,,,,,1755.199951171875,4068410000,74.39694213867188,3427200,77.62163543701172,2289000,77.50508880615234,9573500
2014-02-05,,,,,1751.6400146484375,3984290000,74.28295135498047,3407300,77.42753601074219,1162000,76.78846740722656,10312200
2014-02-06,,,,,1773.4300537109375,3825410000,75.18656921386719,3237300,77.39156341552734,1127700,76.4588623046875,5708700
2014-02-07,,,,,1797.02001953125,3775990000,76.15531158447266,3538500,77.51382446289062,611700,76.52334594726562,7039200
2014-02-10,,,,,1799.8399658203125,3312160000,76.2448501586914,3419800,77.59291076660156,1097200,76.7383041381836,4370500
2014-02-11,,,,,1819.75,3699380000,77.11588287353516,4287900,77.4419174194336,1493200,76.29408264160156,5904900
2014-02-12,,,,,1819.260009765625,3326380000,77.22171783447266,3128700,77.31251525878906,714100,75.89993286132812,6723300
2014-02-13,,,,,1829.8299560546875,3289510000,77.69387817382812,2726400,77.47789764404297,777400,76.32987976074219,6874600
2014-02-14,,,,,1838.6300048828125,3114750000,78.06835174560547,2244000,77.47789764404297,708800,76.37286376953125,4989100
2014-02-18,,,,,1840.760009765625,3421110000,78.29629516601562,3006400,77.52819061279297,940900,76.54484558105469,4855800
2014-02-19,,,,,1828.75,3661570000,77.77529907226562,2320600,77.47065734863281,902600,76.2223892211914,5522500
2014-02-20,,,,,1839.780029296875,3404980000,78.29629516601562,2657600,77.42753601074219,894000,76.0361099243164,5103200
2014-02-21,,,,,1836.25,3403880000,78.23116302490234,1952000,77.4994125366211,395300,76.4373550415039,5250700
2014-02-24,,,,,1847.6099853515625,4014530000,78.67889404296875,2357600,77.42753601074219,838500,76.24390411376953,3816700
2014-02-25,,,,,1845.1199951171875,3515560000,78.64630889892578,2427300,77.63600158691406,542100,76.9246597290039,6225400
2014-02-26,,,,,1845.1600341796875,3716730000,78.72772979736328,1934600,77.80137634277344,617000,77.33309936523438,7203900
2014-02-27,,,,,1854.2900390625,3547460000,79.14289855957031,1594000,77.88044738769531,628900,77.755859375,5394700
2014-02-28,,,,,1859.449951171875,3917450000,79.2894515991211,2302800,77.83733367919922,1589500,77.79885864257812,8462600
2014-03-03,,,,,1845.72998046875,3428220000,78.71145629882812,2743400,78.03897857666016,2533900,78.31825256347656,11089400
2014-03-04,,,,,1873.9100341796875,3765770000,79.94880676269531,3105300,77.75093841552734,953700,77.14017486572266,8068100
2014-03-05,,,,,1873.81005859375,3392990000,79.96510314941406,1855300,77.79412078857422,2852300,77.30536651611328,4798500
2014-03-06,,,,,1877.030029296875,3360450000,80.11162567138672,2084500,77.62126159667969,689200,76.54396057128906,7418200
2014-03-07,,,,,1878.0400390625,3564740000,80.08721923828125,2312100,77.4051742553711,701700,76.06269836425781,8270300
2014-03-10,,,,,1877.1700439453125,3021350000,80.03022766113281,2586600,77.4051742553711,877800,76.17044067382812,3744300
2014-03-11,,,,,1867.6300048828125,3392400000,79.5824966430664,3718500,77.39796447753906,2060700,76.37153625488281,3815700
2014-03-12,,,,,1868.199951171875,3270860000,79.63947296142578,2225600,77.5708236694336,943300,76.90313720703125,6430500
2014-03-13,,,,,1846.3399658203125,3670990000,78.71955871582031,3482400,77.77249145507812,660900,77.93751525878906,11815500
2014-03-14,,,,,1841.1300048828125,3285460000,78.62190246582031,2892400,77.73650360107422,741800,77.95186614990234,9232800
2014-03-17,,,,,1858.8299560546875,2860490000,79.24873352050781,2735800,77.69326782226562,590800,77.37004852294922,7381900
2014-03-18,,,,,1872.25,2930190000,79.92440032958984,3672500,77.78693389892578,568500,77.65015411376953,4819500
2014-03-19,,,,,1860.77001953125,3289210000,79.46852111816406,2705400,77.441162109375,702000,77.04679870605469,11557600
2014-03-20,,,,,1872.010009765625,3327540000,79.867431640625,1466900,77.3835678100586,1100600,76.91033172607422,5224400
2014-03-21,,,,,1866.52001953125,5270710000,79.5743408203125,2821700,77.4916000366211,756600,77.74356079101562,8986200
2014-03-24,,,,,1857.43994140625,3409000000,79.1103515625,3922600,77.60682678222656,712800,78.29666137695312,7536400
2014-03-25,,,,,1865.6199951171875,3200560000,79.39080047607422,1740900,77.52760314941406,1377600,78.00215911865234,5032000
2014-03-26,,,,,1852.56005859375,3480850000,78.728515625,2896000,77.77249145507812,593900,78.61275482177734,7147200
2014-03-27,,,,,1849.0400390625,3733430000,78.56497192382812,3835100,77.83015441894531,1299200,79.00778198242188,9772200
2014-03-28,,,,,1857.6199951171875,2955520000,78.91656494140625,1533200,77.71489715576172,865600,78.56248474121094,6027000
2014-03-31,,,,,1872.3399658203125,3274300000,79.69329833984375,2978400,77.7220687866211,1452200,78.36849975585938,7488400
2014-04-01,,,,,1885.52001953125,3336190000,80.314697265625,3881700,77.6030044555664,760000,77.69874572753906,9067300
2014-04-02,,,,,1890.9000244140625,3131660000,80.56816101074219,2855300,77.47315979003906,1550700,77.25223541259766,6887200
2014-04-03,,,,,1888.77001953125,3055600000,80.3473892211914,2169700,77.53085327148438,1126700,77.59070587158203,4937400
2014-04-04,,,,,1865.0899658203125,3583750000,79.24361419677734,3026800,77.77619934082031,1043600,78.10918426513672,8977500
2014-04-07,,,,,1845.0400390625,3801540000,78.29519653320312,5316200,77.89163970947266,679500,78.57733917236328,7562500
2014-04-08,,,,,1851.9599609375,3721450000,78.63859558105469,3728200,77.98546600341797,1435700,78.76459503173828,4213800
2014-04-09,,,,,1872.1800537109375,3308650000,79.57882690429688,1975300,77.99271392822266,1167100,78.37570190429688,5771500
2014-04-10,,,,,1833.0799560546875,3758780000,77.82913970947266,3283000,78.173095703125,1033300,79.1030502319336,12706400
2014-04-11,,,,,1815.68994140625,3743460000,77.0605697631836,3380100,78.24526977539062,1168700,79.7440185546875,10267000
2014-04-14,,,,,1830.6099853515625,3111540000,77.58384704589844,3248600,78.27411651611328,1002800,79.53515625,4142600
2014-04-15,,,,,1842.97998046875,3736440000,78.11530303955078,3339400,78.28133392333984,1442100,80.03206634521484,7752000
2014-04-16,,,,,1862.31005859375,3155080000,78.93293762207031,4498500,78.32462310791016,2245600,80.13288879394531,5523000
2014-04-17,,,,,1864.8499755859375,3341430000,79.08827209472656,2241100,78.07205200195312,1262900,79.2542953491211,8622500
2014-04-21,,,,,1871.8900146484375,2642500000,79.40711975097656,3043000,78.06490325927734,1018200,79.18953704833984,4316300
2014-04-22,,,,,1879.550048828125,3215440000,79.81594848632812,2442400,78.05044555664062,1034800,79.45596313476562,5748700
2014-04-23,,,,,1875.3900146484375,3085720000,79.61156463623047,1798400,78.12981414794922,746000,79.90966033935547,5748600
2014-04-24,,,,,1878.6099853515625,3191830000,79.71782684326172,1471400,78.20194244384766,494000,80.06088256835938,6337800
2014-04-25,,,,,1863.4000244140625,3213020000,78.94108581542969,1927700,78.21635437011719,489700,80.17613220214844,5976500
2014-04-28,,,,,1869.4300537109375,4034680000,79.05557250976562,2046000,78.16587829589844,523300,79.78722381591797,7606000
2014-04-29,,,,,1878.3299560546875,3647820000,79.44800567626953,3062500,78.20194244384766,858600,79.67919158935547,5235200
2014-04-30,,,,,1883.949951171875,3779230000,79.74235534667969,1423900,78.36073303222656,1313000,80.01040649414062,7721400
2014-05-01,,,,,1883.6800537109375,3416740000,79.76689910888672,1776300,78.47493743896484,1727500,80.8688735961914,11556500
2014-05-02,,,,,1881.1400146484375,3159560000,79.70147705078125,1687900,78.56893157958984,1075300,81.3669662475586,12702100
2014-05-05,,,,,1884.6600341796875,2733730000,79.83232116699219,1300900,78.53997802734375,1261100,80.87604522705078,8043000
2014-05-06,,,,,1867.719970703125,3327260000,79.0964584350586,1335400,78.59785461425781,786800,81.2009506225586,6522600
2014-05-07,,,,,1878.2099609375,3632950000,79.4643783569336,1644100,78.59785461425781,664900,80.91217803955078,8199200
2014-05-08,,,,,1875.6300048828125,3393420000,79.25183868408203,1863500,78.64844512939453,2023400,80.56561279296875,10878800
2014-05-09,,,,,1878.47998046875,3025020000,79.44800567626953,1637500,78.57615661621094,812800,80.30575561523438,6000600
2014-05-12,,,,,1896.6500244140625,3005740000,80.3473892211914,1847400,78.51104736328125,472900,79.98091888427734,4563800
2014-05-13,,,,,1897.449951171875,2915680000,80.29832458496094,1526600,78.64119720458984,577500,80.6739273071289,5501000
2014-05-14,,,,,1888.530029296875,2822060000,79.85681915283203,1387500,78.86530303955078,1321600,81.54739379882812,8851400
2014-05-15,,,,,1870.8499755859375,3552640000,79.1209716796875,2149200,79.0315933227539,2408900,82.19718170166016,12627900
2014-05-16,,,,,1877.8599853515625,3173650000,79.45620727539062,1149800,78.94483947753906,558700,81.96611785888672,5019200
2014-05-19,,,,,1885.0799560546875,2664250000,79.82413482666016,1209700,78.91595458984375,945900,81.35973358154297,7403300
2014-05-20,,,,,1872.8299560546875,3007700000,79.22724151611328,1858800,78.95208740234375,1102200,81.54020690917969,6549800
2014-05-21,,,,,1888.030029296875,2777140000,79.84046936035156,1286400,78.92317199707031,804400,81.04206848144531,8224600
2014-05-22,,,,,1892.489990234375,2759800000,80.11026763916016,962400,78.88697814941406,633900,80.92655181884766,6495700
2014-05-23,,,,,1900.530029296875,2396280000,80.52725982666016,1171900,78.966552734375,435500,81.35973358154297,3835000
2014-05-27,,,,,1911.9100341796875,2911020000,81.0587158203125,1458800,79.03887176513672,762600,81.83619689941406,6658300
2014-05-28,,,,,1909.780029296875,2976450000,80.96881103515625,1383000,79.25569152832031,692300,82.84685516357422,10361000
2014-05-29,,,,,1920.030029296875,2709050000,81.40210723876953,1320000,79.21229553222656,981400,82.40654754638672,10692000
2014-05-30,,,,,1923.5699462890625,3263490000,81.41850280761719,1444700,79.28465270996094,5554700,82.37045288085938,6518900
2014-06-02,,,,,1924.969970703125,2509020000,81.51658630371094,2762600,79.0434341430664,2822900,81.75810241699219,11728200
2014-06-03,,,,,1924.239990234375,2867180000,81.48387908935547,942000,78.83333587646484,864600,80.7520751953125,12694100
2014-06-04,,,,,1927.8800048828125,2793920000,81.65556335449219,1754100,78.80440521240234,1445700,80.73033142089844,7882000
2014-06-05,,,,,1940.4599609375,3113270000,82.31787872314453,1797400,78.9057846069336,643500,80.76654052734375,6915600
2014-06-06,,,,,1949.43994140625,2864300000,82.7430191040039,1929400,78.86235809326172,839500,80.76654052734375,7832800
2014-06-09,,,,,1951.27001953125,2812180000,82.88200378417969,1683400,78.7899169921875,1133400,80.65070343017578,5162800
2014-06-10,,,,,1950.7900390625,2702360000,82.86563873291016,1569800,78.67405700683594,823300,80.35394287109375,5986000
2014-06-11,,,,,1943.8900146484375,2710620000,82.58768463134766,2068800,78.73197937011719,1171200,80.49874877929688,5569700
2014-06-12,,,,,1930.1099853515625,3040480000,81.99897766113281,2197400,78.88410949707031,1224200,81.21527862548828,9775900
2014-06-13,,,,,1936.1600341796875,2598230000,82.26879119873047,2099300,78.86235809326172,1040900,81.17180633544922,5412500
2014-06-16,,,,,1937.780029296875,2926130000,82.33423614501953,2778000,78.81889343261719,1308900,81.37449645996094,5184600
2014-06-17,,,,,1941.989990234375,2971260000,82.62854766845703,1089700,78.67405700683594,842300,80.73033142089844,6668800
2014-06-18,,,,,1956.97998046875,3065220000,83.24176788330078,1326200,78.88410949707031,504400,81.3528060913086,11256500
2014-06-19,,,,,1959.47998046875,2952150000,83.33990478515625,2130700,78.76817321777344,690000,80.31057739257812,14215500
2014-06-20,,,,,1962.8699951171875,4336240000,83.53611755371094,1952800,78.9057846069336,690600,80.91854095458984,7319100
2014-06-23,,,,,1962.6099853515625,2717630000,83.51154327392578,1308600,78.83333587646484,559700,80.66519165039062,5821700
2014-06-24,,,,,1949.97998046875,3089700000,82.9286880493164,1613400,78.9709701538086,740800,81.4830551147461,9698300
2014-06-25,,,,,1959.530029296875,3106710000,83.34737396240234,1379200,79.07964324951172,713700,81.69296264648438,5699300
2014-06-26,,,,,1957.219970703125,2778840000,83.29814147949219,1423900,79.23179626464844,673700,82.08379364013672,6628900
2014-06-27,,,,,1960.9599609375,4290590000,83.519775390625,1378800,79.23179626464844,668200,81.96076965332031,7216500
2014-06-30,,,,,1960.22998046875,3037350000,83.5526351928711,1600800,79.23899841308594,1046900,82.16340637207031,5593100
2014-07-01,,,,,1973.3199462890625,3188240000,84.15194702148438,1818500,79.14176940917969,1038500,81.4754638671875,8019200
2014-07-02,,,,,1974.6199951171875,2851480000,84.1026840209961,1504300,78.86602020263672,1381400,80.6047134399414,9382500
2014-07-03,,,,,1985.43994140625,1998090000,84.54603576660156,987100,78.81526184082031,634500,80.314453125,6173900
2014-07-07,,,,,1977.6500244140625,2681260000,84.1026840209961,2198400,78.83702850341797,1253300,80.9021987915039,5928900
2014-07-08,,,,,1963.7099609375,3302430000,83.4623031616211,2130100,78.99662780761719,2024000,81.80929565429688,6352100
2014-07-09,,,,,1972.8299560546875,2858800000,83.82354736328125,1866600,79.06198120117188,785500,81.87460327148438,6395200
2014-07-10,,,,,1964.6800537109375,3165690000,83.4541015625,1564100,79.0982894897461,791500,81.8963394165039,7196900
2014-07-11,,,,,1967.5699462890625,2684630000,83.52800750732422,1252800,79.20709228515625,606800,82.4188232421875,4676500
2014-07-14,,,,,1977.0999755859375,2744920000,83.9302978515625,1060300,79.14176940917969,710400,82.06327056884766,4743300
2014-07-15,,,,,1973.280029296875,3328740000,83.71685028076172,2591200,79.04020690917969,660200,81.8963394165039,7720000
2014-07-16,,,,,1981.5699462890625,3390950000,83.9302978515625,1933100,79.10546112060547,725600,82.331787109375,4615800
2014-07-17,,,,,1958.1199951171875,3381680000,82.96151733398438,1980400,79.33770751953125,1158400,83.36944580078125,10901000
2014-07-18,,,,,1978.219970703125,3106060000,83.85635375976562,996200,79.25057220458984,543600,83.1009521484375,6677900
2014-07-21,,,,,1973.6300048828125,2611160000,83.65935516357422,1434700,79.27964782714844,585700,83.51454162597656,5724100
2014-07-22,,,,,1983.530029296875,2890480000,84.08628845214844,1198300,79.41024780273438,724700,83.6886978149414,5753200
2014-07-23,,,,,1987.010009765625,2869720000,84.28334045410156,736500,79.42474365234375,711800,83.5798568725586,3489600
2014-07-24,,,,,1987.97998046875,3203530000,84.29972839355469,926000,79.17803955078125,853400,82.95581817626953,6609000
2014-07-25,,,,,1978.3399658203125,2638960000,83.85635375976562,1139700,79.3304443359375,506200,83.93546295166016,7041800
2014-07-28,,,,,1978.9100341796875,2803320000,83.83177185058594,1189400,79.34493255615234,673000,83.81932830810547,5138300
2014-07-29,,,,,1969.949951171875,3183300000,83.52800750732422,1090900,79.42474365234375,2977100,84.12409973144531,6579300
2014-07-30,,,,,1970.0699462890625,3448250000,83.58547973632812,1552900,79.14176940917969,1245000,82.95581817626953,12251200
2014-07-31,,,,,1930.6700439453125,4193000000,81.88602447509766,2938500,79.04020690917969,1066400,82.7090835571289,18254000
2014-08-01,,,,,1925.1500244140625,3789660000,81.68075561523438,5157300,79.33821868896484,1064400,83.34932708740234,14951200
2014-08-04,,,,,1938.989990234375,3072920000,82.2390365600586,3320100,79.32367706298828,1496900,83.13108825683594,5183800
2014-08-05,,,,,1920.2099609375,3462520000,81.51655578613281,2855200,79.32367706298828,1875100,83.40025329589844,8032000
2014-08-06,,,,,1920.239990234375,3539150000,81.5329818725586,1763200,79.33097076416016,708800,83.4511947631836,7289200
2014-08-07,,,,,1909.5699462890625,3230520000,81.10607147216797,3313500,79.48365020751953,1246500,84.22967529296875,9745500
2014-08-08,,,,,1931.5899658203125,2902280000,82.04200744628906,1566700,79.51272583007812,1339200,84.04781341552734,9536700
2014-08-11,,,,,1936.9200439453125,2784890000,82.3375473022461,1979500,79.51993560791016,1632900,84.04053497314453,6668800
2014-08-12,,,,,1933.75,2611700000,82.18980407714844,1375300,79.48365020751953,876000,83.49486541748047,8122400
2014-08-13,,,,,1946.719970703125,2718020000,82.77269744873047,1208200,79.64353942871094,3471700,84.04053497314453,8210500
2014-08-14,,,,,1955.1800537109375,2609460000,83.1339340209961,1850400,79.68717193603516,1072900,84.71717834472656,9028200
2014-08-15,,,,,1955.06005859375,3023380000,83.14215087890625,3760300,79.88347625732422,2593200,85.64117431640625,17606700
2014-08-18,,,,,1971.739990234375,2638160000,83.8892593383789,2718600,79.71627044677734,1424400,84.78987884521484,7595300
2014-08-19,,,,,1981.5999755859375,2656430000,84.3079605102539,1896800,79.60723114013672,1820700,84.52799224853516,5936900
2014-08-20,,,,,1986.510009765625,2579560000,84.5049819946289,2929800,79.51993560791016,929500,84.38977813720703,7275600
2014-08-21,,,,,1992.3699951171875,2638920000,84.6938247680664,1591300,79.65809631347656,775600,84.86268615722656,6790700
2014-08-22,,,,,1988.4000244140625,2301860000,84.57066345214844,1746400,79.64353942871094,801900,85.33558654785156,10149900
2014-08-25,,,,,1997.9200439453125,2233880000,85.01398468017578,1216700,79.70897674560547,3473800,85.65570068359375,5760700
2014-08-26,,,,,2000.02001953125,2451950000,85.17002868652344,1464800,79.71627044677734,543400,85.37926483154297,5487600
2014-08-27,,,,,2000.1199951171875,2344350000,85.12074279785156,1154500,79.81800842285156,866100,86.10679626464844,7265800
2014-08-28,,,,,1996.739990234375,2282400000,85.03042602539062,1429300,79.97797393798828,1123700,86.55791473388672,9463600
2014-08-29,,,,,2003.3699951171875,2259130000,85.2849349975586,1737000,79.94886016845703,1473300,86.6160659790039,8512900
2014-09-02,,,,,2002.280029296875,2819980000,85.35061645507812,1738200,79.70487976074219,1029300,85.12191772460938,10506000
2014-09-03,,,,,2000.719970703125,2809980000,85.26031494140625,1523900,79.79228973388672,1311700,85.59590148925781,6553900
2014-09-04,,,,,1997.6500244140625,3072410000,85.07970428466797,1591200,79.69034576416016,1308900,84.55314636230469,12528900
2014-09-05,,,,,2007.7099609375,2818300000,85.4737777709961,1490400,79.64665985107422,798500,84.3927230834961,6886000
2014-09-08,,,,,2001.5400390625,2789090000,85.30133819580078,1416200,79.56653594970703,895300,84.42916107177734,9326400
2014-09-09,,,,,1988.43994140625,2882830000,84.70203399658203,1296100,79.45729064941406,689500,84.36351776123047,5353100
2014-09-10,,,,,1995.68994140625,2912430000,85.02220916748047,1290900,79.34805297851562,974400,83.8311996459961,8729400
2014-09-11,,,,,1997.449951171875,2941690000,85.17821502685547,1617300,79.2679443359375,753500,83.55408477783203,9274800
2014-09-12,,,,,1985.5400390625,3206570000,84.62814331054688,2477200,79.10775756835938,1327600,82.67903900146484,11114900
2014-09-15,,,,,1984.1300048828125,2776530000,84.40645599365234,3846200,79.09319305419922,1210800,82.80303192138672,5510700
2014-09-16,,,,,1998.97998046875,3160310000,85.00579833984375,1242500,79.09319305419922,851000,82.4675521850586,9304700
2014-09-17,457.3340148925781,21056800.0,,,2001.5699462890625,3209420000,85.0960922241211,2085200,79.00577545166016,707200,82.2560806274414,12917000
2014-09-18,424.44000244140625,34483200.0,,,2011.3599853515625,3235340000,85.53121185302734,1829200,79.01310729980469,707600,82.51860809326172,7031200
2014-09-19,394.7959899902344,37919700.0,,,2010.4000244140625,4880220000,85.3670425415039,1933000,79.1441879272461,929900,83.56869506835938,13236900
2014-09-22,402.1520080566406,24127600.0,,,1994.2900390625,3349670000,84.57890319824219,2333100,79.25338745117188,592400,83.67076873779297,6617200
2014-09-23,435.7909851074219,45099500.0,,,1982.77001953125,3279350000,84.03702545166016,1965300,79.32623291015625,705200,84.18849182128906,6362400
2014-09-24,423.2049865722656,30627700.0,,,1998.300048828125,3313850000,84.69270324707031,2364300,79.2752685546875,836700,83.72178649902344,5223300
2014-09-25,411.5740051269531,26814400.0,,,1965.989990234375,3273050000,83.3648452758789,3000900,79.42819213867188,1161900,84.71356201171875,8947800
2014-09-26,404.42498779296875,21460800.0,,,1982.8499755859375,2929440000,84.04113006591797,2227400,79.42090606689453,1729500,84.58961486816406,7799600
2014-09-29,375.4670104980469,32497700.0,,,1977.800048828125,3094440000,83.8926773071289,2827800,79.50834655761719,7243700,85.26774597167969,6791800
2014-09-30,386.9440002441406,34707300.0,,,1972.2900390625,3951100000,83.49681854248047,2140500,79.45729064941406,2335400,84.78648376464844,7277500
2014-10-01,383.614990234375,26229400.0,,,1946.1600341796875,4188590000,82.3999252319336,3989800,79.90157318115234,6605200,86.43060302734375,17194900
2014-10-02,375.0719909667969,21777700.0,,,1946.1700439453125,4012510000,82.44114685058594,3237400,79.77024841308594,4826800,85.67762756347656,8251800
2014-10-03,359.5119934082031,30901200.0,,,1967.9000244140625,3560970000,83.3648452758789,2303800,79.73374938964844,2928900,86.04314422607422,8561500
2014-10-06,330.0790100097656,79011800.0,,,1964.8199462890625,3358220000,83.19991302490234,1758800,79.80677032470703,2145800,86.09428405761719,4485500
2014-10-07,336.18701171875,49199900.0,,,1935.0999755859375,3687870000,81.91329956054688,2152000,80.11310577392578,2328400,87.25667572021484,8837700
2014-10-08,352.94000244140625,54736300.0,,,1968.8900146484375,4441890000,83.27413177490234,3455700,80.33926391601562,2477900,87.27860260009766,9391300
2014-10-09,365.0260009765625,83641104.0,,,1928.2099609375,4344020000,81.55865478515625,3022400,80.17876434326172,1502800,86.8984603881836,10291700
2014-10-10,361.56201171875,43665700.0,,,1906.1300048828125,4550540000,80.54425048828125,3784900,80.23713684082031,1734400,87.7610855102539,8774400
2014-10-13,390.41400146484375,35221400.0,,,1874.739990234375,4352580000,79.25765991210938,5352300,80.4705810546875,1098500,88.29470825195312,6450700
2014-10-14,400.8699951171875,38491500.0,,,1877.699951171875,4812010000,79.50504302978516,3914100,80.65292358398438,3518500,88.87225341796875,11285400
2014-10-15,394.77301025390625,25267100.0,,,1862.489990234375,6090800000,79.05970001220703,8265900,80.798828125,2275400,89.57405090332031,37407500
2014-10-16,382.5559997558594,26990000.0,,,1862.760009765625,5073150000,79.23291015625,6327700,80.73316192626953,1792900,89.00382232666016,18096600
2014-10-17,383.75799560546875,13600700.0,,,1886.760009765625,4482120000,80.0988998413086,3855100,80.62374877929688,2065800,88.50675201416016,8524300
2014-10-20,382.8450012207031,16419000.0,,,1904.010009765625,3331210000,80.89888000488281,2487500,80.7186050415039,1518300,88.82843017578125,7742500
2014-10-21,386.4750061035156,14188900.0,,,1941.280029296875,3987090000,82.4988784790039,4004400,80.64564514160156,2625000,88.1192855834961,9754700
2014-10-22,383.1579895019531,11641300.0,,,1927.1099853515625,3761930000,81.85557556152344,3905800,80.60189819335938,3179200,88.21434783935547,9260200
2014-10-23,358.4169921875,26456900.0,,,1950.8199462890625,3789250000,82.84528350830078,4211600,80.41219329833984,1863100,87.43211364746094,10936300
2014-10-24,358.3450012207031,15585700.0,,,1964.5799560546875,3078380000,83.42259216308594,2899600,80.44144439697266,1188900,87.51985931396484,5704900
2014-10-27,352.989013671875,13033000.0,,,1961.6300048828125,3538860000,83.3071517944336,2585900,80.4705810546875,1073100,87.68064880371094,3391900
2014-10-28,357.6180114746094,7845880.0,,,1985.050048828125,3653260000,84.3875503540039,2847500,80.34656524658203,1128600,87.13241577148438,5141300
2014-10-29,335.59100341796875,18192700.0,,,1982.300048828125,3740350000,84.26383209228516,2621200,80.17149353027344,1591000,87.32976531982422,9105100
2014-10-30,345.30499267578125,30177900.0,,,1994.6500244140625,3586150000,84.78340911865234,2593400,80.30280303955078,2479500,87.40284729003906,7024400
2014-10-31,338.3210144042969,12545400.0,,,2018.050048828125,4292290000,85.78959655761719,3276300,80.30280303955078,3145100,87.1762466430664,6664200
2014-11-03,327.5539855957031,12948500.0,,,2017.81005859375,3555440000,85.83906555175781,3672500,80.15080261230469,2282400,87.17623901367188,9726600
2014-11-04,330.49200439453125,15655500.0,,,2012.0999755859375,3956260000,85.52568054199219,2584200,80.1581039428711,2346300,87.44741821289062,3664800
2014-11-05,339.4859924316406,19817200.0,,,2023.5699462890625,3766590000,85.9298095703125,2580400,80.18733978271484,2699600,87.32280731201172,4799600
2014-11-06,349.2900085449219,18797000.0,,,2031.2099609375,3669770000,86.35040283203125,2096200,80.04845428466797,1391400,86.758544921875,5901900
2014-11-07,342.4150085449219,16834200.0,,,2031.9200439453125,3704280000,86.41641235351562,1746300,80.31884002685547,1661400,87.75515747070312,8550500
2014-11-10,366.92401123046875,30450100.0,,,2038.260009765625,3284940000,86.68029022216797,2923500,80.12892150878906,846900,86.9490737915039,4787300
2014-11-11,367.69500732421875,15838900.0,,,2039.6800537109375,2958320000,86.76278686523438,1178000,80.16539764404297,1138500,87.00773620605469,2416500
2014-11-12,423.5610046386719,45783200.0,,,2038.25,3246650000,86.74629211425781,1089800,80.17271423339844,1123700,86.93438720703125,4040800
2014-11-13,420.7349853515625,58945000.0,,,2039.3299560546875,3455270000,86.72978210449219,1671100,80.20925903320312,860800,87.13958740234375,4475900
2014-11-14,397.8179931640625,29589200.0,,,2039.8199462890625,3227130000,86.73806762695312,2173900,80.28231048583984,1073000,87.56462097167969,5191200
2014-11-17,387.4079895019531,41518800.0,,,2041.3199462890625,3152890000,86.72978210449219,1449600,80.18733978271484,1403000,87.34481048583984,4726200
2014-11-18,375.197998046875,32222500.0,,,2051.800048828125,3416190000,87.24114227294922,1486000,80.26043701171875,1318400,87.58659362792969,4471200
2014-11-19,380.55499267578125,18931800.0,,,2048.719970703125,3390850000,87.01846313476562,1771200,80.07038116455078,1361800,87.0296859741211,5792500
2014-11-20,357.8399963378906,25233200.0,,,2052.75,3128290000,87.26589965820312,1502500,80.21660614013672,1155800,87.48401641845703,5683600
2014-11-21,350.8479919433594,29850100.0,,,2063.5,3916420000,87.72774505615234,3435600,80.31155395507812,1295000,88.01166534423828,3640100
2014-11-24,376.9010009765625,30930100.0,,,2069.409912109375,3128060000,88.04936981201172,3990900,80.34077453613281,1355100,88.08496856689453,4033900
2014-11-25,375.3479919433594,25442200.0,,,2067.030029296875,3392940000,88.03289031982422,2310700,80.5162124633789,3187700,88.8177490234375,6770000
2014-11-26,368.3699951171875,18601700.0,,,2072.830078125,2745260000,88.23082733154297,1178300,80.58196258544922,1205700,89.05956268310547,4339100
2014-11-28,376.4469909667969,22946500.0,,,2067.56005859375,2504640000,87.91744232177734,944100,80.8303451538086,2072800,89.76309204101562,4562200
2014-12-01,379.2449951171875,11763000.0,,,2053.43994140625,4159010000,87.1751708984375,2754700,80.64872741699219,2811700,89.23938751220703,7728600
2014-12-02,381.31500244140625,12364100.0,,,2066.550048828125,3686650000,87.719482421875,2450900,80.48759460449219,1469400,88.37274169921875,5757200
2014-12-03,375.010009765625,13340100.0,,,2074.330078125,3612680000,88.11538696289062,3299500,80.41427612304688,1998000,88.71791076660156,4868600
2014-12-04,369.60400390625,14529600.0,,,2071.919921875,3408340000,88.0081558227539,2417600,80.65605163574219,3001700,89.4597396850586,4250500
2014-12-05,376.85400390625,15181800.0,,,2075.3701171875,3419620000,88.20609283447266,3314700,80.31169128417969,3477700,88.93824005126953,8030700
2014-12-08,361.90899658203125,18898700.0,,,2060.31005859375,3800990000,87.57926940917969,2070200,80.50953674316406,984100,90.02531433105469,6021800
2014-12-09,352.218994140625,32915500.0,,,2059.820068359375,3970150000,87.6287612915039,3044100,80.63404846191406,1203000,90.48804473876953,6639700
2014-12-10,346.364990234375,16427700.0,,,2026.1400146484375,4114440000,86.19373321533203,3507300,80.77323913574219,1208000,91.14910888671875,6439200
2014-12-11,350.5060119628906,32431300.0,,,2035.3299560546875,3917950000,86.5895767211914,3340100,80.74394226074219,1447700,91.52362823486328,7863500
2014-12-12,352.5419921875,16989800.0,,,2002.3299560546875,4157650000,85.22876739501953,3956600,81.0003662109375,1714100,92.76490020751953,9317400
2014-12-15,345.3450012207031,17264200.0,,,1989.6300048828125,4361990000,84.61021423339844,4328100,80.78059387207031,2540700,92.57393646240234,9387400
2014-12-16,327.06201171875,30864900.0,,,1972.739990234375,4958680000,83.98339080810547,7528300,80.97836303710938,1411700,93.71973419189453,7426400
2014-12-17,319.7760009765625,37567900.0,,,2012.8900146484375,4942370000,85.7813491821289,4949000,80.87580871582031,2167500,92.8751220703125,11558800
2014-12-18,311.39599609375,39173000.0,,,2061.22998046875,4703380000,87.81018829345703,6384400,80.66338348388672,1865800,91.2225112915039,12758200
2014-12-19,317.8429870605469,23823100.0,,,2070.64990234375,6465530000,88.173095703125,3575600,80.7952880859375,1865000,92.4490966796875,7894500
2014-12-22,331.885986328125,22315100.0,,,2078.5400390625,3369520000,88.52217102050781,5630200,80.91979217529297,3827800,92.57393646240234,4118800
2014-12-23,334.5719909667969,16574200.0,,,2082.169921875,3043950000,88.72110748291016,4050500,80.54615020751953,2790800,90.7377700805664,7406100
2014-12-24,322.53399658203125,15092300.0,,,2081.8798828125,1416980000,88.74600982666016,1702600,80.63362121582031,922100,91.23165893554688,4871400
2014-12-26,327.92401123046875,16410500.0,,,2088.77001953125,1735230000,89.01131439208984,3293500,80.67036437988281,1124900,91.57025909423828,2921300
2014-12-29,312.6700134277344,12302500.0,,,2090.570068359375,2452360000,89.2020263671875,3746700,80.83941650390625,2199200,92.25477600097656,4070700
2014-12-30,310.73699951171875,12528300.0,,,2080.35009765625,2440280000,88.76258087158203,4473000,80.92767333984375,2069600,92.5049819946289,4372600
2014-12-31,320.1929931640625,13942900.0,,,2058.89990234375,2606070000,87.88375854492188,2224400,80.94969940185547,2493900,92.68165588378906,4993300
2015-01-02,315.0320129394531,7860650.0,,,2058.199951171875,2708700000,87.81737518310547,5298300,81.17760467529297,2090200,93.71205139160156,9432000
2015-01-05,274.4739990234375,43962800.0,,,2020.5799560546875,3799120000,86.30845642089844,5383500,81.35403442382812,3446200,95.18415832519531,9789500
2015-01-06,286.1889953613281,23245700.0,,,2002.6099853515625,4460110000,85.46280670166016,4226100,81.5598373413086,3688100,96.89911651611328,18331300
2015-01-07,294.3370056152344,24866800.0,,,2025.9000244140625,3805480000,86.48258972167969,3661500,81.54515075683594,3984400,96.70777893066406,9762900
2015-01-08,283.3489990234375,19982500.0,,,2062.139892578125,3934010000,88.00811767578125,2796200,81.42015838623047,2212200,95.42705535888672,8055300
2015-01-09,290.4079895019531,18718600.0,,,2044.81005859375,3364140000,87.27850341796875,3272500,81.61863708496094,1322600,96.47221374511719,9398800
2015-01-12,267.7959899902344,18880300.0,,,2028.260009765625,3456460000,86.65668487548828,3705900,81.68480682373047,2185700,97.02422332763672,6658100
2015-01-13,225.86099243164062,72843904.0,,,2023.030029296875,4107300000,86.45768737792969,2936200,81.7068862915039,5537000,97.02422332763672,8260800
2015-01-14,178.10299682617188,97638704.0,,,2011.27001953125,4378680000,85.98511505126953,3291600,81.90535736083984,3043600,97.76025390625,12324500
2015-01-15,209.843994140625,81773504.0,,,1992.6700439453125,4276720000,85.11458587646484,5615200,82.28025817871094,2084000,99.29861450195312,11454200
2015-01-16,208.0970001220703,38421000.0,,,2019.4200439453125,4056410000,86.24215698242188,2768900,81.96416473388672,2744500,98.0325927734375,9390500
2015-01-20,211.31500244140625,24051100.0,,,2022.550048828125,3944340000,86.3664779663086,3186900,82.1038589477539,2059400,99.33537292480469,7758700
2015-01-21,226.89700317382812,29924600.0,,,2032.1199951171875,3730070000,86.75617218017578,3119400,81.956787109375,2020200,98.18717956542969,9803900
2015-01-22,233.406005859375,33544600.0,,,2063.14990234375,4176050000,88.07441711425781,3583500,81.91273498535156,2030400,97.83390045166016,10200000
2015-01-23,232.87899780273438,24621700.0,,,2051.820068359375,3573560000,87.67644500732422,4571900,82.11854553222656,1535000,99.1955337524414,7334600
2015-01-26,273.4729919433594,106794000.0,,,2057.090087890625,3465760000,88.04127502441406,4106500,82.081787109375,2705200,98.8937759399414,5966500
2015-01-27,263.4750061035156,44399000.0,,,2029.550048828125,3329810000,87.0132064819336,2709300,82.03763580322266,1635900,99.04833221435547,8079600
2015-01-28,233.9149932861328,44352200.0,,,2002.1600341796875,4067530000,85.83588409423828,2830400,82.38314056396484,1327800,100.6676025390625,12230300
2015-01-29,233.51300048828125,32213400.0,,,2021.25,4127140000,86.65668487548828,2607200,82.3170394897461,1752600,100.00517272949219,8881400
2015-01-30,226.4250030517578,26605200.0,,,1994.989990234375,4568650000,85.4793472290039,4486900,82.61101531982422,6252800,101.77901458740234,14871200
2015-02-02,238.22900390625,30612100.0,,,2020.8499755859375,4008330000,86.44112396240234,4083200,82.60811614990234,2792100,101.394775390625,13689900
2015-02-03,227.26800537109375,40783700.0,,,2050.030029296875,4615900000,87.76768493652344,3322000,82.2915267944336,1815400,99.24860382080078,14008700
2015-02-04,226.85299682617188,26594300.0,,,2041.510009765625,4141920000,87.4609146118164,3141700,82.41667938232422,1953000,99.4181900024414,11360400
2015-02-05,217.11099243164062,22516400.0,,,2062.52001953125,3821990000,88.4226303100586,3163500,82.24736785888672,2409600,98.32672882080078,8334600
2015-02-06,222.26600646972656,24435300.0,,,2055.469970703125,4232970000,88.15733337402344,2844500,81.768798828125,2531300,96.58612060546875,13685600
2015-02-09,220.11000061035156,27791300.0,,,2046.739990234375,3549540000,87.7179183959961,1773800,81.7540512084961,1724900,96.43120574951172,8025500
2015-02-10,219.83900451660156,21115100.0,,,2068.590087890625,3669850000,88.61331939697266,1866300,81.6656723022461,1272500,95.66419982910156,8290700
2015-02-11,219.18499755859375,17201900.0,,,2068.530029296875,3596860000,88.65479278564453,2184600,81.62889862060547,1803400,95.84119415283203,6506400
2015-02-12,221.76400756835938,15206200.0,,,2088.47998046875,3788350000,89.50875854492188,4443400,81.64360046386719,2123700,95.52413940429688,12548300
2015-02-13,235.427001953125,42744400.0,,,2096.989990234375,3527450000,89.93160247802734,3147700,81.54786682128906,1706200,94.543212890625,8325200
2015-02-17,243.61000061035156,27363100.0,,,2100.340087890625,3361750000,90.07254791259766,4147000,81.216552734375,2043000,93.11972045898438,14968800
2015-02-18,236.3260040283203,25200800.0,,,2099.679931640625,3370020000,90.12232208251953,2542600,81.44479370117188,1442400,93.67286682128906,14009200
2015-02-19,240.2830047607422,18270500.0,,,2097.449951171875,3247100000,90.09742736816406,2349000,81.37852478027344,1443000,93.05340576171875,8584800
2015-02-20,243.7790069580078,23876700.0,,,2110.300048828125,3281600000,90.6031723022461,2402600,81.39324951171875,2280700,93.32625579833984,12502500
2015-02-23,238.89199829101562,16400000.0,,,2109.659912109375,3093680000,90.59487915039062,3034000,81.54053497314453,1688200,94.39570617675781,7500500
2015-02-24,238.73500061035156,14200400.0,,,2115.47998046875,3199840000,90.80213928222656,2856500,81.90129852294922,1736700,95.63469696044922,11958300
2015-02-25,237.47000122070312,11496200.0,,,2113.860107421875,3312340000,90.76898956298828,2652100,81.96019744873047,2319300,96.04773712158203,8019800
2015-02-26,236.42599487304688,13619400.0,,,2110.739990234375,3408690000,90.71095275878906,1742000,81.6656723022461,1837300,94.73493194580078,11020500
2015-02-27,253.8280029296875,44013900.0,,,2104.5,3547380000,90.3875961303711,1825400,81.87184143066406,3816400,95.53147888183594,9225100
2015-03-02,275.6700134277344,40465700.0,,,2117.389892578125,3409490000,90.9430923461914,2681100,81.45587921142578,7881900,93.75202941894531,11324000
2015-03-03,281.7019958496094,50461300.0,,,2107.780029296875,3262300000,90.56998443603516,2615700,81.35261535644531,4228400,93.41210174560547,8599000
2015-03-04,273.0920104980469,41383000.0,,,2098.530029296875,3421110000,90.20521545410156,1949900,81.39690399169922,1477100,93.44168853759766,6478900
2015-03-05,276.1780090332031,41302400.0,,,2101.0400390625,3103030000,90.34615325927734,1752500,81.43383026123047,1053000,93.32343292236328,6045000
2015-03-06,272.7229919433594,28918900.0,,,2071.260009765625,3853570000,89.0942153930664,2799000,80.90277099609375,1872900,91.26175689697266,20022900
2015-03-09,289.60699462890625,59178200.0,,,2079.429931640625,3349090000,89.42584991455078,1827900,81.1092758178711,2724700,92.10413360595703,8889100
2015-03-10,291.760009765625,67770800.0,,,2044.1600341796875,3668900000,88.06612396240234,3543800,81.30106353759766,1708100,93.31604766845703,9277900
2015-03-11,296.3789978027344,33963900.0,,,2040.239990234375,3406570000,87.99983215332031,3071300,81.46328735351562,1171600,93.99591827392578,6663100
2015-03-12,294.35400390625,32585200.0,,,2065.949951171875,3405860000,89.10250091552734,3907600,81.52965545654297,1416600,93.92940521240234,10295900
2015-03-13,285.3370056152344,31421500.0,,,2053.39990234375,3498560000,88.60505676269531,2073000,81.37477111816406,3235500,93.64120483398438,7247200
2015-03-16,290.5929870605469,21516100.0,,,2081.18994140625,3295600000,89.71603393554688,2706600,81.55180358886719,1305800,94.54273986816406,6374600
2015-03-17,285.5050048828125,21497200.0,,,2074.280029296875,3221840000,89.54193115234375,1754000,81.53704071044922,1423700,95.32600402832031,6314000
2015-03-18,256.29901123046875,57008000.0,,,2099.5,4128210000,90.56998443603516,3662900,82.13436126708984,1997800,97.16607666015625,13981900
2015-03-19,260.9280090332031,52732000.0,,,2089.27001953125,3305220000,90.24664306640625,3901300,81.84678649902344,1929700,96.67090606689453,9543800
2015-03-20,261.7489929199219,18456700.0,,,2108.10009765625,5554120000,91.00112915039062,1741100,82.09754180908203,3833600,97.18082427978516,5953800
2015-03-23,266.739990234375,22811900.0,,,2104.419921875,3267960000,90.8436050415039,2084200,82.11225128173828,1120900,97.06258392333984,5555500
2015-03-24,245.59500122070312,40073700.0,,,2091.5,3189820000,90.36275482177734,3398600,82.33351135253906,2647300,98.00113677978516,6713000
2015-03-25,246.19700622558594,35866900.0,,,2061.050048828125,3521140000,88.95335388183594,2817000,82.17868041992188,1612300,97.17344665527344,5635800
2015-03-26,248.53199768066406,25730000.0,,,2056.14990234375,3510670000,88.77840423583984,3164500,81.88361358642578,1377600,95.65857696533203,9536300
2015-03-27,247.0290069580078,17274900.0,,,2061.02001953125,3008550000,89.01998138427734,3298000,82.0016860961914,5610200,96.84830474853516,7907900
2015-03-30,247.5260009765625,23009600.0,,,2086.239990234375,2917690000,90.15282440185547,1885800,82.03848266601562,1310700,96.36795043945312,7010600
2015-03-31,244.2239990234375,22672000.0,,,2067.889892578125,3376550000,89.33649444580078,2077100,82.17868041992188,2958100,96.57487487792969,6844300
2015-04-01,247.27200317382812,22877200.0,,,2059.68994140625,3543270000,89.16990661621094,11026400,82.44540405273438,1927300,97.84339141845703,9273900
2015-04-02,253.0050048828125,26272600.0,,,2066.9599609375,3095960000,89.4531021118164,2041200,82.33454895019531,1761700,96.806640625,6663400
2015-04-06,255.49200439453125,20034200.0,,,2080.6201171875,3302970000,90.06951904296875,2186600,82.38628387451172,1431000,96.26606750488281,5923800
2015-04-07,253.17999267578125,18467400.0,,,2076.330078125,3065510000,89.7696533203125,1983900,82.40106964111328,1415200,97.07329559326172,4764900
2015-04-08,245.02200317382812,30086400.0,,,2081.89990234375,3265330000,90.15282440185547,2454300,82.40845489501953,903000,97.10285186767578,5378900
2015-04-09,243.67599487304688,21643500.0,,,2091.179931640625,3172360000,90.46934509277344,2214200,82.20152282714844,1728500,95.84400939941406,6484200
2015-04-10,236.07200622558594,28882000.0,,,2102.06005859375,3156200000,90.89417266845703,2406100,82.20152282714844,2055600,95.98470306396484,4843000
2015-04-13,224.58700561523438,31181800.0,,,2092.429931640625,2908420000,90.53599548339844,3524800,82.29019927978516,951000,96.11798858642578,4010600
2015-04-14,219.15899658203125,31719000.0,,,2095.840087890625,3301270000,90.66927337646484,1460800,82.3788833618164,1157400,96.79927062988281,6075500
2015-04-15,223.83299255371094,22562000.0,,,2106.6298828125,4013760000,91.12738800048828,1512400,82.48970794677734,1296800,96.71781158447266,4425200
2015-04-16,228.572998046875,24805400.0,,,2104.989990234375,3434120000,91.08576202392578,1490200,82.44540405273438,1000800,96.23648834228516,7085500
2015-04-17,222.8820037841797,20429800.0,,,2081.179931640625,3627600000,90.02787780761719,2657000,82.51190948486328,1274300,97.33983612060547,7268800
2015-04-20,224.62600708007812,18364700.0,,,2100.39990234375,3000160000,90.76089477539062,2005000,82.4527816772461,1289400,96.48081970214844,4949400
2015-04-21,235.2689971923828,24978000.0,,,2097.2900390625,3243410000,90.73589324951172,3909900,82.36408996582031,1522700,96.0439453125,4563800
2015-04-22,234.17599487304688,23847900.0,,,2107.9599609375,3348480000,91.11906433105469,1469300,82.12030792236328,916400,94.57770538330078,9707600
2015-04-23,236.46200561523438,17036000.0,,,2112.929931640625,3636670000,91.40228271484375,2340700,82.24588775634766,1483900,94.98499298095703,6843400
2015-04-24,231.26800537109375,21448700.0,,,2117.68994140625,3375780000,91.50225830078125,1775100,82.38628387451172,837700,95.57743835449219,4773000
2015-04-27,229.28599548339844,38574000.0,,,2108.919921875,3438750000,91.02745056152344,1827800,82.41585540771484,1595600,95.57743835449219,4334900
2015-04-28,225.85499572753906,21469200.0,,,2114.760009765625,3546270000,91.26898956298828,2595000,82.09810638427734,1602000,94.25929260253906,7464300
2015-04-29,225.80799865722656,18936500.0,,,2106.85009765625,4074970000,90.86917114257812,2432000,81.91337585449219,1313200,93.10409545898438,11554800
2015-04-30,236.14500427246094,33818600.0,,,2085.510009765625,4509680000,89.88627624511719,3635900,81.91337585449219,3328600,93.26700592041016,12876000
2015-05-01,232.07899475097656,18815300.0,,,2108.2900390625,3379390000,90.7109146118164,3924700,81.68093872070312,1357200,92.01152038574219,12378500
2015-05-04,239.01800537109375,21223400.0,,,2114.489990234375,3091580000,91.02745056152344,1713300,81.52547454833984,1651900,91.14336395263672,9144700
2015-05-05,236.12100219726562,23929100.0,,,2089.4599609375,3793950000,89.9446029663086,1692700,81.45145416259766,1481200,91.0172119140625,13935500
2015-05-06,229.78199768066406,29587200.0,,,2080.14990234375,3792210000,89.69469451904297,3691700,81.17754364013672,1566000,89.45890045166016,14355000
2015-05-07,237.33399963378906,29064400.0,,,2088.0,3676640000,90.03621673583984,2363500,81.37745666503906,1986200,90.66100311279297,11933700
2015-05-08,243.86300659179688,27445500.0,,,2116.10009765625,3399440000,91.1690673828125,1796400,81.64390563964844,1933600,90.9058837890625,11716400
2015-05-11,242.1580047607422,20892300.0,,,2105.330078125,2992670000,90.785888671875,1656900,81.12574005126953,2984900,88.69463348388672,13738600
2015-05-12,241.11199951171875,19282600.0,,,2099.1201171875,3139520000,90.51930236816406,1657500,81.11837005615234,1394900,88.92467498779297,15861700
2015-05-13,236.3769989013672,27180100.0,,,2098.47998046875,3374260000,90.5693130493164,2424500,81.11093139648438,2441600,88.21232604980469,15760000
2015-05-14,236.9290008544922,24413700.0,,,2121.10009765625,3225740000,91.46891021728516,1579200,81.23680114746094,1796900,88.44976043701172,9128400
2015-05-15,237.60499572753906,16329400.0,,,2122.72998046875,3092080000,91.57720184326172,1862700,81.57728576660156,1047500,90.22321319580078,12630600
2015-05-18,233.1280059814453,16780300.0,,,2129.199951171875,2888190000,91.91874694824219,2769100,81.26634979248047,863900,88.70950317382812,10208300
2015-05-19,231.94700622558594,14241900.0,,,2127.830078125,3296030000,91.87710571289062,2845000,80.98509216308594,1664400,87.92295837402344,8435300
2015-05-20,234.01800537109375,15499400.0,,,2125.85009765625,3025880000,91.81878662109375,2478400,81.11093139648438,1584100,88.07135772705078,7789700
2015-05-21,235.343994140625,15108900.0,,,2130.820068359375,3070460000,92.05201721191406,1476400,81.36263275146484,2652600,89.3031234741211,11760700
2015-05-22,240.34800720214844,27003000.0,,,2126.06005859375,2571860000,91.87710571289062,1187900,81.2738265991211,1087000,89.34019470214844,5417900
2015-05-26,237.11599731445312,16425000.0,,,2104.199951171875,3342130000,90.91915130615234,2226700,81.4736328125,2775000,90.8687973022461,10469700
2015-05-27,237.2830047607422,18837000.0,,,2123.47998046875,3127960000,91.75215148925781,2562200,81.55506896972656,888700,91.07655334472656,6490300
2015-05-28,237.4080047607422,13829600.0,,,2120.7900390625,2980350000,91.6688232421875,2022400,81.52547454833984,1298900,90.85393524169922,6237600
2015-05-29,237.0959930419922,14805000.0,,,2107.389892578125,3927390000,91.05244445800781,1943200,81.55506896972656,2780300,91.05431365966797,7912000
2015-06-01,222.92599487304688,26090500.0,,,2111.72998046875,3011710000,91.27735137939453,2354900,81.32962799072266,4327300,90.07569122314453,13108100
2015-06-02,225.80299377441406,20459000.0,,,2109.60009765625,3049350000,91.2107162475586,1925300,81.01072692871094,1830400,88.81897735595703,10076200
2015-06-03,225.87399291992188,17752400.0,,,2114.070068359375,3099980000,91.5272216796875,1731100,80.69182586669922,3413100,87.39117431640625,14810900
2015-06-04,224.32400512695312,14728100.0,,,2095.840087890625,3200050000,90.79421997070312,1845800,80.86235809326172,1907900,88.52896118164062,10859300
2015-06-05,224.95199584960938,18056500.0,,,2092.830078125,3243690000,90.71923828125,3342700,80.50638580322266,1619000,87.4506607055664,11200200
2015-06-08,228.48899841308594,23378400.0,,,2079.280029296875,2917150000,90.1611557006836,2990700,80.62507629394531,1289700,87.35400390625,5334000
2015-06-09,229.04800415039062,28353100.0,,,2080.14990234375,3034580000,90.086181640625,2976500,80.39517211914062,1206700,86.66243743896484,12393900
2015-06-10,228.80299377441406,15904800.0,,,2105.199951171875,3414320000,91.18571472167969,1592600,80.19491577148438,1491200,85.90390014648438,12183600
2015-06-11,229.7050018310547,14416000.0,,,2108.860107421875,3128600000,91.44393157958984,1850500,80.62507629394531,1539600,87.71092987060547,13849300
2015-06-12,229.98199462890625,14017700.0,,,2094.110107421875,2719400000,90.84417724609375,1490900,80.5286636352539,1365900,87.71092987060547,7863100
2015-06-15,236.822998046875,19912100.0,,,2084.429931640625,3061570000,90.42769622802734,2865500,80.62507629394531,1666600,87.8522720336914,8194200
2015-06-16,250.89500427246094,41612000.0,,,2096.2900390625,2919900000,90.92749786376953,2604800,80.75859832763672,1309900,88.5438003540039,7046400
2015-06-17,249.28399658203125,43858400.0,,,2100.43994140625,3222240000,91.07743072509766,1911700,80.76602935791016,1895700,87.85967254638672,13626100
2015-06-18,249.0070037841797,30980200.0,,,2121.239990234375,3520360000,91.97704315185547,2496300,80.74372100830078,2917400,87.42835998535156,10123300
2015-06-19,244.6060028076172,23965300.0,,,2109.989990234375,4449810000,91.57720184326172,1735900,80.99589538574219,2048500,88.55127716064453,10439200
2015-06-22,246.99000549316406,17692500.0,,,2122.85009765625,3030020000,92.13531494140625,1864800,80.59536743164062,1173800,86.74420928955078,9769000
2015-06-23,244.29600524902344,15108700.0,,,2124.199951171875,3091190000,92.2269287109375,3080400,80.40998840332031,1339000,86.22370910644531,8945100
2015-06-24,240.51499938964844,17344900.0,,,2108.580078125,3102480000,91.5272216796875,4931200,80.53606414794922,1527800,86.9673080444336,8600400
2015-06-25,242.7989959716797,16133100.0,,,2102.31005859375,3214610000,91.24401092529297,2110800,80.44708251953125,1222000,86.66243743896484,8287800
2015-06-26,243.593994140625,13983500.0,,,2101.489990234375,5025470000,91.19214630126953,1503900,80.25423431396484,1054900,85.68827056884766,11673000
2015-06-29,257.0639953613281,34742900.0,,,2057.639892578125,3678960000,89.28484344482422,3642700,80.72893524169922,3278900,87.95635986328125,17132900
2015-06-30,263.0719909667969,44533800.0,,,2063.110107421875,4078540000,89.52741241455078,3394000,80.67697143554688,2159500,87.3465347290039,13469000
2015-07-01,258.6210021972656,27029800.0,,,2077.419921875,3727260000,90.11300659179688,12016300,80.4733657836914,6010300,86.16754150390625,12451500
2015-07-02,255.41200256347656,21551900.0,,,2076.780029296875,2996540000,89.99588775634766,3140000,80.58486938476562,994600,86.45077514648438,6682100
2015-07-06,269.0299987792969,49154800.0,,,2068.760009765625,3486360000,89.76165008544922,2570800,80.87466430664062,1108000,88.0531005859375,10605800
2015-07-07,266.2070007324219,28857600.0,,,2081.340087890625,4458660000,90.25520324707031,3329600,80.98613739013672,2502500,88.88028717041016,16160100
2015-07-08,270.7850036621094,36980200.0,,,2046.6800537109375,3608780000,88.74942779541016,2938900,81.17935943603516,2892900,89.64794158935547,9951800
2015-07-09,269.2279968261719,40301200.0,,,2051.31005859375,3446810000,88.9334716796875,3064800,80.88207244873047,1932800,87.8816909790039,11108900
2015-07-10,284.8940124511719,100390000.0,,,2076.6201171875,3065070000,90.01260375976562,3432400,80.54023742675781,2163700,86.48799896240234,13636600
2015-07-13,292.0539855957031,62053900.0,,,2099.60009765625,3096730000,91.03321075439453,2835300,80.42133331298828,1938300,86.2197265625,8006700
2015-07-14,287.4639892578125,28727200.0,,,2108.949951171875,3002120000,91.44310760498047,2292500,80.55512237548828,1441400,86.5029067993164,4227800
2015-07-15,285.8290100097656,27486600.0,,,2107.39990234375,3261810000,91.32598876953125,2555700,80.7706298828125,1781400,87.4195785522461,8720400
2015-07-16,278.0889892578125,49482600.0,,,2124.2900390625,3227080000,91.9617919921875,1314000,80.83747863769531,1294800,88.02325439453125,7306500
2015-07-17,279.47198486328125,27591400.0,,,2126.639892578125,3362750000,91.98686981201172,1295400,80.84494018554688,897600,88.47785186767578,7404900
2015-07-20,278.9809875488281,22711400.0,,,2128.280029296875,3245870000,91.99523162841797,1339000,80.70370483398438,1245100,88.105224609375,5941000
2015-07-21,275.8330078125,22930700.0,,,2119.2099609375,3343690000,91.59369659423828,1661000,80.83747863769531,1191500,88.5822525024414,5627500
2015-07-22,277.22198486328125,19389800.0,,,2114.14990234375,3694070000,91.45986938476562,1852400,80.87466430664062,1100000,89.13370513916016,6228900
2015-07-23,276.04901123046875,18531300.0,,,2102.14990234375,3772810000,90.93281555175781,1569500,81.10505676269531,1021400,90.244140625,9087700
2015-07-24,288.27801513671875,37199400.0,,,2079.64990234375,3870040000,89.97915649414062,2073500,81.09013366699219,1192500,90.46768951416016,7307900
2015-07-27,293.6239929199219,30592000.0,,,2067.639892578125,3836750000,89.38519287109375,2958400,81.19415283203125,2666000,90.95214080810547,8172000
2015-07-28,294.427001953125,25453600.0,,,2093.25,4117740000,90.44761657714844,2198600,81.11245727539062,1873200,90.28888702392578,9128200
2015-07-29,289.5899963378906,24672600.0,,,2108.570068359375,4038900000,91.06668090820312,1624200,81.0455551147461,2273500,89.95352172851562,6706400
2015-07-30,287.72198486328125,21635800.0,,,2108.6298828125,3579410000,91.14195251464844,1390400,81.05301666259766,1959000,90.64663696289062,6146600
2015-07-31,284.6499938964844,23629100.0,,,2103.840087890625,3681340000,91.04993438720703,2422700,81.3725357055664,2084300,91.31733703613281,9178400
2015-08-03,281.22698974609375,21474100.0,,,2098.0400390625,3476770000,90.72370147705078,2654600,81.45669555664062,2563900,92.27859497070312,11753700
2015-08-04,285.2179870605469,21908700.0,,,2093.320068359375,3546710000,90.5730972290039,1600000,81.21841430664062,1659900,91.54661560058594,6448800
2015-08-05,281.8819885253906,20128000.0,,,2099.840087890625,3968680000,90.87425231933594,1253600,81.06951904296875,2346600,90.85952758789062,7574400
2015-08-06,278.5769958496094,18792100.0,,,2083.56005859375,4246570000,90.12971496582031,1969500,81.16630554199219,1038100,91.6661148071289,6118100
2015-08-07,279.5849914550781,42484800.0,,,2077.570068359375,3602320000,89.87040710449219,3295100,81.30777740478516,2154700,92.8686294555664,8317000
2015-08-10,264.4700012207031,20979400.0,,,2104.179931640625,3514460000,90.99137115478516,1981300,81.20352935791016,1280200,91.71845245361328,7461700
2015-08-11,270.385986328125,25433900.0,,,2084.070068359375,3708880000,90.17156219482422,1833100,81.47157287597656,1537300,93.17486572265625,11145700
2015-08-12,266.3760070800781,26815400.0,,,2086.050048828125,4269130000,90.26355743408203,2611300,81.41944122314453,1563900,92.6669921875,8455200
2015-08-13,264.0799865722656,27685500.0,,,2083.389892578125,3221300000,90.13807678222656,3545400,81.24818420410156,1571700,92.36822509765625,7691400
2015-08-14,265.67999267578125,27091200.0,,,2091.5400390625,2795590000,90.48108673095703,1154500,81.21099090576172,1890500,92.58484649658203,4324700
2015-08-17,257.97601318359375,21617900.0,,,2102.43994140625,2867690000,91.05830383300781,1739100,81.3524169921875,1387100,93.00308990478516,7880300
2015-08-18,211.07899475097656,42147200.0,,,2096.919921875,2949990000,90.82406616210938,2695000,81.20352935791016,785400,92.27112579345703,5024300
2015-08-19,226.6840057373047,60869200.0,,,2079.610107421875,3512920000,90.01260375976562,2183200,81.45669555664062,2184900,93.18233489990234,10736000
2015-08-20,235.35000610351562,32275000.0,,,2035.72998046875,3922470000,88.05512237548828,4377900,81.583251953125,1075600,94.12342834472656,9078300
2015-08-21,232.56900024414062,23173800.0,,,1970.8900146484375,5018240000,85.52034759521484,9877600,81.72473907470703,2443400,94.4072036743164,10718300
2015-08-24,210.4949951171875,59220700.0,,,1893.2099609375,6612690000,82.08213806152344,18137000,81.69495391845703,5440200,94.37736511230469,16663400
2015-08-25,221.60899353027344,61089200.0,,,1867.6099853515625,5183560000,81.10334777832031,9215900,81.50137329101562,4070000,92.8611831665039,15354800
2015-08-26,225.83099365234375,31808000.0,,,1940.510009765625,5338250000,84.04801940917969,8299100,81.12163543701172,3994200,91.06863403320312,16429900
2015-08-27,224.7689971923828,21905400.0,,,1987.6600341796875,5006390000,86.08084106445312,8779300,81.23331451416016,4040500,91.12094116210938,9127000
2015-08-28,231.39599609375,31336600.0,,,1988.8699951171875,3949080000,86.14776611328125,5165600,81.15885162353516,4774600,91.38978576660156,9946200
2015-08-31,230.05599975585938,20710700.0,,,1972.1800537109375,3915100000,85.50360870361328,4526300,81.09925842285156,4145600,90.68771362304688,8617600
2015-09-01,228.12100219726562,20575200.0,,,1913.8499755859375,4371850000,82.99396514892578,9264700,81.33953094482422,3386000,91.3411636352539,15298200
2015-09-02,229.28399658203125,18760400.0,,,1948.8599853515625,3742620000,84.55833435058594,7681000,81.23506927490234,3442000,90.55525970458984,9515200
2015-09-03,227.18299865722656,17482000.0,,,1951.1300048828125,3520700000,84.6587142944336,5151300,81.3544692993164,1935100,90.9968490600586,7042500
2015-09-04,230.29800415039062,20962400.0,,,1921.219970703125,3167090000,83.45408630371094,4317800,81.52605438232422,1748100,91.82771301269531,7951300
2015-09-08,243.60699462890625,26879200.0,,,1969.4100341796875,3548650000,85.56218719482422,3342000,81.33209228515625,2130400,90.47289276123047,7049500
2015-09-09,238.16799926757812,23635700.0,,,1942.0400390625,3652120000,84.39100646972656,3691200,81.36190032958984,2891400,90.9070053100586,7441900
2015-09-10,238.4770050048828,21215500.0,,,1952.2900390625,3626320000,84.8260269165039,3696000,81.27236938476562,2564400,90.29324340820312,6789700
2015-09-11,240.10699462890625,19224700.0,,,1961.050048828125,3218590000,85.2108154296875,2007900,81.36933898925781,2001600,90.8620834350586,5890900
2015-09-14,230.6439971923828,20997800.0,,,1953.030029296875,3000200000,84.88457489013672,3711100,81.39176940917969,1543600,91.00434112548828,4221700
2015-09-15,230.3040008544922,19177800.0,,,1978.0899658203125,3239860000,85.9553451538086,2388300,81.02616119384766,1541200,89.2602767944336,11895000
2015-09-16,229.09100341796875,20144200.0,,,1995.31005859375,3630680000,86.68315887451172,2447500,80.95902252197266,1810100,88.92345428466797,6949800
2015-09-17,229.80999755859375,18935400.0,,,1990.199951171875,4183790000,86.56604766845703,4726600,81.46640014648438,1955400,90.00880432128906,19843600
2015-09-18,232.97500610351562,20242200.0,,,1958.030029296875,6021240000,85.194091796875,3271800,81.53353881835938,4510600,91.39356231689453,14963300
2015-09-21,227.0850067138672,19678800.0,,,1966.969970703125,3269350000,85.5370864868164,2680300,81.317138671875,2325800,89.90399169921875,10085600
2015-09-22,230.6179962158203,25009300.0,,,1942.739990234375,3808260000,84.39100646972656,3034000,81.51111602783203,2044800,91.15401458740234,9968200
2015-09-23,230.2830047607422,17254100.0,,,1938.760009765625,3190530000,84.22371673583984,1788900,81.44398498535156,1562100,91.14655303955078,6769900
2015-09-24,234.5290069580078,25097800.0,,,1932.239990234375,4091530000,83.92253112792969,3723400,81.54844665527344,2700000,91.76781463623047,9605800
2015-09-25,235.1439971923828,22363600.0,,,1931.3399658203125,3721870000,83.75269317626953,4937800,81.40668487548828,1225500,90.97441101074219,8383700
2015-09-28,239.14199829101562,24713000.0,,,1881.77001953125,4326660000,81.50773620605469,5606400,81.60066986083984,1884400,92.53128814697266,9833400
2015-09-29,236.68699645996094,22691300.0,,,1884.0899658203125,4132390000,81.49093627929688,4548600,81.72750091552734,1506800,92.7933349609375,9006100
2015-09-30,236.05999755859375,19743500.0,,,1920.030029296875,4525070000,83.00436401367188,3747800,81.75737762451172,3121600,92.47140502929688,9832600
2015-10-01,237.5489959716797,20488800.0,,,1923.8199462890625,3983600000,83.17254638671875,3808800,81.82086181640625,4274900,92.8659896850586,9069400
2015-10-02,237.29299926757812,19677900.0,,,1951.3599853515625,4378570000,84.38330078125,3654500,82.06755828857422,3553300,93.42848205566406,13000400
2015-10-05,240.38299560546875,23335900.0,,,1987.050048828125,4334490000,85.93878173828125,3405800,81.76107025146484,4604500,92.160888671875,11362700
2015-10-06,246.06300354003906,27535100.0,,,1979.9200439453125,4202400000,85.66133117675781,2463100,81.96292877197266,5013800,92.55838012695312,5687800
2015-10-07,242.968994140625,22999200.0,,,1995.8299560546875,4666470000,86.43488311767578,2583900,81.90306854248047,1983200,92.25092315673828,6712800
2015-10-08,242.3040008544922,18515300.0,,,2013.4300537109375,3939140000,87.18319702148438,2521000,81.79095458984375,2038700,91.47834777832031,12882300
2015-10-09,243.93099975585938,17353100.0,,,2014.8900146484375,3706900000,87.30091094970703,1649500,81.72372436523438,3235500,91.7183609008789,9038100
2015-10-12,245.30799865722656,17388300.0,,,2017.4599609375,2893250000,87.3177261352539,1680100,81.93301391601562,1268800,92.41596984863281,4241000
2015-10-13,249.50799560546875,28198500.0,,,2003.68994140625,3401920000,86.67870330810547,2221000,81.9404525756836,1500200,92.5735092163086,6147200
2015-10-14,251.98899841308594,27462600.0,,,1994.239990234375,3644590000,86.23307037353516,1902900,82.2469253540039,3912000,93.38349151611328,9738100
2015-10-15,254.32000732421875,25223500.0,,,2023.8599853515625,3746290000,87.53633880615234,2218200,82.13484954833984,2044800,92.92596435546875,6924300
2015-10-16,262.8689880371094,35901500.0,,,2033.1099853515625,3595430000,87.8726577758789,1902100,82.05260467529297,1630000,92.95594787597656,8048300
2015-10-19,263.43701171875,25258800.0,,,2033.6600341796875,3287320000,87.97352600097656,1457900,82.13484954833984,1534900,92.70095825195312,6238400
2015-10-20,269.4630126953125,30889800.0,,,2030.77001953125,3331500000,87.8726577758789,1806000,81.97035217285156,1805400,92.13089752197266,6431300
2015-10-21,266.2720031738281,25637300.0,,,2018.93994140625,3627790000,87.18319702148438,1777800,82.16474151611328,1278200,93.04600524902344,6603800
2015-10-22,274.02301025390625,37808600.0,,,2052.510009765625,4430850000,88.46118927001953,1979200,82.17970275878906,2276300,93.20347595214844,6934100
2015-10-23,276.4960021972656,29442500.0,,,2075.14990234375,4108460000,89.3861083984375,2404300,82.03765106201172,2237400,92.40838623046875,7058200
2015-10-26,285.29998779296875,32108800.0,,,2071.179931640625,3385800000,89.1759033203125,3078300,82.07505798339844,1541300,93.0234603881836,5859800
2015-10-27,293.7879943847656,46331800.0,,,2065.889892578125,4216880000,88.8816146850586,1686000,82.19467163085938,2021900,93.25601196289062,7156800
2015-10-28,304.6180114746094,50808100.0,,,2090.35009765625,4698110000,90.05030822753906,2421700,81.94794464111328,1661300,92.8809814453125,8468700
2015-10-29,313.8550109863281,64495900.0,,,2089.409912109375,4008940000,89.91582489013672,2666900,81.59662628173828,2333200,91.40336608886719,12108000
2015-10-30,328.0150146484375,78305000.0,,,2079.360107421875,4256200000,89.5710678100586,2203200,81.81338500976562,10577000,92.09337615966797,11861400
2015-11-02,361.1889953613281,101918000.0,,,2104.050048828125,3760020000,90.74817657470703,3396400,81.65234375,8049400,91.67017364501953,8751000
2015-11-03,403.4169921875,206162000.0,,,2109.7900390625,4272060000,90.97523498535156,3100800,81.50260925292969,3033400,90.91845703125,8921600
2015-11-04,411.56298828125,263900000.0,,,2102.31005859375,4078870000,90.75660705566406,2893600,81.50260925292969,3542500,91.02373504638672,5980800
2015-11-05,386.35400390625,151824992.0,,,2099.929931640625,4051890000,90.65570068359375,2144000,81.46514892578125,2185900,90.78316497802734,7268400
2015-11-06,374.4700012207031,122687000.0,,,2099.199951171875,4369020000,90.67253112792969,2078900,81.07567596435547,1829500,89.45266723632812,10604700
2015-11-09,380.2569885253906,68224400.0,,,2078.580078125,3882350000,89.76445007324219,2620800,81.02325439453125,12843200,88.94902038574219,9159500
2015-11-10,336.8190002441406,95797904.0,,,2081.719970703125,3821440000,89.96625518798828,1605400,81.17303466796875,5233200,89.21209716796875,6712500
2015-11-11,311.0840148925781,107070000.0,,,2075.0,3692410000,89.57947540283203,1342200,81.06818389892578,1603400,89.02416229248047,2857900
2015-11-12,338.1520080566406,78477800.0,,,2045.969970703125,4016370000,88.24263763427734,3110400,81.14305877685547,3448700,89.45266723632812,6805700
2015-11-13,336.75299072265625,52003000.0,,,2023.0400390625,4278750000,87.30929565429688,3003700,81.30038452148438,3784100,89.96379852294922,7906600
2015-11-16,330.7510070800781,47980100.0,,,2053.18994140625,3741240000,88.57894134521484,2635400,81.36776733398438,3326000,89.88114929199219,5485300
2015-11-17,335.093994140625,51001600.0,,,2050.43994140625,4427350000,88.4696273803711,2243300,81.42766571044922,2461300,90.03146362304688,5122900
2015-11-18,334.5899963378906,43783800.0,,,2083.580078125,3926390000,89.88217163085938,2106100,81.36776733398438,1952100,90.21940612792969,5233900
2015-11-19,326.14898681640625,45011100.0,,,2081.239990234375,3628110000,89.76445007324219,1623400,81.40522003173828,4232700,90.82073974609375,6643000
2015-11-20,322.0220031738281,53152900.0,,,2089.169921875,3929600000,90.15122985839844,1563500,81.35279846191406,2034400,90.54261779785156,5971000
2015-11-23,323.0459899902344,27478900.0,,,2086.590087890625,3587980000,90.05872344970703,3145000,81.37529754638672,1976000,90.82073974609375,5436300
2015-11-24,320.0459899902344,29362600.0,,,2089.139892578125,3884930000,90.29417419433594,2032600,81.45014190673828,1335300,90.81322479248047,3371500
2015-11-25,328.20599365234375,41666900.0,,,2088.8701171875,2852940000,90.3614273071289,1820300,81.48760986328125,1169300,91.02373504638672,3280900
2015-11-27,358.0419921875,55179100.0,,,2090.110107421875,1466840000,90.49597930908203,552400,81.46514892578125,946100,90.9334945678711,2570600
2015-11-30,377.3210144042969,71701600.0,,,2080.409912109375,4275030000,90.10921478271484,3618100,81.49505615234375,2397000,91.29430389404297,5179800
2015-12-01,362.4880065917969,60452200.0,,,2102.6298828125,3712120000,90.95841979980469,2443600,81.78069305419922,4260000,92.5274658203125,12766600
2015-12-02,359.18701171875,54160500.0,,,2079.510009765625,3950640000,90.0082778930664,2937200,81.68299102783203,2462800,92.5576171875,7345800
2015-12-03,361.0459899902344,50714900.0,,,2049.6201171875,4306490000,88.66301727294922,3345600,81.08172607421875,4634100,90.0416259765625,16612200
2015-12-04,363.1830139160156,35784100.0,,,2091.68994140625,4214910000,90.29417419433594,4520000,81.34481048583984,2181300,90.83255767822266,11843800
2015-12-07,395.5360107421875,63455800.0,,,2077.070068359375,4043820000,89.587890625,3000500,81.46503448486328,2143800,91.7138900756836,9016700
2015-12-08,415.56298828125,57801400.0,,,2063.590087890625,4173570000,89.04978942871094,3149600,81.49505615234375,2311800,91.75910186767578,7257500
2015-12-09,417.56298828125,90917200.0,,,2047.6199951171875,4385250000,88.2846450805664,4179800,81.49505615234375,2791000,91.66118621826172,8993900
2015-12-10,415.47900390625,52138900.0,,,2052.22998046875,3715150000,88.54528045654297,3684900,81.4801025390625,2001500,91.78172302246094,5606900
2015-12-11,451.93798828125,110944000.0,,,2012.3699951171875,4301060000,86.80480194091797,5100700,81.68299102783203,2321400,93.22802734375,12300000
2015-12-14,444.1820068359375,130496000.0,,,2021.93994140625,4612440000,87.11592864990234,7237800,81.2996826171875,3351900,92.02272033691406,10661100
2015-12-15,465.3210144042969,83121104.0,,,2043.4100341796875,4353540000,88.04920196533203,2918000,81.30722045898438,2955900,91.48037719726562,8795500
2015-12-16,454.9339904785156,107944000.0,,,2073.070068359375,4635450000,89.3272476196289,5972400,81.16443634033203,2946800,91.2845458984375,10988600
2015-12-17,456.0780029296875,47978400.0,,,2041.8900146484375,4327390000,88.01557159423828,4939900,81.2771224975586,5407800,92.3165512084961,9923000
2015-12-18,463.6159973144531,60220100.0,,,2005.550048828125,6683070000,86.51895141601562,4207700,81.45000457763672,4006400,92.82876586914062,10171700
2015-12-21,438.6390075683594,77639696.0,,,2021.1500244140625,3760280000,87.20640563964844,3240700,81.37483978271484,3233500,92.8061752319336,7494900
2015-12-22,436.5719909667969,50840400.0,,,2038.969970703125,3520860000,87.9928207397461,2876600,81.31473541259766,4507600,92.1357421875,5445800
2015-12-23,442.4010009765625,47161400.0,,,2064.2900390625,3484090000,89.09209442138672,3342300,81.2996826171875,3599600,91.44268798828125,7287100
2015-12-24,454.9849853515625,57157200.0,,,2060.989990234375,1411860000,88.98218536376953,1460500,81.33888244628906,1248800,91.96662902832031,3364600
2015-12-28,422.27899169921875,49638600.0,,,2056.5,2492510000,88.7876968383789,3479600,81.33888244628906,3736400,92.23837280273438,7586600
2015-12-29,432.9830017089844,51596500.0,,,2078.360107421875,2542000000,89.73477935791016,2508300,81.1355209350586,3094500,90.70594787597656,7787500
2015-12-30,426.6199951171875,46889400.0,,,2063.360107421875,2367430000,89.05828094482422,2405900,81.12042236328125,3731400,90.61538696289062,5508900
2015-12-31,430.5669860839844,45996600.0,,,2043.93994140625,2655330000,88.19577026367188,3652200,81.33888244628906,3406100,91.02299499511719,7897700
2016-01-04,433.09100341796875,38477500.0,,,2012.6600341796875,4304880000,86.87663269042969,6138300,81.30875396728516,3691000,91.67972564697266,10591900
2016-01-05,431.9599914550781,34522600.0,,,2016.7099609375,3706620000,87.07112121582031,3652300,81.3463363647461,2732900,91.30989074707031,6242600
2016-01-06,429.1050109863281,34042500.0,,,1990.260009765625,4336660000,85.90422821044922,3732800,81.6551513671875,2915800,92.54033660888672,8916900
2016-01-07,458.0480041503906,87562200.0,,,1943.0899658203125,5076590000,83.79866790771484,9256200,81.64761352539062,2469000,92.70640563964844,10202200
2016-01-08,453.2300109863281,56993000.0,,,1922.030029296875,4664940000,82.8431396484375,7015800,81.82835388183594,4016900,93.12152862548828,9577200
2016-01-11,448.4280090332031,40450000.0,,,1923.6700439453125,4607290000,82.79240417480469,6863800,81.59491729736328,2820200,92.10249328613281,10040300
2016-01-12,435.69000244140625,115607000.0,,,1938.6800537109375,4887260000,83.35896301269531,4457300,81.7756118774414,3318400,93.43106079101562,12897700
2016-01-13,432.3710021972656,173888000.0,,,1890.280029296875,5087030000,81.21114349365234,6163000,81.9638900756836,3011500,94.35199737548828,15577600
2016-01-14,430.3059997558594,43945500.0,,,1921.8399658203125,5241110000,82.45414733886719,5085100,81.93382263183594,5322700,93.46881103515625,12873800
2016-01-15,364.33099365234375,153351008.0,,,1880.3299560546875,5468460000,80.7206802368164,8101700,82.03167724609375,3348900,94.92569732666016,13976300
2016-01-19,380.14898681640625,46819800.0,,,1881.3299560546875,4928350000,80.63614654541016,7435700,81.9488296508789,4209800,94.6313247680664,8926600
2016-01-20,420.2300109863281,121720000.0,,,1859.3299560546875,6416070000,79.84127807617188,13844900,82.01667785644531,4349900,95.62774658203125,17283300
2016-01-21,410.2619934082031,68338000.0,,,1868.989990234375,5078810000,80.1541519165039,7169500,81.90363311767578,7256000,94.97854614257812,11001600
2016-01-22,382.49200439453125,91546600.0,,,1906.9000244140625,4901760000,81.86224365234375,3701500,81.9638900756836,3258700,94.61620330810547,10164300
2016-01-25,391.72601318359375,59062400.0,,,1877.0799560546875,4401380000,80.51776123046875,4470500,81.91870880126953,3285000,95.1295394897461,5738200
2016-01-26,392.15301513671875,58147000.0,,,1903.6300048828125,4357940000,81.74388122558594,3333400,82.0241470336914,2604100,95.17483520507812,5692600
2016-01-27,394.97198486328125,47424400.0,,,1882.949951171875,4754040000,80.81370544433594,5202400,82.0392074584961,1645300,95.15218353271484,7957800
2016-01-28,380.28900146484375,59247900.0,,,1893.3599853515625,4693010000,81.13504791259766,4540700,82.10698699951172,2390600,95.28807830810547,10575400
2016-01-29,379.4739990234375,86125296.0,,,1940.239990234375,5497570000,83.14755249023438,5005400,82.3479232788086,8633000,96.09576416015625,13170700
2016-02-01,373.0559997558594,51656700.0,,,1939.3800048828125,4322530000,83.16445922851562,3868900,82.24838256835938,4512300,95.80158996582031,9948400
2016-02-02,374.447998046875,40378700.0,,,1903.030029296875,4463190000,81.55783081054688,3279600,82.49738311767578,4835100,97.57889556884766,10400000
2016-02-03,369.9490051269531,45933400.0,,,1912.530029296875,5172950000,82.04827880859375,5457300,82.48982238769531,3700300,96.76966857910156,13309000
2016-02-04,389.593994140625,69285504.0,,,1915.449951171875,5193320000,82.24276733398438,3431800,82.5728530883789,1880300,97.23858642578125,9953500
2016-02-05,386.54901123046875,43825000.0,,,1880.050048828125,4929940000,80.55158996582031,3993600,82.49738311767578,2155500,97.35202026367188,9200800
2016-02-08,373.4469909667969,47671100.0,,,1853.43994140625,5636460000,79.30008697509766,6303900,82.8143310546875,2818600,99.44696807861328,14452200
2016-02-09,376.02899169921875,55318500.0,,,1852.2099609375,5183220000,79.1986083984375,4793900,82.8067626953125,3023800,99.55288696289062,15232100
2016-02-10,381.64898681640625,85130896.0,,,1851.8599853515625,4471170000,79.2493667602539,3580000,83.01054382324219,2319000,100.43021392822266,12797100
2016-02-11,379.65399169921875,74375600.0,,,1829.0799560546875,5500800000,78.2684555053711,7239700,83.06341552734375,2928000,101.133544921875,21620200
2016-02-12,384.26300048828125,67042800.0,,,1864.780029296875,4696920000,79.79054260253906,2948100,82.83696746826172,2968800,99.45452880859375,13888400
2016-02-16,407.4880065917969,73093104.0,,,1895.5799560546875,4570670000,81.2449722290039,3577700,82.63321685791016,2356200,98.40325164794922,11766000
2016-02-17,416.3219909667969,83193600.0,,,1926.8199462890625,5011540000,82.58944702148438,3635000,82.5879135131836,2446600,97.79824829101562,13157300
2016-02-18,422.37298583984375,76752600.0,,,1917.8299560546875,4436490000,82.25967407226562,2432100,82.83696746826172,2844400,99.000732421875,10196700
2016-02-19,420.7850036621094,55711300.0,,,1917.780029296875,4142850000,82.27660369873047,2243700,82.8520736694336,2278800,99.08397674560547,8188700
2016-02-22,437.74798583984375,85385200.0,,,1945.5,4054710000,83.47734832763672,2235400,82.87469482421875,2421800,99.03101348876953,5054300
2016-02-23,420.7359924316406,85244896.0,,,1921.27001953125,3890650000,82.47108459472656,3203900,82.88983917236328,2337800,99.43183135986328,8320700
2016-02-24,424.9549865722656,67743696.0,,,1929.800048828125,4317250000,82.89385223388672,3253400,82.91996765136719,2473200,99.23523712158203,9091200
2016-02-25,424.54400634765625,70798000.0,,,1951.699951171875,4118210000,83.87476348876953,4961900,83.13126373291016,2335700,99.5906982421875,6097200
2016-02-26,432.1520080566406,61486000.0,,,1948.050048828125,4348510000,83.80709838867188,3194300,82.9803466796875,2068100,98.63017272949219,9245000
2016-02-29,437.6969909667969,60694700.0,,,1932.22998046875,4588180000,83.13909149169922,2749400,83.07847595214844,3694200,99.06126403808594,8016100
2016-03-01,435.12298583984375,74895800.0,,,1978.3499755859375,4819750000,85.1177978515625,2955700,82.82971954345703,3984500,97.31695556640625,13729100
2016-03-02,423.989013671875,74955296.0,,,1986.449951171875,4666610000,85.59134674072266,3591400,82.73894500732422,2624500,97.71851348876953,7047700
2016-03-03,421.6510009765625,100484000.0,,,1993.4000244140625,5081700000,86.01412963867188,2703100,82.83724212646484,3632800,98.07469940185547,6394800
2016-03-04,410.9389953613281,90856096.0,,,1999.989990234375,6049930000,86.3100814819336,2442100,82.70868682861328,4461100,97.44578552246094,8687000
2016-03-07,414.3210144042969,85762400.0,,,2001.760009765625,4968180000,86.48767852783203,2963900,82.6860122680664,2823200,97.41543579101562,5493300
2016-03-08,413.97198486328125,70311696.0,,,1979.260009765625,4641650000,85.41373443603516,3436900,82.8901596069336,1984400,98.49143981933594,7175400
2016-03-09,414.8599853515625,70012304.0,,,1989.260009765625,4038120000,85.82810974121094,2131700,82.85236358642578,1468700,97.89283752441406,7194700
2016-03-10,417.1310119628906,81022896.0,,,1989.5699462890625,4376790000,85.80272674560547,3702000,82.8901596069336,2828700,97.49125671386719,10091600
2016-03-11,421.69000244140625,73969696.0,,,2022.18994140625,4078620000,87.25717163085938,3253500,82.73894500732422,2065000,96.50611877441406,8927000
2016-03-14,416.43798828125,95259400.0,,,2019.6400146484375,3487850000,87.15567779541016,2987100,82.7843017578125,2186900,96.8093032836914,5177000
2016-03-15,416.8299865722656,66781700.0,,,2015.9300537109375,3560280000,86.85832214355469,2992400,82.70868682861328,1746100,96.90016174316406,6413200
2016-03-16,417.010986328125,65185800.0,,,2027.219970703125,4057020000,87.40203857421875,3473600,83.0640869140625,1888200,97.18814086914062,9728900
2016-03-17,420.6210021972656,83528600.0,,,2040.5899658203125,4530480000,88.07320404052734,3472500,83.23802947998047,4116500,97.58973693847656,7805500
2016-03-18,409.5480041503906,104940000.0,,,2049.580078125,6503140000,88.46399688720703,2942300,83.30607604980469,1909600,97.7943344116211,8198600
2016-03-21,413.3070068359375,61655400.0,,,2051.60009765625,3376600000,88.54895782470703,2539300,83.12459564208984,2152300,97.04415893554688,5514800
2016-03-22,418.0889892578125,66813300.0,,,2049.800048828125,3418460000,88.52348327636719,1962600,83.07168579101562,2023000,97.02142333984375,4997900
2016-03-23,418.0409851074219,61444200.0,,,2036.7099609375,3639510000,87.80133056640625,6087100,83.25311279296875,2885000,98.12010955810547,10628200
2016-03-24,416.3940124511719,68346704.0,,,2035.93994140625,3407720000,87.77586364746094,2173000,83.26071166992188,2846400,98.15804290771484,6343300
2016-03-28,424.2309875488281,68522800.0,,,2037.050048828125,2809090000,87.8353271484375,2103400,83.32122039794922,2918100,98.28685760498047,5058700
2016-03-29,416.5159912109375,75411504.0,,,2055.010009765625,3822330000,88.81231689453125,2925100,83.57076263427734,1885900,99.31735229492188,9396700
2016-03-30,414.8160095214844,66034100.0,,,2063.949951171875,3590310000,89.15213012695312,2258800,83.5405044555664,2764500,98.27171325683594,8478700
2016-03-31,416.72900390625,60215200.0,,,2059.739990234375,3715280000,89.0501937866211,2230100,83.80511474609375,7003600,98.96882629394531,7832300
2016-04-01,417.9599914550781,51235700.0,,,2072.780029296875,3749990000,89.61090087890625,2996000,83.73091125488281,5374200,99.22700500488281,9341400
2016-04-04,421.4440002441406,50634300.0,,,2066.1298828125,3485710000,89.23709106445312,1847400,83.81424713134766,3176200,99.28773498535156,5145100
2016-04-05,424.0299987792969,60718000.0,,,2045.1700439453125,4154920000,88.37053680419922,2572500,83.92784881591797,2954100,100.37353515625,6482800
2016-04-06,423.4129943847656,59091000.0,,,2066.659912109375,3750800000,89.33904266357422,2572000,83.9126968383789,2027400,99.64457702636719,6393700
2016-04-07,422.7449951171875,57858600.0,,,2041.9100341796875,3801250000,88.26863098144531,2134800,84.09456634521484,1876100,100.87471008300781,5963300
2016-04-08,420.3489990234375,63454700.0,,,2047.5999755859375,3359530000,88.52348327636719,2337000,84.01121520996094,2318300,100.23686981201172,5584800
2016-04-11,422.4830017089844,50747500.0,,,2041.989990234375,3567840000,88.2770767211914,2276300,84.07180786132812,1718400,100.1077880859375,4805500
2016-04-12,425.19000244140625,70728800.0,,,2061.719970703125,4239740000,89.13516235351562,2358000,83.9354476928711,1984500,99.41679382324219,4276000
2016-04-13,423.7340087890625,69060400.0,,,2082.419921875,4191830000,90.18008422851562,2864500,83.97332763671875,1769000,99.76610565185547,5207900
2016-04-14,424.2820129394531,45281000.0,,,2082.780029296875,3765870000,90.14611053466797,1666900,83.82936096191406,3596400,99.28773498535156,6967000
2016-04-15,429.7130126953125,54801500.0,,,2080.72998046875,3701450000,90.1036376953125,1622600,84.0642318725586,1579500,100.13816833496094,5831100
2016-04-18,428.59100341796875,55670900.0,,,2094.340087890625,3316880000,90.70682525634766,1767100,84.0566635131836,2146600,99.7052993774414,4486600
2016-04-19,435.5090026855469,52810500.0,,,2100.800048828125,3896830000,90.96168518066406,2103700,84.049072265625,2019200,99.39402770996094,5212200
2016-04-20,441.3890075683594,72890096.0,,,2102.39990234375,4184880000,91.05512237548828,1958900,83.84452819824219,2376000,98.30062103271484,10920700
2016-04-21,449.42498779296875,68204704.0,,,2091.47998046875,4175290000,90.60486602783203,1675200,83.73091125488281,2692800,97.71595001220703,11154200
2016-04-22,445.73699951171875,58804400.0,,,2091.580078125,3790580000,90.73233795166016,1893600,83.73844909667969,3795600,97.4653549194336,5826400
2016-04-25,461.4259948730469,87091800.0,,,2087.7900390625,3319740000,90.51143646240234,2088100,83.64752960205078,3118800,97.06295776367188,5539500
2016-04-26,466.0889892578125,78971904.0,,,2091.699951171875,3557190000,90.75780487060547,1747500,83.6096420288086,2326100,96.62256622314453,7840000
2016-04-27,444.68701171875,93564896.0,,,2095.14990234375,4100110000,90.97868347167969,2267900,83.85968780517578,2337100,97.58683776855469,8380100
2016-04-28,449.010986328125,74064704.0,,,2075.81005859375,4309840000,90.1631088256836,4834200,84.02635192871094,9405200,97.98933410644531,7974600
2016-04-29,455.09698486328125,49258500.0,,,2065.300048828125,4704720000,89.63639068603516,3068000,84.01879119873047,5112900,98.2398452758789,7416300
2016-05-02,444.66900634765625,92127000.0,,,2081.429931640625,3841110000,90.33300018310547,2546500,83.96186065673828,3553900,97.25077819824219,11035200
2016-05-03,450.3039855957031,59366400.0,,,2063.3701171875,4173390000,89.42399597167969,5172600,84.11369323730469,3044900,98.47571563720703,10736700
2016-05-04,446.72198486328125,50407300.0,,,2051.1201171875,4058560000,88.89726257324219,2578800,84.15161895751953,2920200,99.0158920288086,7211200
2016-05-05,447.97601318359375,50440800.0,,,2050.6298828125,4008530000,88.86328125,1616700,84.36418151855469,3008100,99.6778564453125,7870400
2016-05-06,459.6029968261719,72796800.0,,,2057.139892578125,3796350000,89.1861343383789,1759600,84.235107421875,2718500,99.25177001953125,7232500
2016-05-09,460.4830017089844,55493100.0,,,2058.68994140625,3788620000,89.27957916259766,1747300,84.28827667236328,2173500,99.56377410888672,4950800
2016-05-10,450.8949890136719,58956100.0,,,2084.389892578125,3600200000,90.34151458740234,2400900,84.32620239257812,2103800,99.57130432128906,4331900
2016-05-11,452.7279968261719,50605200.0,,,2064.4599609375,3821980000,89.5174331665039,1531600,84.32620239257812,2507000,100.13432312011719,9256000
2016-05-12,454.7659912109375,59849300.0,,,2064.110107421875,3782390000,89.48345947265625,2470000,84.25032043457031,1938800,99.6778564453125,6087400
2016-05-13,455.6700134277344,60845000.0,,,2046.6099853515625,3579880000,88.71037292480469,3754800,84.40969848632812,1511400,100.6441421508789,8707300
2016-05-16,454.1629943847656,59171500.0,,,2066.659912109375,3501360000,89.59387969970703,2069600,84.26551055908203,3134400,99.7767562866211,5137000
2016-05-17,453.7829895019531,64100300.0,,,2047.2099609375,4108960000,88.7868423461914,2792200,84.15161895751953,1769700,99.94414520263672,4449100
2016-05-18,454.6189880371094,86850096.0,,,2047.6300048828125,4101320000,88.77832794189453,2797700,83.80245971679688,1900800,98.52144622802734,12681000
2016-05-19,438.7149963378906,96027400.0,,,2040.0400390625,3846770000,88.43000030517578,2616800,83.85558319091797,3461900,98.947509765625,6209400
2016-05-20,442.6759948730469,81987904.0,,,2052.320068359375,3507650000,89.10967254638672,2005700,83.90870666503906,2655700,99.0235824584961,5348900
2016-05-23,444.1549987792969,50582500.0,,,2048.0400390625,3055480000,88.99922943115234,1662200,83.89356994628906,2244300,99.24417114257812,6979700
2016-05-24,445.9809875488281,65783100.0,,,2076.06005859375,3627340000,90.1885757446289,2409000,83.84799194335938,1759800,98.80289459228516,5968200
2016-05-25,449.5989990234375,65231000.0,,,2090.5400390625,3859160000,90.8427505493164,3266500,83.8631820678711,2735700,98.43010711669922,6367400
2016-05-26,453.3840026855469,65203800.0,,,2090.10009765625,3230990000,90.8257827758789,1803600,83.99226379394531,1614800,98.93984985351562,5419300
2016-05-27,473.4639892578125,164780992.0,,,2099.06005859375,3079150000,91.23356628417969,1691400,83.97705841064453,2164800,98.79527282714844,5267600
2016-05-31,531.385986328125,138450000.0,,,2096.949951171875,4514410000,91.19104766845703,2570700,84.03015899658203,3368800,99.0311279296875,8344300
2016-06-01,536.9199829101562,86061800.0,,,2099.330078125,3525170000,91.43743133544922,2679600,83.98306274414062,2941300,99.43294525146484,9874900
2016-06-02,537.9719848632812,60378200.0,,,2105.260009765625,3632720000,91.74330139160156,2112700,84.19596099853516,2013900,100.14959716796875,5835400
2016-06-03,569.1939697265625,122020000.0,,,2099.1298828125,3627780000,91.48841094970703,2502500,84.65232849121094,2210500,101.57527160644531,11077200
2016-06-06,585.5369873046875,72138896.0,,,2109.409912109375,3442020000,91.96417236328125,1782300,84.53823852539062,3278900,100.82051849365234,7573700
2016-06-07,576.5969848632812,107770000.0,,,2112.1298828125,3534730000,92.1425552368164,1271500,84.61430358886719,2157100,101.06451416015625,4680200
2016-06-08,581.64501953125,80265800.0,,,2119.1201171875,3562060000,92.46540832519531,1286500,84.64469909667969,2148000,101.60581970214844,5313200
2016-06-09,574.6300048828125,71301000.0,,,2115.47998046875,3290320000,92.27848815917969,1743400,84.70558166503906,1543600,102.26153564453125,6820300
2016-06-10,577.469970703125,66991900.0,,,2096.070068359375,3515010000,91.32699584960938,1666400,84.81967163085938,1368300,102.75699615478516,6984600
2016-06-13,704.3759765625,243295008.0,,,2079.06005859375,3392030000,90.5708999633789,2354800,84.88809204101562,1661400,103.21444702148438,7283300
2016-06-14,685.5590209960938,186694000.0,,,2075.320068359375,3759770000,90.40790557861328,2170100,84.85006713867188,1871500,103.13823699951172,9012500
2016-06-15,694.468994140625,99223800.0,,,2071.5,3544720000,90.31404113769531,1841500,85.03263854980469,1732100,103.5346450805664,7953200
2016-06-16,766.3079833984375,271633984.0,,,2077.989990234375,3628280000,90.5785903930664,1884300,85.08588409423828,2533000,104.0378189086914,10372700
2016-06-17,748.9089965820312,363320992.0,,,2071.219970703125,4952630000,90.2799072265625,1713000,85.0250244140625,2730900,103.38982391357422,8489900
2016-06-20,737.2260131835938,174511008.0,,,2083.25,3467440000,90.89429473876953,2402900,84.78922271728516,2043800,102.28434753417969,7365900
2016-06-21,666.6519775390625,309944000.0,,,2088.89990234375,3232880000,91.09054565429688,2248300,84.7284164428711,1882500,101.81167602539062,6005800
2016-06-22,596.1160278320312,266392992.0,,,2085.449951171875,3168160000,90.8857650756836,2002700,84.7816390991211,1734300,101.97936248779297,5773700
2016-06-23,623.9769897460938,253462000.0,,,2113.320068359375,3297940000,92.1401138305664,1622300,84.63711547851562,1721100,100.81291198730469,9029100
2016-06-24,665.2990112304688,224316992.0,,,2037.4100341796875,7597450000,88.78662872314453,7370400,85.093505859375,4081200,103.51942443847656,17155000
2016-06-27,655.2750244140625,122134000.0,,,2000.5400390625,5431220000,87.02030181884766,5213600,85.43575286865234,3018800,106.10400390625,16577100
2016-06-28,647.0009765625,138384992.0,,,2036.0899658203125,4385810000,88.6159439086914,7569500,85.54222106933594,2951700,106.3250503540039,14006400
2016-06-29,639.8900146484375,142456000.0,,,2070.77001953125,4241740000,90.20308685302734,2635700,85.48139190673828,2745800,105.5093765258789,12999800
2016-06-30,673.3369750976562,138980000.0,,,2098.860107421875,4622820000,91.44041442871094,5552300,85.65632629394531,4154300,105.8981704711914,14698500
2016-07-01,676.2960205078125,134431008.0,,,2102.949951171875,3458890000,91.61961364746094,2938000,85.84069061279297,5235200,107.36843872070312,15430200
2016-07-05,670.6270141601562,130476000.0,,,2088.550048828125,3658380000,90.93695068359375,3019900,86.0693130493164,4740000,108.7127685546875,8840800
2016-07-06,677.3309936523438,134960992.0,,,2099.72998046875,3909380000,91.49161529541016,1767700,86.22932434082031,3150500,108.88848114013672,14352800
2016-07-07,640.56201171875,258091008.0,,,2097.89990234375,3604550000,91.44894409179688,1669800,86.16840362548828,3122200,108.88080596923828,9676400
2016-07-08,666.5230102539062,141970000.0,,,2129.89990234375,3607500000,92.87397766113281,2362200,86.29794311523438,2910500,109.68284606933594,10355300
2016-07-11,647.6589965820312,107910000.0,,,2137.159912109375,3253340000,93.2579574584961,3868300,86.0693130493164,4424000,108.72041320800781,8099000
2016-07-12,664.551025390625,138172992.0,,,2152.139892578125,4097820000,94.03448486328125,3222800,85.8102035522461,1970600,106.93305969238281,15810600
2016-07-13,654.468017578125,131449000.0,,,2152.429931640625,3502320000,93.98326873779297,1485700,85.9321517944336,2363300,108.1933822631836,8181700
2016-07-14,658.0780029296875,98511400.0,,,2163.75,3465610000,94.4355239868164,1561100,85.85594177246094,3345200,106.61993408203125,10817000
2016-07-15,663.2550048828125,81673104.0,,,2161.739990234375,3122600000,94.3331527709961,1385500,85.54351806640625,3612200,105.70343017578125,9958600
2016-07-18,673.1060180664062,69465000.0,,,2166.889892578125,3009310000,94.59765625,1359900,85.55874633789062,1547300,105.6041030883789,5955900
2016-07-19,672.864013671875,61203300.0,,,2163.780029296875,2968340000,94.4099349975586,3154100,85.73400115966797,1786900,106.19986724853516,8073900
2016-07-20,665.6849975585938,94636400.0,,,2173.02001953125,3211860000,94.91336059570312,1135900,85.65782928466797,1808800,105.61930847167969,6942500
2016-07-21,665.0120239257812,60491800.0,,,2165.169921875,3438900000,94.53792572021484,3393400,85.73400115966797,3043500,105.83321380615234,10398400
2016-07-22,650.6190185546875,134169000.0,,,2175.030029296875,3023280000,94.99018096923828,3546700,85.74925994873047,2315900,106.01652526855469,5811400
2016-07-25,654.0969848632812,78176496.0,,,2168.47998046875,3057240000,94.74272918701172,1394200,85.65019226074219,1680800,105.94015502929688,4243800
2016-07-26,651.7839965820312,225135008.0,,,2169.179931640625,3442350000,94.84510803222656,1432300,85.65019226074219,3540000,106.10820770263672,5243400
2016-07-27,654.3519897460938,147460992.0,,,2166.580078125,3995500000,94.73418426513672,1977500,85.90164947509766,3047200,107.42958068847656,8508100
2016-07-28,655.0349731445312,86428400.0,,,2170.06005859375,3664240000,94.85364532470703,1945800,85.8940200805664,2640600,107.23100280761719,7336100
2016-07-29,656.9920043945312,60703500.0,,,2173.60009765625,4038840000,95.07548522949219,1638200,86.12264251708984,3671000,108.12471008300781,8766700
2016-08-01,606.27197265625,121887000.0,,,2170.840087890625,3505990000,94.947509765625,2093200,85.92185974121094,3149300,106.95236206054688,9809300
2016-08-02,547.4650268554688,330932992.0,,,2157.030029296875,3848750000,94.23072814941406,2473900,85.66999053955078,3643900,105.85044860839844,10051200
2016-08-03,566.35498046875,207982000.0,,,2163.7900390625,3786530000,94.58056640625,1353600,85.76152801513672,3777800,105.91172790527344,4930600
2016-08-04,578.2890014648438,125292000.0,,,2164.25,3709200000,94.69149780273438,1113600,85.92185974121094,2002800,106.70753479003906,5646000
2016-08-05,575.0430297851562,66127900.0,,,2182.8701171875,3663070000,95.4765853881836,1379600,85.6317367553711,2474600,105.59798431396484,7778600
2016-08-08,591.0540161132812,61194100.0,,,2180.889892578125,3327550000,95.41680908203125,1238800,85.68521118164062,2604000,105.79692077636719,5185200
2016-08-09,587.801025390625,92228096.0,,,2181.739990234375,3334300000,95.50213623046875,1032500,85.90660858154297,2981100,106.83755493164062,5503200
2016-08-10,592.10302734375,102905000.0,,,2175.489990234375,3254950000,95.22059631347656,1259100,86.00585174560547,3185800,107.25079345703125,5843500
2016-08-11,589.1199951171875,74514400.0,,,2185.7900390625,3423160000,95.69839477539062,1378000,85.77680969238281,1807200,106.29426574707031,7624600
2016-08-12,587.5590209960938,69218000.0,,,2184.050048828125,3000660000,95.60455322265625,1542900,85.98290252685547,1889600,107.1895523071289,7989600
2016-08-15,567.239990234375,57262300.0,,,2190.14990234375,3078530000,95.95439147949219,1442800,85.83030700683594,1950500,106.17948913574219,5108600
2016-08-16,577.4390258789062,58405200.0,,,2178.14990234375,3196400000,95.40827941894531,1228600,85.77680969238281,6250200,105.89643096923828,6182700
2016-08-17,573.2160034179688,54443000.0,,,2182.219970703125,3388910000,95.52776336669922,2791500,85.93714141845703,5210700,106.531494140625,5002000
2016-08-18,574.3179931640625,59896600.0,,,2187.02001953125,3300570000,95.82640838623047,972100,86.05924987792969,1962900,106.6998062133789,3805200
2016-08-19,575.6300048828125,50631600.0,,,2183.8701171875,3084800000,95.68987274169922,1000600,85.86844635009766,3287600,106.14128112792969,5516300
2016-08-22,586.7529907226562,72844000.0,,,2182.639892578125,2777550000,95.71548461914062,1102000,85.99821472167969,1808500,107.03654479980469,5549700
2016-08-23,583.4149780273438,85349200.0,,,2186.89990234375,3041490000,95.97147369384766,3252300,86.02115631103516,2583000,107.15135955810547,6841400
2016-08-24,580.1820068359375,56328200.0,,,2175.43994140625,3148280000,95.43387603759766,2267800,85.99057006835938,2312800,106.8988037109375,6027800
2016-08-25,577.760986328125,136130000.0,,,2172.469970703125,2969310000,95.37416076660156,1205200,85.89897155761719,1613500,106.49321746826172,5855500
2016-08-26,579.6510009765625,48856800.0,,,2169.0400390625,3342340000,95.17787170410156,1851100,85.76152801513672,2513700,105.8734130859375,12962500
2016-08-29,574.1069946289062,110398000.0,,,2180.3798828125,2654780000,95.69839477539062,1071200,85.99821472167969,2156400,107.28907775878906,7310400
2016-08-30,577.5029907226562,70342400.0,,,2176.1201171875,3006800000,95.54484558105469,1534600,85.95243072509766,1712300,106.87578582763672,5161800
2016-08-31,575.4719848632812,75840896.0,,,2170.949951171875,3766390000,95.27174377441406,1393700,85.93714141845703,3025000,107.02885437011719,7349700
2016-09-01,572.302978515625,76923400.0,,,2170.860107421875,3392120000,95.32295989990234,1670900,86.01209259033203,3777100,107.14694213867188,9149100
2016-09-02,575.5369873046875,79910800.0,,,2179.97998046875,3091120000,95.80935668945312,1563200,85.89736938476562,1730900,106.27301788330078,8397000
2016-09-06,610.4359741210938,78529104.0,,,2186.47998046875,3447650000,96.08243560791016,4111700,86.0809097290039,3745800,107.04729461669922,8542600
2016-09-07,614.5440063476562,75032400.0,,,2186.159912109375,3319420000,96.21041107177734,1590000,86.12681579589844,1839600,106.9705810546875,5421800
2016-09-08,626.3159790039062,86713000.0,,,2181.300048828125,3727840000,95.96295166015625,1152400,85.82854461669922,2605500,105.62904357910156,14301500
2016-09-09,622.8610229492188,64550200.0,,,2127.81005859375,4233960000,93.57367706298828,3337400,85.45378875732422,2763900,103.88890838623047,13347700
2016-09-12,608.2429809570312,72812304.0,,,2159.0400390625,4010480000,94.8792724609375,3043500,85.52264404296875,2358200,103.94258117675781,9096600
2016-09-13,609.2410278320312,86920600.0,,,2127.02001953125,4141670000,93.39495849609375,5122100,85.28549194335938,3005400,102.76201629638672,15645400
2016-09-14,610.6840209960938,47877700.0,,,2125.77001953125,3664100000,93.40355682373047,2041600,85.39257049560547,2089700,102.915283203125,7037700
2016-09-15,607.155029296875,59464600.0,,,2147.260009765625,3373720000,94.36389923095703,2960400,85.44610595703125,2253800,102.47069549560547,9874500
2016-09-16,606.9730224609375,64963400.0,,,2139.159912109375,5014360000,93.98664093017578,2779400,85.50732421875,1701000,103.29861450195312,7507900
2016-09-19,609.2269897460938,54796400.0,,,2139.1201171875,3141820000,94.12380981445312,3430200,85.43849182128906,2026900,102.96133422851562,7105900
2016-09-20,608.31201171875,72710896.0,,,2139.760009765625,3117380000,94.08096313476562,1603400,85.46905517578125,2078500,103.32160186767578,6054800
2016-09-21,597.1489868164062,82776200.0,,,2163.1201171875,3685450000,95.16133117675781,1971800,85.68321990966797,1899500,104.15721893310547,10698100
2016-09-22,596.2979736328125,67085300.0,,,2177.179931640625,3523860000,95.85591125488281,1525300,85.85912322998047,2017200,104.98511505126953,12426200
2016-09-23,602.8419799804688,51067000.0,,,2164.68994140625,3289860000,95.30711364746094,1531900,85.8362045288086,3415700,104.88549041748047,5928800
2016-09-26,608.0430297851562,59153800.0,,,2146.10009765625,3199910000,94.55252838134766,2136700,85.94324493408203,2326900,105.55244445800781,8661300
2016-09-27,606.166015625,49422400.0,,,2159.929931640625,3414090000,95.09276580810547,1292400,86.0503158569336,2881300,106.32666015625,9450400
2016-09-28,604.72802734375,48722600.0,,,2171.3701171875,3860390000,95.65008544921875,1439800,86.07324981689453,2853900,106.09669494628906,7958700
2016-09-29,605.6929931640625,55658600.0,,,2151.1298828125,4215620000,94.71549224853516,2037100,86.07324981689453,1668000,106.36499786376953,8319800
2016-09-30,609.7349853515625,56122400.0,,,2168.27001953125,4158800000,95.46147155761719,1722500,85.98152923583984,3679800,105.41443634033203,11747100
2016-10-03,612.1329956054688,46798300.0,,,2161.199951171875,3113850000,95.16993713378906,2207600,85.88417053222656,9372900,105.0665512084961,7588800
2016-10-04,610.2039794921875,49801600.0,,,2150.489990234375,3716100000,94.74119567871094,2701100,85.59304809570312,5022400,103.8377914428711,12048700
2016-10-05,612.510986328125,68077504.0,,,2159.72998046875,3883710000,95.10990905761719,2119000,85.47808837890625,3368700,103.35395050048828,8917700
2016-10-06,613.02099609375,56812100.0,,,2160.77001953125,3438040000,95.14423370361328,1067600,85.47808837890625,2059400,102.7779541015625,7839900
2016-10-07,617.1209716796875,64071400.0,,,2153.739990234375,3578770000,94.78408813476562,1770400,85.49340057373047,1867600,102.84712982177734,9953200
2016-10-10,618.9940185546875,67481104.0,,,2163.659912109375,2881970000,95.2985610961914,1135000,85.45510864257812,1295400,102.24043273925781,6089100
2016-10-11,641.072021484375,103590000.0,,,2136.72998046875,3393060000,94.02948760986328,1996900,85.32488250732422,2753300,102.00997161865234,9670400
2016-10-12,636.1920166015625,92370200.0,,,2139.179931640625,2959510000,94.14097595214844,1849100,85.35549926757812,1668500,102.10982513427734,7582400
2016-10-13,636.7860107421875,61620700.0,,,2132.550048828125,3538030000,93.80655670166016,1986200,85.47808837890625,1964600,102.49380493164062,7080600
2016-10-14,640.3779907226562,58144600.0,,,2132.97998046875,3187910000,93.78083801269531,2673900,85.33252716064453,2471500,101.05767059326172,11415100
2016-10-17,639.1929931640625,58063600.0,,,2126.5,2832440000,93.5150375366211,2507700,85.47808837890625,1556800,101.70280456542969,10595900
2016-10-18,637.9600219726562,65546700.0,,,2139.60009765625,3172940000,94.06378173828125,1635200,85.61601257324219,1582900,102.03304290771484,7151000
2016-10-19,630.52001953125,69381696.0,,,2144.2900390625,3364990000,94.36389923095703,1408200,85.6619873046875,1550000,102.11750030517578,6941300
2016-10-20,630.8569946289062,56957300.0,,,2141.340087890625,3339320000,94.18384552001953,2017000,85.63134765625,1420800,102.22500610351562,6082300
2016-10-21,632.8280029296875,55951000.0,,,2141.159912109375,3456390000,94.14955139160156,1234400,85.68498992919922,1776900,102.37860107421875,9222700
2016-10-24,653.760986328125,62218200.0,,,2151.330078125,3359950000,94.62113952636719,2004700,85.55470275878906,1385600,101.93318176269531,6507500
2016-10-25,657.5880126953125,90378800.0,,,2143.159912109375,3756200000,94.21813201904297,2079100,85.55470275878906,2344400,102.20198822021484,5134700
2016-10-26,678.3040161132812,88877104.0,,,2139.429931640625,3778120000,93.93517303466797,1827200,85.38616180419922,2684000,101.51082611083984,5842500
2016-10-27,688.31298828125,96105296.0,,,2133.0400390625,4209400000,93.617919921875,1597800,85.17163848876953,2330700,100.4049301147461,10044700
2016-10-28,689.6510009765625,81145504.0,,,2126.409912109375,4028270000,93.30921936035156,2868100,85.17163848876953,1713800,100.18219757080078,7541000
2016-10-31,700.9719848632812,97064400.0,,,2126.14990234375,3926560000,93.3692398071289,1913600,85.27886199951172,3260300,100.79659271240234,7047500
2016-11-01,729.7930297851562,130527000.0,,,2111.719970703125,4539190000,92.67472076416016,3169800,85.23283386230469,4725000,100.8042984008789,12622400
2016-11-02,740.8289794921875,84865200.0,,,2097.93994140625,4289120000,92.03160858154297,2957400,85.33262634277344,2572600,101.24288177490234,8666200
2016-11-03,688.7000122070312,172808000.0,,,2088.659912109375,3892100000,91.62857818603516,2096400,85.21745300292969,3254500,100.46574401855469,6085400
2016-11-04,703.2349853515625,99907696.0,,,2085.179931640625,3841910000,91.56857299804688,2805400,85.39400482177734,2013300,101.365966796875,7622600
2016-11-07,703.1309814453125,65047100.0,,,2131.52001953125,3739720000,93.5921859741211,2527700,85.2942123413086,2031000,100.50420379638672,5386700
2016-11-08,709.8480224609375,79660800.0,,,2139.56005859375,3921850000,93.9952163696289,2074200,85.15604400634766,2107400,100.09640502929688,7576500
2016-11-09,723.2730102539062,132429000.0,,,2163.260009765625,6267590000,95.16133117675781,6482000,84.3653793334961,3657200,95.84906768798828,31233500
2016-11-10,715.5339965820312,68807800.0,,,2167.47998046875,6458450000,95.49574279785156,5083500,84.01994323730469,4179200,94.4333724975586,22961200
2016-11-11,716.4110107421875,63119700.0,,,2164.449951171875,4993990000,95.53005981445312,4005200,83.86640167236328,2804600,93.90242767333984,10040200
2016-11-14,705.02099609375,62993000.0,,,2164.199951171875,5373670000,95.77873229980469,5234000,83.52863311767578,3054900,93.34073638916016,21174400
2016-11-15,711.6190185546875,72038496.0,,,2180.389892578125,4548110000,96.52471923828125,6037200,83.59001922607422,2252200,93.80239868164062,11963700
2016-11-16,744.197998046875,141294000.0,,,2176.93994140625,3847900000,96.38750457763672,7113900,83.77429962158203,2164800,94.64879608154297,9149500
2016-11-17,740.9769897460938,108579000.0,,,2187.1201171875,3811730000,96.87628936767578,1874800,83.45954895019531,1903700,93.25609588623047,11221600
2016-11-18,751.5850219726562,87363104.0,,,2181.89990234375,3580900000,96.69620513916016,2298200,83.19087219238281,2767000,92.98677062988281,13577700
2016-11-21,739.2479858398438,60802400.0,,,2198.179931640625,3611500000,97.4250717163086,2493900,83.25993347167969,1705600,93.21761322021484,6488100
2016-11-22,751.3469848632812,129906000.0,,,2202.93994140625,3960520000,97.7080307006836,2673200,83.33670043945312,3465300,93.18685150146484,9989900
2016-11-23,744.593994140625,76543800.0,,,2204.719970703125,3419850000,97.84522247314453,1818700,83.0450210571289,2497600,92.8251953125,13563500
2016-11-25,741.6489868164062,67807600.0,,,2213.35009765625,1584590000,98.22250366210938,889800,83.03731536865234,1071500,92.96369171142578,3126300
2016-11-28,735.81298828125,61888600.0,,,2201.719970703125,3515100000,97.65657043457031,1849800,83.32903289794922,2476800,93.64852142333984,8555000
2016-11-29,735.60400390625,68511104.0,,,2204.659912109375,3709190000,97.79376983642578,1544200,83.42118835449219,2178600,94.04090881347656,8363000
2016-11-30,745.6909790039062,84070800.0,,,2198.81005859375,5538400000,97.56224060058594,4406200,83.09105682373047,4627500,92.51737976074219,21163500
2016-12-01,756.7739868164062,80461904.0,,,2191.080078125,5067470000,97.15924072265625,2601100,82.81724548339844,4691900,91.54061889648438,21715700
2016-12-02,777.9439697265625,127605000.0,,,2191.949951171875,3782370000,97.15924072265625,1755900,83.07877349853516,4269200,92.21138000488281,12487500
2016-12-05,758.7000122070312,106363000.0,,,2204.7099609375,3898530000,97.83662414550781,3842900,83.1479721069336,3398000,92.11109161376953,12100100
2016-12-06,764.2239990234375,116218000.0,,,2212.22998046875,3857290000,98.33396911621094,2357100,83.13261413574219,3306900,92.04170989990234,11526600
2016-12-07,768.1320190429688,96426096.0,,,2241.35009765625,4504070000,99.55155181884766,4000000,83.34796905517578,3796800,92.82815551757812,10392200
2016-12-08,770.8099975585938,80111904.0,,,2246.18994140625,4203270000,99.91168975830078,2679400,83.19412994384766,2822600,91.73331451416016,12041100
2016-12-09,772.7940063476562,68705296.0,,,2259.530029296875,3886460000,100.45191192626953,2310200,82.94032287597656,4530900,90.59221649169922,14646400
2016-12-12,780.0869750976562,76571000.0,,,2256.9599609375,4038850000,100.19466400146484,4224500,82.8634033203125,3074200,90.7618637084961,9496300
2016-12-13,780.5560302734375,81645600.0,,,2271.719970703125,3875630000,100.77776336669922,4393900,82.97106170654297,3665900,91.0857162475586,12189200
2016-12-14,781.4810180664062,75979000.0,,,2253.280029296875,4409670000,99.86882781982422,3885400,82.51728820800781,3544100,90.06795501708984,16618400
2016-12-15,778.0880126953125,81580096.0,,,2262.030029296875,4173360000,100.28041076660156,3343100,82.41734313964844,4619100,90.52285766601562,12400500
2016-12-16,784.906982421875,83608200.0,,,2258.070068359375,5928980000,100.12606048583984,1991600,82.4711685180664,2981600,90.31470489501953,14924600
2016-12-19,792.7139892578125,74886400.0,,,2262.530029296875,3252840000,100.40901947021484,2405700,82.68647766113281,3202500,91.2861328125,10868300
2016-12-20,800.8759765625,99629296.0,,,2270.760009765625,3306250000,100.83785247802734,2942400,82.60960388183594,2871900,90.83126068115234,7030600
2016-12-21,834.281005859375,155576000.0,,,2265.179931640625,2854880000,100.55309295654297,2248600,82.78650665283203,4066900,91.2322006225586,4624700
2016-12-22,864.5399780273438,200027008.0,,,2260.9599609375,2880670000,100.29427337646484,3105800,82.78573608398438,4110200,91.06908416748047,5177800
2016-12-23,921.9840087890625,275564000.0,,,2263.7900390625,2021230000,100.4495849609375,2325800,82.8088607788086,3821100,91.25460815429688,4461600
2016-12-27,933.197998046875,167308000.0,,,2268.8798828125,1989730000,100.69979858398438,3386800,82.74723052978516,2661500,90.96086120605469,5276600
2016-12-28,975.9210205078125,236630000.0,,,2249.919921875,2402750000,99.86286163330078,2591000,82.8781967163086,5609600,91.62561798095703,7578600
2016-12-29,973.4970092773438,199320000.0,,,2249.260009765625,2338700000,99.87149810791016,1622700,83.13262939453125,3649600,91.95028686523438,8581400
2016-12-30,961.2379760742188,187474000.0,,,2238.830078125,2671550000,99.50047302246094,2909900,83.30224609375,3690100,92.08944702148438,10613900
2017-01-03,1043.8399658203125,185168000.0,,,2257.830078125,3773010000,100.25975799560547,2731600,83.38702392578125,5079200,92.48365783691406,13217300
2017-01-04,1154.72998046875,344945984.0,,,2270.75,3768890000,101.02764892578125,3228700,83.41014099121094,3297100,92.83927154541016,6699600
2017-01-05,1013.3800048828125,510199008.0,,,2269.0,3785080000,100.8292007446289,2604000,83.75703430175781,5165900,94.29253387451172,13265800
2017-01-06,902.2009887695312,351876000.0,,,2276.97998046875,3342080000,101.14845275878906,2317600,83.47953796386719,2910100,93.42677307128906,8369300
2017-01-09,902.8280029296875,141876992.0,,,2268.89990234375,3219730000,100.76019287109375,2461400,83.61831665039062,3030500,94.17657470703125,8839100
2017-01-10,907.6790161132812,115808000.0,,,2268.89990234375,3640560000,100.83785247802734,2055300,83.59515380859375,2396300,94.11477661132812,8417900
2017-01-11,777.7570190429688,310928992.0,,,2275.320068359375,3625080000,101.15708923339844,2751800,83.69537353515625,4465500,94.43167114257812,9402500
2017-01-12,804.833984375,222326000.0,,,2270.43994140625,3466220000,100.88963317871094,2342300,83.72621154785156,3036600,94.22294616699219,9977600
2017-01-13,823.9840087890625,168968000.0,,,2274.639892578125,3090680000,101.13984680175781,2031800,83.57972717285156,3293600,93.77461242675781,9820000
2017-01-17,907.93798828125,155095008.0,,,2267.889892578125,3586950000,100.69114685058594,2583600,83.86492919921875,3685700,94.75637817382812,7853300
2017-01-18,886.6179809570312,225676992.0,,,2271.889892578125,3317670000,100.92412567138672,1901700,83.5026626586914,3115600,93.54273986816406,9064700
2017-01-19,899.072998046875,105625000.0,,,2263.68994140625,3168390000,100.52721405029297,1899300,83.28683471679688,2388000,92.90111541748047,11795600
2017-01-20,895.0260009765625,86728400.0,,,2271.31005859375,3536850000,100.87236022949219,2636100,83.31759643554688,3525000,92.71556854248047,16953200
2017-01-23,921.0120239257812,73588600.0,,,2265.199951171875,3155240000,100.6048812866211,1938900,83.54891204833984,3063400,93.64321899414062,13118400
2017-01-24,892.68701171875,111349000.0,,,2280.070068359375,3816950000,101.39006042480469,2165400,83.41785430908203,2049500,93.00162506103516,8395000
2017-01-25,901.5419921875,120831000.0,,,2298.3701171875,3849340000,102.26148986816406,2427800,83.19435119628906,2912900,91.83435821533203,11115100
2017-01-26,917.5859985351562,131958000.0,,,2296.679931640625,3611510000,102.11481475830078,2178500,83.24825286865234,2046300,92.1435317993164,7827900
2017-01-27,919.75,125594000.0,,,2294.68994140625,3137420000,101.95088958740234,1479500,83.31759643554688,3096800,92.47595977783203,7197800
2017-01-30,920.3820190429688,78227296.0,,,2280.89990234375,3595040000,101.2606201171875,3006100,83.27912139892578,2946200,92.19766998291016,6569500
2017-01-31,970.4030151367188,164582000.0,,,2278.8701171875,4089730000,101.346923828125,3309700,83.47953796386719,7552700,92.83927154541016,13298500
2017-02-01,989.0230102539062,150110000.0,,,2279.550048828125,3919190000,101.33830261230469,2614500,83.36215209960938,2994200,92.2652359008789,10975500
2017-02-02,1011.7999877929688,145820992.0,,,2280.85009765625,3809760000,101.40733337402344,1745200,83.40846252441406,3490700,92.2265396118164,6978600
2017-02-03,1029.9100341796875,201278000.0,,,2297.419921875,3605970000,102.17521667480469,1837600,83.43160247802734,2728400,92.1877670288086,10275600
2017-02-06,1038.1500244140625,111762000.0,,,2292.56005859375,3112390000,101.93363189697266,1598800,83.67113494873047,1827000,92.74552917480469,8433800
2017-02-07,1061.3499755859375,146007008.0,,,2293.080078125,3452460000,101.92498016357422,3365700,83.75605010986328,2659100,93.42723846435547,8418400
2017-02-08,1063.0699462890625,201855008.0,,,2294.669921875,3611950000,102.03716278076172,1836000,83.99552917480469,3873200,94.69775390625,15734200
2017-02-09,994.3829956054688,407220000.0,,,2307.8701171875,3681600000,102.7101821899414,1635300,83.79467010498047,2736000,93.60545349121094,16890600
2017-02-10,988.6740112304688,190452000.0,,,2316.10009765625,3496600000,103.14158630371094,1837800,83.77922058105469,2365300,93.55120849609375,7978500
2017-02-13,990.6420288085938,100607000.0,,,2328.25,3352370000,103.6592788696289,1985500,83.65567016601562,2189800,93.2568359375,11536800
2017-02-14,1004.5499877929688,137946000.0,,,2337.580078125,3528040000,104.03890228271484,2051200,83.47028350830078,2809500,92.58287048339844,13210500
2017-02-15,1007.47998046875,89759400.0,,,2349.25,3785870000,104.6083755493164,1998200,83.33895874023438,2138900,92.15679168701172,8481000
2017-02-16,1027.43994140625,122277000.0,,,2347.219970703125,3675900000,104.51346588134766,2034600,83.51660919189453,5257400,92.6603012084961,10005800
2017-02-17,1046.2099609375,136474000.0,,,2351.159912109375,3516830000,104.66876220703125,1948400,83.70197296142578,2228100,93.21033477783203,7886400
2017-02-21,1115.300048828125,186868992.0,,,2365.3798828125,3587520000,105.28997802734375,2422800,83.69424438476562,1980300,93.04763793945312,8703800
2017-02-22,1117.43994140625,136100000.0,,,2362.820068359375,3473170000,105.15196990966797,1974000,83.74830627441406,2655500,93.2026138305664,8101500
2017-02-23,1166.719970703125,189454000.0,,,2363.81005859375,4021770000,105.07428741455078,2024900,83.88739013671875,2169000,93.48145294189453,5330800
2017-02-24,1173.6800537109375,330759008.0,,,2367.340087890625,3832410000,105.24686431884766,2962900,84.19633483886719,2670900,94.51959228515625,11336000
2017-02-27,1179.969970703125,131570000.0,,,2369.75,3584680000,105.47979736328125,2625100,84.04188537597656,1998200,93.9617919921875,11039800
2017-02-28,1179.969970703125,184956000.0,,,2363.639892578125,4212460000,105.091552734375,2231800,84.01869201660156,3840100,94.31039428710938,8410500
2017-03-01,1222.5,229056992.0,,,2395.9599609375,4347630000,106.50658416748047,2874400,83.62391662597656,3280200,92.73008728027344,10717100
2017-03-02,1251.010009765625,368275008.0,,,2381.919921875,3824030000,105.82496643066406,2421400,83.46916198730469,2299700,92.3963623046875,8201200
2017-03-03,1274.989990234375,315739008.0,,,2383.1201171875,3556670000,105.91122436523438,1651200,83.5311050415039,4293900,92.63697052001953,9515200
2017-03-06,1272.8299560546875,153656992.0,,,2375.31005859375,3251800000,105.4970703125,1716200,83.49237060546875,3678300,92.19453430175781,4489200
2017-03-07,1223.5400390625,291256000.0,,,2368.389892578125,3526300000,105.16059112548828,1612500,83.3840103149414,2237900,91.91515350341797,7080100
2017-03-08,1150.0,332603008.0,,,2362.97998046875,3814080000,104.86721801757812,2374200,83.1827621459961,2834700,91.4183349609375,11336300
2017-03-09,1188.489990234375,212283008.0,,,2364.8701171875,3718450000,104.91899871826172,3852800,82.92733764648438,3527300,90.68878936767578,10575400
2017-03-10,1116.719970703125,563795968.0,,,2372.60009765625,3434400000,105.29862976074219,2987300,83.0511703491211,1906000,91.00697326660156,9218500
2017-03-13,1231.9200439453125,380276992.0,,,2373.469970703125,3166650000,105.37627410888672,2003900,82.91188049316406,1658500,90.43260192871094,6993100
2017-03-14,1240.0,245306000.0,,,2365.449951171875,3173760000,104.99664306640625,2269500,82.94283294677734,2639200,90.86727905273438,9869200
2017-03-15,1249.6099853515625,297804992.0,,,2385.260009765625,3909490000,105.94575500488281,1892200,83.4227066040039,2162900,91.97723388671875,14600500
2017-03-16,1187.81005859375,638568000.0,,,2381.3798828125,3368880000,105.81629943847656,2050100,83.32986450195312,2369700,91.5114974975586,8018200
2017-03-17,1100.22998046875,706598976.0,,,2378.25,5179820000,105.75592041015625,1974000,83.50785827636719,2368800,92.08589935302734,7266800
2017-03-20,1054.22998046875,286529984.0,,,2373.469970703125,3061560000,105.50572204589844,3239900,83.63170623779297,1635200,92.48169708251953,5497800
2017-03-21,1120.5400390625,337391008.0,,,2344.02001953125,4278890000,104.0302963256836,3355100,83.8019790649414,2049700,93.25016021728516,12540700
2017-03-22,1049.1400146484375,380840992.0,,,2348.449951171875,3575160000,104.1683349609375,2896300,83.91804504394531,2643600,93.62272644042969,11661400
2017-03-23,1038.5899658203125,248540000.0,,,2345.9599609375,3262400000,104.1338119506836,2257100,83.9412841796875,2071400,93.49079132080078,6746500
2017-03-24,937.52001953125,491038016.0,,,2343.97998046875,2978530000,104.14424133300781,2305400,83.8716049194336,3374900,93.82455444335938,5819600
2017-03-27,1045.77001953125,372535008.0,,,2341.590087890625,3242300000,104.02288055419922,2927700,84.07286834716797,1977300,94.25137329101562,6878500
2017-03-28,1047.1500244140625,326332000.0,,,2358.570068359375,3369120000,104.75092315673828,2699200,83.87937927246094,2016100,93.62272644042969,6811200
2017-03-29,1039.969970703125,298457984.0,,,2361.1298828125,3107670000,104.94160461425781,3196500,84.06513214111328,1965600,94.1815185546875,6291000
2017-03-30,1026.4300537109375,352968992.0,,,2368.06005859375,3159680000,105.33162689208984,2076900,83.91036224365234,1733900,93.42091369628906,7042400
2017-03-31,1071.7900390625,447287008.0,,,2362.719970703125,3356740000,105.14962005615234,1815900,83.97228240966797,3717700,93.69255828857422,5144800
2017-04-03,1143.81005859375,580444032.0,,,2358.840087890625,3418730000,104.88958740234375,3103100,84.28404235839844,5197800,94.63763427734375,12996500
2017-04-04,1133.25,436310016.0,,,2360.159912109375,3208340000,104.94160461425781,2462600,84.20647430419922,1627500,94.12425994873047,6976700
2017-04-05,1124.780029296875,414784000.0,,,2352.949951171875,3780650000,104.51689910888672,3905800,84.29959106445312,2304100,94.41205596923828,8555200
2017-04-06,1182.6800537109375,511222016.0,,,2357.489990234375,3203250000,104.84626770019531,2056100,84.29177856445312,1725300,94.27203369140625,6497000
2017-04-07,1176.9000244140625,317022016.0,,,2355.5400390625,3054700000,104.76825714111328,1997000,84.1056137084961,1783600,93.89089965820312,10270000
2017-04-10,1187.1300048828125,215883008.0,,,2357.159912109375,2792570000,104.89828491210938,1669500,84.2142562866211,1903800,94.32652282714844,5314500
2017-04-11,1205.010009765625,216182000.0,,,2353.780029296875,3120900000,104.86360931396484,2895500,84.45465850830078,2200800,95.22095489501953,11297400
2017-04-12,1200.3699951171875,288702016.0,,,2344.929931640625,3201300000,104.32622528076172,1967200,84.64083099365234,2433000,95.74214935302734,11532500
2017-04-13,1169.280029296875,351968992.0,,,2328.949951171875,3146380000,103.61554718017578,2852200,84.7494125366211,2339900,96.0377197265625,8396700
2017-04-17,1193.9100341796875,253206000.0,,,2349.010009765625,2826890000,104.51689910888672,3198700,84.70286560058594,1646100,95.74214935302734,8015000
2017-04-18,1211.6700439453125,270524000.0,,,2342.18994140625,3272210000,104.29159545898438,1865800,85.04412078857422,2369500,96.994384765625,11529700
2017-04-19,1210.2900390625,288060992.0,,,2338.169921875,3521160000,104.20489501953125,1806900,84.91227722167969,2148500,96.46544647216797,7344000
2017-04-20,1229.0799560546875,315108000.0,,,2355.840087890625,3648990000,105.06294250488281,1783400,84.7804183959961,1867800,96.09217834472656,7932900
2017-04-21,1222.050048828125,272167008.0,,,2348.68994140625,3524160000,104.72492218017578,2006500,84.80369567871094,1539300,96.09217834472656,9798500
2017-04-24,1250.1500244140625,235806000.0,,,2374.14990234375,3711170000,105.83434295654297,2178800,84.67960357666016,2745400,95.61766052246094,8066400
2017-04-25,1265.489990234375,242556000.0,,,2388.610107421875,4005820000,106.49302673339844,2145200,84.40037536621094,1888500,94.46653747558594,8122300
2017-04-26,1281.0799560546875,329631008.0,,,2387.449951171875,4111350000,106.51903533935547,3080100,84.50897216796875,2893700,94.98761749267578,5766200
2017-04-27,1317.72998046875,449196992.0,,,2388.77001953125,4099940000,106.62303161621094,1868200,84.58650207519531,1660900,94.95655059814453,4978300
2017-04-28,1316.47998046875,527488992.0,,,2384.199951171875,3721350000,106.26769256591797,1795800,84.73388671875,5774800,95.16654205322266,8166300
2017-05-01,1421.5999755859375,713624000.0,,,2388.330078125,3201500000,106.54501342773438,1983100,84.51546478271484,2510000,94.37541961669922,8795900
2017-05-02,1452.8199462890625,477337984.0,,,2391.169921875,3861360000,106.54501342773438,1756900,84.63204193115234,2841400,94.85869598388672,6727800
2017-05-03,1490.0899658203125,583795968.0,,,2388.1298828125,3896760000,106.28501892089844,3691000,84.54655456542969,1923400,94.92098236083984,8932900
2017-05-04,1537.6700439453125,933548992.0,,,2389.52001953125,4367860000,106.36302185058594,1564300,84.47660064697266,1897900,94.4533462524414,9707200
2017-05-05,1555.449951171875,946035968.0,,,2399.2900390625,3543240000,106.89171600341797,2057700,84.49211120605469,1421800,94.53909301757812,5605400
2017-05-08,1723.3499755859375,1340320000.0,,,2399.3798828125,3429990000,106.7270278930664,2150900,84.32893371582031,3568400,94.02461242675781,8057800
2017-05-09,1755.3599853515625,1167920000.0,,,2396.919921875,3657840000,106.69235229492188,1846200,84.33671569824219,3084900,94.01686096191406,5536700
2017-05-10,1787.1300048828125,915723008.0,,,2399.6298828125,3649370000,106.92637634277344,1468500,84.3599853515625,1653400,93.9077377319336,6517000
2017-05-11,1848.5699462890625,799489984.0,,,2394.43994140625,3727710000,106.61434936523438,1499600,84.3522720336914,2331000,93.9077377319336,7479800
2017-05-12,1724.239990234375,740984000.0,,,2390.89990234375,3304620000,106.40634155273438,1235300,84.66314697265625,1329700,94.61705780029297,7463900
2017-05-15,1738.4300537109375,731529024.0,,,2402.320068359375,3490080000,106.97836303710938,3097000,84.63204193115234,1771000,94.35981750488281,5173200
2017-05-16,1734.449951171875,959044992.0,,,2400.669921875,3421810000,106.917724609375,2128400,84.74085998535156,2051800,94.71057891845703,6722700
2017-05-17,1839.0899658203125,1064729984.0,,,2357.030029296875,4164760000,104.99358367919922,3703500,85.1761703491211,2464500,96.09017944335938,11236400
2017-05-18,1888.6500244140625,894321024.0,,,2365.719970703125,4319440000,105.30563354492188,2883400,85.12955474853516,2107000,96.19929504394531,8350500
2017-05-19,1987.7099609375,1157289984.0,,,2381.72998046875,3831700000,106.0596694946289,2144200,85.12955474853516,1504000,96.42537689208984,11277400
2017-05-22,2173.39990234375,1942220032.0,,,2394.02001953125,3176580000,106.62303161621094,1810100,85.07510375976562,1642700,96.16035461425781,4062900
2017-05-23,2320.419921875,1378749952.0,,,2398.419921875,3216560000,106.80502319335938,1796600,84.91190338134766,1334500,95.513427734375,7901300
2017-05-24,2443.639892578125,1725379968.0,,,2404.389892578125,3389240000,107.1170654296875,1552200,85.0595703125,2719200,96.05119323730469,7355200
2017-05-25,2304.97998046875,2406700032.0,,,2415.070068359375,3538210000,107.5677490234375,1492300,85.09844970703125,1558100,96.0824203491211,6464800
2017-05-26,2202.419921875,1763480064.0,,,2415.820068359375,2806930000,107.55040740966797,1320800,85.06735229492188,955300,96.2460708618164,2963800
2017-05-30,2175.469970703125,1443970048.0,,,2412.909912109375,3205860000,107.3770751953125,1348300,85.23057556152344,2093200,96.72150421142578,4819400
2017-05-31,2286.409912109375,1544829952.0,,,2411.800048828125,4518040000,107.3424072265625,2043800,85.31610107421875,2416500,96.96318817138672,8000200
2017-06-01,2407.8798828125,1653180032.0,,,2430.06005859375,3860620000,108.33911895751953,1926700,85.27715301513672,2454500,96.9732894897461,9037300
2017-06-02,2488.550048828125,1317030016.0,,,2439.070068359375,3465500000,108.6944808959961,2839300,85.55756378173828,1507400,98.12158966064453,13245000
2017-06-05,2686.81005859375,1369309952.0,,,2436.10009765625,2916720000,108.55579376220703,1494200,85.42513275146484,2450600,97.51228332519531,6775500
2017-06-06,2863.199951171875,2089609984.0,,,2429.330078125,3376750000,108.2784423828125,2985200,85.59649658203125,1607700,98.04342651367188,12841500
2017-06-07,2732.159912109375,1517709952.0,,,2433.139892578125,3576220000,108.39979553222656,1253300,85.4952392578125,1903500,97.57476043701172,12852400
2017-06-08,2805.6201171875,1281170048.0,,,2433.7900390625,3735980000,108.5904769897461,1826700,85.4095458984375,1532700,97.31697082519531,8758600
2017-06-09,2823.81005859375,1348950016.0,,,2431.77001953125,4029860000,108.50379180908203,2585600,85.33946228027344,1616800,97.16862487792969,5130500
2017-06-12,2659.6298828125,2569530112.0,,,2429.389892578125,4031840000,108.48646545410156,1973500,85.33946228027344,1394800,97.13731384277344,4335800
2017-06-13,2717.02001953125,1781200000.0,,,2440.35009765625,3278240000,109.02381896972656,1567400,85.3628158569336,1474300,97.15296936035156,4742600
2017-06-14,2506.3701171875,1696560000.0,,,2437.919921875,3558640000,108.86781311035156,2584300,85.63546752929688,2627500,98.65270233154297,20212300
2017-06-15,2464.580078125,2026259968.0,,,2432.4599609375,3371980000,108.62510681152344,2483500,85.58096313476562,2233900,98.4964599609375,5863700
2017-06-16,2518.56005859375,1195190016.0,,,2433.14990234375,5299380000,108.55579376220703,2018000,85.63546752929688,2216600,98.69172668457031,6672500
2017-06-19,2589.60009765625,1446840064.0,,,2453.4599609375,3271480000,109.43984985351562,1816100,85.51858520507812,1610400,98.5511245727539,5641300
2017-06-20,2721.7900390625,1854189952.0,,,2437.030029296875,3422700000,108.6944808959961,1359500,85.65103912353516,2195100,99.43376159667969,8405700
2017-06-21,2689.10009765625,1626579968.0,,,2435.610107421875,3599190000,108.56819915771484,3364600,85.6666030883789,1217400,99.63684844970703,5914800
2017-06-22,2705.409912109375,1097939968.0,,,2434.5,3477250000,108.61176300048828,1639300,85.70552825927734,1427400,99.85551452636719,6608100
2017-06-23,2744.909912109375,961318976.0,,,2438.300048828125,5282460000,108.88166809082031,1829300,85.72113800048828,1259100,99.80870819091797,4329900
2017-06-26,2478.449951171875,1663280000.0,,,2439.070068359375,3243660000,108.96002960205078,2605600,85.79902648925781,1914400,100.18365478515625,5541600
2017-06-27,2552.449951171875,1489789952.0,,,2419.3798828125,3564770000,108.06318664550781,2386300,85.54194641113281,3072300,99.11351776123047,8354200
2017-06-28,2574.7900390625,1183869952.0,,,2440.68994140625,3479980000,109.08193969726562,2444400,85.57313537597656,12184400,98.7854995727539,7357900
2017-06-29,2539.320068359375,949979008.0,,,2419.699951171875,3869560000,108.21121215820312,2354500,85.4095458984375,3377200,97.95751190185547,9115800
2017-06-30,2480.840087890625,860273024.0,,,2423.409912109375,3366030000,108.35926055908203,1910000,85.30050659179688,2626900,97.73099517822266,10189800
2017-07-03,2564.06005859375,964112000.0,,,2429.010009765625,1901480000,108.62045288085938,1645700,85.1482925415039,1817300,97.41632843017578,11021100
2017-07-05,2601.989990234375,941566016.0,,,2432.5400390625,3368150000,108.74234771728516,2167500,85.19514465332031,4288600,97.43981170654297,11394500
2017-07-06,2608.56005859375,761956992.0,,,2409.75,3368710000,107.67140197753906,1881800,85.03124237060547,2284900,96.63363647460938,10853100
2017-07-07,2518.659912109375,917411968.0,,,2425.179931640625,2929390000,108.42018127441406,1709700,85.00003814697266,2727400,96.05443572998047,9401800
2017-07-10,2372.56005859375,1111200000.0,,,2427.429931640625,3009880000,108.49858093261719,1404700,85.03902435302734,2386400,96.19532012939453,3859200
2017-07-11,2337.7900390625,1329760000.0,,,2425.530029296875,3108800000,108.47244262695312,1560200,85.1170883178711,1969100,96.3596420288086,4425600
2017-07-12,2398.840087890625,1117410048.0,,,2443.25,3176900000,109.24736022949219,1993100,85.37464904785156,2129900,97.02498626708984,7839900
2017-07-13,2357.89990234375,835769984.0,,,2447.830078125,3068510000,109.4215087890625,1514100,85.28102111816406,1568300,96.41448974609375,7449300
2017-07-14,2233.340087890625,882502976.0,,,2459.27001953125,2738460000,109.90908813476562,1410900,85.36685943603516,1916600,96.5318603515625,6566800
2017-07-17,2228.409912109375,1201760000.0,,,2459.139892578125,2800580000,109.90908813476562,1798400,85.40587615966797,4078500,96.79798889160156,4737300
2017-07-18,2318.8798828125,1512450048.0,,,2460.610107421875,2974090000,109.97875213623047,2010000,85.60099792480469,2878400,97.6433334350586,9163000
2017-07-19,2273.429931640625,1245100032.0,,,2473.830078125,3063810000,110.61439514160156,1276400,85.62443542480469,1577700,97.68248748779297,5140900
2017-07-20,2817.60009765625,2249260032.0,,,2473.449951171875,3223820000,110.68401336669922,1463800,85.64784240722656,1802600,97.96424865722656,12239100
2017-07-21,2667.760009765625,1489449984.0,,,2472.5400390625,3066880000,110.53600311279297,1819500,85.7961654663086,1531700,98.37906646728516,6201500
2017-07-24,2754.860107421875,866473984.0,,,2469.909912109375,3019920000,110.54470825195312,4897700,85.71807098388672,1946000,97.99553680419922,5378500
2017-07-25,2576.47998046875,1460089984.0,,,2477.1298828125,4116360000,110.91040802001953,1709400,85.41371154785156,2601700,96.71976470947266,9743300
2017-07-26,2529.449951171875,937404032.0,,,2477.830078125,3597830000,110.8320541381836,1624400,85.57762908935547,2249800,96.8762435913086,8459500
2017-07-27,2671.780029296875,789104000.0,,,2475.419921875,4035740000,110.6404800415039,1707800,85.4527359008789,1868600,96.39881896972656,6390800
2017-07-28,2809.010009765625,1380099968.0,,,2472.10009765625,3302850000,110.45765686035156,1651800,85.62443542480469,1894200,96.97019958496094,5491800
2017-07-31,2875.340087890625,860574976.0,,,2470.300048828125,3475930000,110.39669799804688,1496600,85.58537292480469,2363000,97.08761596679688,5464600
2017-08-01,2718.260009765625,1324669952.0,,,2476.35009765625,3470260000,110.62307739257812,1790600,85.820068359375,2338900,97.76924133300781,9676800
2017-08-02,2710.669921875,1094950016.0,,,2477.570068359375,3487150000,110.51859283447266,2929400,85.75748443603516,2253300,97.82421112060547,5745600
2017-08-03,2804.72998046875,804796992.0,,,2472.159912109375,3662410000,110.26608276367188,2582500,85.92960357666016,1485200,98.83606719970703,10324500
2017-08-04,2895.889892578125,1002120000.0,,,2476.830078125,3239980000,110.50121307373047,972400,85.78877258300781,2300900,97.99671936035156,8485500
2017-08-07,3378.93994140625,1482279936.0,,,2480.909912109375,2935130000,110.71885681152344,1114700,85.78096771240234,2359800,98.10657501220703,4684600
2017-08-08,3419.93994140625,1752760064.0,,,2474.919921875,3347480000,110.41410064697266,1360300,85.70270538330078,2570800,97.75357818603516,6197400
2017-08-09,3342.469970703125,1468960000.0,,,2474.02001953125,3310960000,110.29220581054688,1679900,85.78096771240234,2308900,98.28694915771484,9221800
2017-08-10,3381.280029296875,1515110016.0,,,2438.2099609375,3635820000,108.67269897460938,2455300,85.86698150634766,2004200,99.12629699707031,10378200
2017-08-11,3650.6201171875,2021190016.0,,,2441.320068359375,3161830000,108.8729476928711,2039100,85.93743133544922,1913300,99.17338562011719,5717800
2017-08-14,4325.1298828125,2463089920.0,,,2465.840087890625,2824320000,109.98748779296875,1467400,85.89823150634766,2293900,98.66350555419922,5111000
2017-08-15,4181.93017578125,3258050048.0,,,2464.610107421875,2922430000,109.88297271728516,1523000,85.77312469482422,2177400,98.24774169921875,7473200
2017-08-16,4376.6298828125,2272039936.0,,,2468.110107421875,2956570000,110.083251953125,1379800,85.92960357666016,1956500,98.60858917236328,5283800
2017-08-17,4331.68994140625,2553359872.0,,,2430.010009765625,3164950000,108.33312225341797,3440500,86.0547103881836,5403500,99.34595489501953,9364700
2017-08-18,4160.6201171875,2941710080.0,,,2425.550048828125,3426970000,108.15029907226562,2836500,85.99996185302734,1564800,99.32238006591797,8382500
2017-08-21,4001.739990234375,2800890112.0,,,2428.3701171875,2803650000,108.3070068359375,1627300,86.0625,1717600,99.56555938720703,7669800
2017-08-22,4100.52001953125,3764239872.0,,,2452.510009765625,2780990000,109.39537811279297,2089500,85.98430633544922,1992300,99.18120574951172,6140700
2017-08-23,4151.52001953125,2369819904.0,,,2444.0400390625,2796950000,109.06452178955078,1268800,86.17984771728516,1894900,99.85577392578125,7446400
2017-08-24,4334.68017578125,2037750016.0,,,2438.969970703125,2849680000,108.890380859375,1381700,86.07035064697266,2102100,99.48711395263672,5569400
2017-08-25,4371.60009765625,1727970048.0,,,2443.050048828125,2593350000,109.15161895751953,1158200,86.13290405273438,2326800,99.87147521972656,7303300
2017-08-28,4382.66015625,1959330048.0,,,2444.239990234375,2682920000,109.19513702392578,1787900,86.16419982910156,4476000,99.80873107910156,4448500
2017-08-29,4579.02001953125,2486080000.0,,,2446.300048828125,2739460000,109.23865509033203,1312300,86.28936767578125,2092200,100.13035583496094,7659400
2017-08-30,4565.2998046875,1937849984.0,,,2457.590087890625,2637780000,109.81332397460938,1730600,86.273681640625,1505700,100.09896850585938,4735200
2017-08-31,4703.39013671875,1944930048.0,,,2471.64990234375,3353860000,110.5621337890625,3384400,86.39103698730469,5308300,100.39702606201172,7978400
2017-09-01,4892.009765625,2599079936.0,,,2476.550048828125,2712780000,110.81462860107422,2122600,86.19509887695312,2824200,99.62911224365234,14128600
2017-09-05,4376.52978515625,2697969920.0,,,2457.85009765625,3502190000,109.96133422851562,2319000,86.54782104492188,2257000,101.208984375,15215700
2017-09-06,4597.1201171875,2172100096.0,,,2465.5400390625,3400200000,110.26608276367188,1449900,86.45372772216797,2720200,100.58805847167969,9066400
2017-09-07,4599.8798828125,1844620032.0,,,2465.10009765625,3365780000,110.2138442993164,1218600,86.66536712646484,1648800,101.6177749633789,13618900
2017-09-08,4228.75,2700890112.0,,,2461.429931640625,3308360000,110.135498046875,1206100,86.56351470947266,2363200,101.39762115478516,9808500
2017-09-11,4161.27001953125,1557330048.0,,,2488.110107421875,3293460000,111.31965637207031,1346500,86.32833099365234,2492700,100.18716430664062,17856700
2017-09-12,4130.81005859375,1864530048.0,,,2496.47998046875,3234280000,111.74629974365234,2264200,86.20291137695312,2403600,99.66050720214844,7557400
2017-09-13,3882.590087890625,2219409920.0,,,2498.3701171875,3371370000,111.79853820800781,1692500,86.11674499511719,1304100,99.26753234863281,6740000
2017-09-14,3154.949951171875,2716310016.0,,,2495.6201171875,3422470000,111.76370239257812,1493200,86.16373443603516,1704200,99.67626190185547,6674500
2017-09-15,3637.52001953125,4148069888.0,,,2500.22998046875,4862970000,111.97269439697266,1531300,86.14805603027344,2818000,99.71558380126953,9769200
2017-09-18,4065.199951171875,1943209984.0,,,2503.8701171875,3204700000,112.24260711669922,1792300,86.10891723632812,1946300,99.14175415039062,6863000
2017-09-19,3924.969970703125,1563980032.0,,,2506.64990234375,3253760000,112.29483032226562,1241700,86.06185913085938,1407200,98.8980712890625,5554900
2017-09-20,3905.949951171875,1213830016.0,,,2508.239990234375,3584570000,112.47770690917969,1729200,85.99132537841797,1356800,98.96883392333984,8037000
2017-09-21,3631.0400390625,1411480064.0,,,2500.60009765625,2965590000,112.16424560546875,1730600,85.97566986083984,2210900,98.913818359375,6147800
2017-09-22,3630.699951171875,1194829952.0,,,2502.219970703125,2877980000,112.25428009033203,1601600,86.0383529663086,1461800,99.19676208496094,5660700
2017-09-25,3926.070068359375,1374210048.0,,,2496.659912109375,3314530000,112.07067108154297,2186000,86.2420883178711,3937600,99.81773376464844,9679000
2017-09-26,3892.35009765625,1043740032.0,,,2496.840087890625,3070770000,112.0969009399414,1851500,86.21078491210938,2749900,99.636962890625,7251900
2017-09-27,4200.669921875,1686880000.0,,,2507.0400390625,3485070000,112.70902252197266,2374400,85.9599609375,3042800,98.1356430053711,12145700
2017-09-28,4174.72998046875,1712320000.0,,,2510.06005859375,3173030000,112.89266204833984,1484800,85.96778106689453,1702500,97.84483337402344,8883700
2017-09-29,4163.06982421875,1367049984.0,,,2519.360107421875,3220260000,113.25994873046875,1720600,85.89726257324219,5770800,98.06485748291016,11285500
2017-10-02,4409.31982421875,1431730048.0,,,2529.1201171875,3226370000,113.85454559326172,2678000,85.94988250732422,5692200,97.88533782958984,7860700
2017-10-03,4317.47998046875,1288019968.0,,,2534.580078125,3073480000,114.08191680908203,1825100,86.02057647705078,2462200,97.97981262207031,6219800
2017-10-04,4229.35986328125,1116770048.0,,,2537.739990234375,3020770000,114.19559478759766,1495700,85.99697875976562,2673200,97.98770141601562,7447000
2017-10-05,4328.41015625,1161769984.0,,,2552.070068359375,3059730000,114.79895782470703,2387200,85.95773315429688,1909900,97.61753845214844,8180300
2017-10-06,4370.81005859375,1069939968.0,,,2549.330078125,2898270000,114.72027587890625,1635000,85.83206939697266,1824000,97.34185791015625,10375000
2017-10-09,4772.02001953125,1968739968.0,,,2544.72998046875,2486940000,114.492919921875,1012100,85.94988250732422,1131500,97.6490478515625,3590900
2017-10-10,4781.990234375,1597139968.0,,,2550.639892578125,2962610000,114.76399230957031,2915300,85.95773315429688,1635800,97.80653381347656,6666800
2017-10-11,4826.47998046875,1222279936.0,,,2555.239990234375,2991320000,114.92142486572266,2012700,85.97345733642578,1866400,97.99557495117188,4385900
2017-10-12,5446.91015625,2791610112.0,,,2550.929931640625,3157280000,114.78147888183594,2171200,86.07555389404297,1933400,98.41304016113281,7141600
2017-10-13,5647.2099609375,3615480064.0,,,2553.169921875,3150470000,114.8689193725586,1543900,86.28763580322266,1743800,99.1218490600586,7746900
2017-10-16,5725.58984375,2008070016.0,,,2557.639892578125,2918030000,114.94761657714844,1789500,86.20121765136719,3788100,99.0510025024414,5737300
2017-10-17,5605.509765625,1821570048.0,,,2559.360107421875,2901890000,115.00007629394531,1340600,86.16981506347656,1764400,99.17696380615234,4969600
2017-10-18,5590.68994140625,2399269888.0,,,2561.260009765625,2999320000,115.14875030517578,1470900,86.0362777709961,1663800,98.52326965332031,5943800
2017-10-19,5708.52001953125,1780540032.0,,,2562.10009765625,3019520000,115.17498779296875,1942600,86.0990982055664,1877000,98.69651794433594,8966500
2017-10-20,6011.4501953125,2354429952.0,,,2575.2099609375,3394450000,115.79586029052734,1751000,85.84777069091797,2014200,97.6490478515625,12326900
2017-10-23,5930.31982421875,2401840128.0,,,2564.97998046875,3214470000,115.3061752319336,1755700,85.94198608398438,2000800,97.82231140136719,6871100
2017-10-24,5526.64013671875,2735699968.0,,,2569.1298828125,3435660000,115.50729370117188,1574400,85.76136779785156,1722300,97.21582794189453,6842800
2017-10-25,5750.7998046875,1966989952.0,,,2557.14990234375,3885470000,114.90388488769531,2186500,85.70638275146484,2945400,96.75116729736328,9961400
2017-10-26,5904.830078125,1905040000.0,,,2560.39990234375,3891750000,115.05257415771484,5396300,85.61215209960938,2163500,96.42822265625,8179400
2017-10-27,5780.89990234375,1710130048.0,,,2581.070068359375,3896100000,115.98822021484375,2672600,85.80066680908203,1902500,97.06617736816406,10480900
2017-10-30,6130.52978515625,1772150016.0,,,2572.830078125,3660230000,115.48106384277344,1688900,86.0362777709961,2384800,97.99557495117188,9051600
2017-10-31,6468.39990234375,2311379968.0,,,2575.260009765625,3844420000,115.71717071533203,2378300,85.98127746582031,3719900,98.02705383300781,4424300
2017-11-01,6767.31005859375,2870320128.0,,,2579.360107421875,3841200000,115.81336975097656,2275500,86.0190658569336,2959400,98.46360778808594,8940400
2017-11-02,7078.5,4653770240.0,,,2579.85009765625,4050140000,115.83959197998047,5097200,86.06629943847656,2160500,98.89768981933594,7222700
2017-11-03,7207.759765625,3369860096.0,,,2587.840087890625,3568710000,116.14564514160156,2677400,86.1450424194336,1781200,99.16603088378906,10984100
2017-11-06,7022.759765625,3111899904.0,,,2591.1298828125,3541970000,116.36425018310547,2017700,86.22371673583984,1293000,99.53701782226562,6246700
2017-11-07,7144.3798828125,2326340096.0,,,2590.639892578125,3815190000,116.16313934326172,2527400,86.2473373413086,2015500,99.95530700683594,6422700
2017-11-08,7459.68994140625,4602200064.0,,,2594.3798828125,3898450000,116.35550689697266,1267700,86.1922378540039,2742600,99.73432159423828,3356200
2017-11-09,7143.580078125,3226249984.0,320.8840026855469,893249984.0,2584.6201171875,3844100000,115.88330841064453,4320300,86.1292724609375,2479800,99.4501724243164,6280400
2017-11-10,6618.14013671875,5208249856.0,299.25299072265625,885985984.0,2582.300048828125,3489740000,115.90079498291016,2042100,85.78291320800781,1751100,97.95054626464844,11981000
2017-11-13,6559.490234375,6263249920.0,316.71600341796875,1041889984.0,2584.840087890625,3405200000,115.9620132446289,1876000,85.78291320800781,1891600,98.1557388305664,5880800
2017-11-14,6635.75,3197110016.0,337.6310119628906,1069680000.0,2578.8701171875,3643580000,115.75210571289062,3776500,85.8695297241211,2799900,98.81873321533203,6195900
2017-11-15,7315.5400390625,4200880128.0,333.35699462890625,722665984.0,2564.6201171875,3586590000,115.15751647949219,1772400,86.03482818603516,2495700,99.8921890258789,9568200
2017-11-16,7871.68994140625,5123809792.0,330.92401123046875,797254016.0,2585.639892578125,3329730000,116.20684814453125,1730600,85.94037628173828,1912600,99.02395629882812,5894900
2017-11-17,7708.990234375,4651670016.0,332.3940124511719,621732992.0,2578.85009765625,3309800000,115.98822021484375,4850200,86.03482818603516,3544600,99.75799560546875,6938800
2017-11-20,8200.6396484375,3488450048.0,366.7300109863281,807027008.0,2582.139892578125,3023940000,116.28556823730469,1805700,85.98759460449219,2639100,99.71851348876953,4232300
2017-11-21,8071.259765625,4277609984.0,360.4010009765625,949912000.0,2599.030029296875,3351230000,117.09001922607422,1956900,86.07414245605469,2297400,100.03423309326172,5818400
2017-11-22,8253.5498046875,3633530112.0,380.6520080566406,800819008.0,2597.080078125,2764110000,117.00262451171875,1295600,86.22371673583984,6104100,100.35784149169922,4140700
2017-11-24,8253.6904296875,5058610176.0,474.9110107421875,2292829952.0,2602.419921875,1385890000,117.2737045288086,670500,86.20799255371094,1693500,100.08161926269531,3141400
2017-11-27,9818.349609375,5653320192.0,480.3550109863281,1396480000.0,2601.419921875,3017720000,117.15128326416016,1754300,86.20799255371094,2653300,99.93952941894531,6079900
2017-11-28,10058.7998046875,6348819968.0,472.9020080566406,1346499968.0,2627.0400390625,3493340000,118.31429290771484,2922900,86.20799255371094,5126900,100.07371520996094,5983000
2017-11-29,9888.6103515625,11568799744.0,427.52301025390625,2675940096.0,2626.070068359375,4090630000,118.31429290771484,2066300,85.99546813964844,2423700,99.08710479736328,14547100
2017-11-30,10233.599609375,8310689792.0,447.114013671875,1903040000.0,2647.580078125,4965700000,119.22372436523438,2854400,85.85384368896484,4011300,98.755615234375,9630000
2017-12-01,10975.599609375,6783119872.0,466.5400085449219,1247879936.0,2642.219970703125,3950930000,118.98765563964844,3585700,86.09908294677734,3410200,100.08830261230469,24583100
2017-12-04,11657.2001953125,6132409856.0,470.2040100097656,1005550016.0,2639.43994140625,4025840000,118.83021545410156,3119400,86.0911865234375,2652800,100.13568115234375,9609200
2017-12-05,11916.7001953125,6895260160.0,463.281005859375,1216720000.0,2629.570068359375,3547570000,118.32301330566406,2583300,86.17794799804688,2995500,100.63398742675781,10958900
2017-12-06,14291.5,12656300032.0,428.5880126953125,1998259968.0,2629.27001953125,3253080000,118.25310516357422,2835600,86.26469421386719,2965800,100.98197174072266,11834200
2017-12-07,17899.69921875,17950699520.0,434.4079895019531,2129570048.0,2636.97998046875,3297060000,118.72530364990234,1537600,86.15430450439453,2584100,100.19107818603516,13056800
2017-12-08,16569.400390625,21135998976.0,456.031005859375,2336379904.0,2651.5,3126750000,119.34612274169922,1502600,86.12276458740234,1685000,100.1989974975586,4786100
2017-12-11,16936.80078125,12153900032.0,515.135986328125,1771440000.0,2659.989990234375,3141480000,119.62599182128906,1934300,86.0911865234375,2612400,99.99333190917969,3863800
2017-12-12,17415.400390625,14603799552.0,651.4310302734375,5179829760.0,2664.110107421875,3568910000,119.75715637207031,1517200,86.05170440673828,3142400,99.95384979248047,7502400
2017-12-13,16408.19921875,12976900096.0,702.7670288085938,4524539904.0,2662.85009765625,3568360000,119.77462005615234,1858800,86.29627990722656,3109500,100.70518493652344,8532900
2017-12-14,16564.0,13777399808.0,695.8159790039062,3821580032.0,2652.010009765625,3442760000,119.21499633789062,1856100,86.31993103027344,4126100,101.13224792480469,6885000
2017-12-15,17706.900390625,14309999616.0,684.447998046875,2758710016.0,2675.81005859375,5736910000,120.2818374633789,2293000,86.34355926513672,2403700,101.51187133789062,7239400
2017-12-18,19114.19921875,14839499776.0,794.64501953125,3249230080.0,2690.159912109375,3727770000,121.11254119873047,2696300,86.23319244384766,4474300,100.58656311035156,7239700
2017-12-19,17776.69921875,16894499840.0,826.822998046875,4096549888.0,2681.469970703125,3407680000,120.6229019165039,3642100,85.9807357788086,2820900,99.28152465820312,11045800
2017-12-20,16624.599609375,22149699584.0,819.0859985351562,3969939968.0,2679.25,3246230000,120.6141128540039,2522200,85.78359985351562,4002500,98.1822280883789,10005800
2017-12-21,15802.900390625,16516599808.0,821.06298828125,3569060096.0,2684.570068359375,3293130000,120.88919830322266,2111200,85.85935974121094,2374500,98.75444030761719,7026900
2017-12-22,13831.7998046875,22197999616.0,674.8599853515625,4977710080.0,2683.340087890625,2401030000,120.84526062011719,1926000,85.89875030517578,3292800,98.88915252685547,3974300
2017-12-26,16099.7998046875,13454300160.0,773.8359985351562,2201159936.0,2680.5,1970660000,120.74857330322266,2051300,85.96979522705078,1873400,99.18241119384766,3168400
2017-12-27,15838.5,12487600128.0,762.8419799804688,2100029952.0,2682.6201171875,2202900000,120.79254913330078,2242400,86.23802185058594,2046900,100.47431182861328,9059700
2017-12-28,14606.5,12336499712.0,737.0230102539062,2389149952.0,2687.5400390625,2174890000,121.05613708496094,2936500,86.17491149902344,2895400,100.38716125488281,5297100
2017-12-29,14656.2001953125,13025500160.0,753.5919799804688,2648969984.0,2673.610107421875,2447760000,120.60797119140625,2256500,86.26170349121094,2813400,100.5456314086914,7580500
2018-01-02,14982.099609375,16846600192.0,884.4439697265625,5783349760.0,2695.81005859375,3397430000,121.4603500366211,3699700,86.13550567626953,8850900,99.45980834960938,16238200
2018-01-03,15201.0,16871900160.0,962.719970703125,5093159936.0,2713.06005859375,3544030000,122.16338348388672,3052300,86.14336395263672,2441700,99.93537139892578,8605100
2018-01-04,15599.2001953125,21783199744.0,980.9219970703125,6502859776.0,2723.989990234375,3697340000,122.62907409667969,2572400,86.08812713623047,2945400,99.91950225830078,9217900
2018-01-05,17429.5,23840899072.0,997.719970703125,6683149824.0,2743.14990234375,3239280000,123.3496322631836,2188500,86.03287506103516,4322900,99.63418579101562,10915400
2018-01-08,15170.099609375,18413899776.0,1148.530029296875,8450970112.0,2747.7099609375,3246160000,123.63084411621094,2655300,86.00922393798828,3394500,99.57076263427734,8850600
2018-01-09,14595.400390625,16659999744.0,1299.739990234375,7965459968.0,2751.2900390625,3467460000,123.85933685302734,2625200,85.77256774902344,2301300,98.2392807006836,16226400
2018-01-10,14973.2998046875,18500800512.0,1255.8199462890625,9214950400.0,2748.22998046875,3579900000,123.66600036621094,2014900,85.77256774902344,4194300,98.120361328125,14302600
2018-01-11,13405.7998046875,16534099968.0,1154.9300537109375,7235899904.0,2767.56005859375,3645690000,124.71171569824219,2188000,85.8119888305664,3470400,98.52455139160156,12511000
2018-01-12,13980.599609375,12065699840.0,1273.199951171875,5222300160.0,2786.239990234375,3587220000,125.44110870361328,2661800,85.79621887207031,3605900,98.69103240966797,9987100
2018-01-16,11490.5,18853799936.0,1053.68994140625,8405139968.0,2776.419921875,4362880000,124.8874740600586,3973400,85.81989288330078,6794400,99.10317993164062,9125900
2018-01-17,11188.599609375,18830600192.0,1014.25,8545160192.0,2802.56005859375,3790340000,126.03864288330078,2756400,85.7252197265625,3146300,98.96842956542969,8327000
2018-01-18,11474.900390625,15020399616.0,1036.280029296875,5938319872.0,2798.030029296875,3703300000,125.8189468383789,2705800,85.53585052490234,2896500,98.04908752441406,10843900
2018-01-19,11607.400390625,10740400128.0,1039.0999755859375,4084450048.0,2810.300048828125,3724230000,126.46923065185547,2119000,85.35440063476562,2933800,97.53388214111328,11374300
2018-01-22,10931.400390625,10537400320.0,1003.260009765625,3810099968.0,2832.969970703125,3489480000,127.47100830078125,2849900,85.32281494140625,3983200,97.62897491455078,8984700
2018-01-23,10868.400390625,9660609536.0,986.22900390625,3556699904.0,2839.1298828125,3541140000,127.78729248046875,2261300,85.52796936035156,4775600,98.04908752441406,12325700
2018-01-24,11359.400390625,9940989952.0,1058.780029296875,3944039936.0,2837.5400390625,4079270000,127.6643295288086,3409300,85.44117736816406,2362300,97.51802062988281,9038900
2018-01-25,11259.400390625,8873169920.0,1056.030029296875,4050190080.0,2839.25,3873100000,127.71703338623047,4234600,85.6620864868164,9851600,98.31851959228516,12173300
2018-01-26,11171.400390625,9746199552.0,1055.1700439453125,3617690112.0,2872.8701171875,3474680000,129.05271911621094,1995900,85.50425720214844,3808000,97.95392608642578,6462900
2018-01-29,11296.400390625,7107359744.0,1182.3599853515625,3715079936.0,2853.530029296875,3587420000,128.2091064453125,2688200,85.35440063476562,3974900,97.27230072021484,12223000
2018-01-30,10106.2998046875,8637859840.0,1071.1300048828125,4107859968.0,2822.429931640625,4012070000,126.8734130859375,4898200,85.2202377319336,3659500,96.70169067382812,12064400
2018-01-31,10221.099609375,8041160192.0,1118.31005859375,3757560064.0,2823.81005859375,4276270000,126.91736602783203,4670200,85.291259765625,8066500,97.27230072021484,18045100
2018-02-01,9170.5400390625,9959400448.0,1036.7900390625,5261680128.0,2821.97998046875,3977380000,126.86461639404297,2924800,85.02397155761719,9678700,95.8625717163086,18632800
2018-02-02,8830.75,12726899712.0,915.7849731445312,6713290240.0,2762.1298828125,4340220000,124.16691589355469,5323600,84.77088928222656,4779300,94.97307586669922,23944400
2018-02-05,6955.27001953125,9285289984.0,697.9509887695312,4269530112.0,2648.93994140625,5310840000,119.28108215332031,10357400,85.11097717285156,5991700,95.87053680419922,28606200
2018-02-06,7754.0,13999800320.0,793.1220092773438,6518269952.0,2695.139892578125,5917350000,121.23189544677734,10791200,84.86578369140625,6031400,95.27483367919922,10935400
2018-02-07,7621.2998046875,9169280000.0,757.0679931640625,3896179968.0,2681.659912109375,4646300000,120.69583892822266,6176300,84.676025390625,4115600,94.36949157714844,16271100
2018-02-08,8265.58984375,9346750464.0,817.8070068359375,3708189952.0,2581.0,5333840000,116.35482788085938,7683300,84.53366088867188,4761600,94.2662124633789,15155100
2018-02-09,8736.98046875,6784820224.0,883.864990234375,2495820032.0,2619.550048828125,5690110000,117.95417785644531,9474000,84.4229736328125,5926100,93.67053985595703,15661600
2018-02-12,8926.5703125,6256439808.0,868.7069702148438,2243450112.0,2656.0,4069220000,119.5271224975586,4251900,84.44671630859375,5421400,94.08355712890625,10944600
2018-02-13,8598.3095703125,5696719872.0,845.2579956054688,2081170048.0,2662.93994140625,3503540000,119.90496826171875,2973000,84.47042083740234,4256200,94.50450134277344,8157600
2018-02-14,9494.6298828125,7909819904.0,923.5609741210938,2818370048.0,2698.6298828125,4011940000,121.5833969116211,3076800,84.18572235107422,4317000,93.45606231689453,12043300
2018-02-15,10166.400390625,9062540288.0,936.9760131835938,2900100096.0,2731.199951171875,3696140000,123.06846618652344,2853000,84.28854370117188,2878900,93.77379608154297,8222400
2018-02-16,10233.900390625,7296159744.0,944.2100219726562,2369449984.0,2732.219970703125,3646920000,123.12120819091797,2813100,84.45464324951172,3648900,94.2820816040039,8454100
2018-02-20,11403.7001953125,9926540288.0,895.3709716796875,2545260032.0,2716.260009765625,3646920000,122.38304138183594,2490000,84.36761474609375,2907400,93.869140625,8268800
2018-02-21,10690.400390625,9405339648.0,849.9710083007812,2531729920.0,2701.330078125,3789040000,121.81182861328125,2182200,84.0987319946289,3223800,92.71748352050781,12054300
2018-02-22,10005.0,8040079872.0,812.844970703125,2150370048.0,2703.9599609375,3720620000,121.89093017578125,2111700,84.10668182373047,2485400,92.99542999267578,9317900
2018-02-23,10301.099609375,7739500032.0,864.1890258789062,2334820096.0,2747.300048828125,3200360000,123.78026580810547,1439500,84.3202133178711,2398100,93.82142639160156,9072900
2018-02-26,10366.7001953125,7287690240.0,869.3150024414062,2044480000.0,2779.60009765625,3436590000,125.08076477050781,1765700,84.38345336914062,4617300,93.85318756103516,8771600
2018-02-27,10725.599609375,6966179840.0,878.2650146484375,2053980032.0,2744.280029296875,3752070000,123.50785827636719,2305100,84.2015380859375,5704700,93.71822357177734,12525700
2018-02-28,10397.900390625,6936189952.0,855.198974609375,1963980032.0,2713.830078125,4244570000,122.14582061767578,2290500,84.43089294433594,9614100,94.31385040283203,9311600
2018-03-01,10951.0,7317279744.0,872.2000122070312,1868519936.0,2677.669921875,4514490000,120.69583892822266,4846700,84.50617980957031,7335500,94.95764923095703,12287700
2018-03-02,11086.400390625,7620590080.0,856.85302734375,1894419968.0,2691.25,3891250000,121.4779281616211,3021300,84.37144470214844,3717300,94.18569946289062,10064300
2018-03-05,11573.2998046875,6468539904.0,853.6840209960938,1898489984.0,2720.93994140625,3733640000,122.84879302978516,2916600,84.32390594482422,3307200,93.93106842041016,5658200
2018-03-06,10779.900390625,6832169984.0,816.9509887695312,1943069952.0,2728.1201171875,3389030000,123.29695892333984,2788000,84.33975219726562,1932100,94.01860809326172,5452000
2018-03-07,9965.5703125,8797910016.0,752.8309936523438,2175419904.0,2726.800048828125,3406690000,123.40237426757812,2569100,84.32390594482422,3448700,93.9151382446289,4461800
2018-03-08,9395.009765625,7186089984.0,704.5960083007812,1891640064.0,2738.969970703125,3206040000,123.86813354492188,2307500,84.4586410522461,2396200,94.4562759399414,7086700
2018-03-09,9337.5498046875,8704190464.0,728.916015625,2233019904.0,2786.570068359375,3376870000,125.92440032958984,2325100,84.30011749267578,3669400,93.83554077148438,6570400
2018-03-12,9205.1201171875,6457399808.0,699.8309936523438,1764999936.0,2783.02001953125,3216960000,125.85408020019531,1999200,84.34769439697266,4149500,94.37671661376953,5801300
2018-03-13,9194.849609375,5991139840.0,690.8270263671875,1425959936.0,2765.31005859375,3324290000,125.07199096679688,2080500,84.4586410522461,2727500,94.8542709350586,7455300
2018-03-14,8269.8095703125,6438230016.0,614.291015625,1810560000.0,2749.47998046875,3394630000,124.43932342529297,2103100,84.60126495361328,3126400,95.68986511230469,10175000
2018-03-15,8300.8603515625,6834429952.0,611.3040161132812,1770460032.0,2747.330078125,3543710000,124.27237701416016,1927900,84.60919189453125,3045500,95.68986511230469,6757900
2018-03-16,8338.349609375,5289379840.0,601.666015625,1417350016.0,2752.010009765625,5429140000,124.48331451416016,2641400,84.5616455078125,2552700,95.34762573242188,6084300
2018-03-19,8630.650390625,6729110016.0,556.7260131835938,2046790016.0,2712.919921875,3327460000,122.88391876220703,3154300,84.4744644165039,2263200,95.04521179199219,8491200
2018-03-20,8913.4697265625,6361789952.0,557.1749877929688,1833680000.0,2716.93994140625,3272590000,123.06846618652344,1672000,84.33975219726562,3000700,94.66322326660156,5446000
2018-03-21,8929.2802734375,6043129856.0,561.7319946289062,1781270016.0,2711.929931640625,3434780000,122.96299743652344,2106700,84.33184051513672,2994400,94.7667007446289,9742400
2018-03-22,8728.4697265625,5530390016.0,539.7020263671875,1523459968.0,2643.68994140625,3765460000,119.95077514648438,3130600,84.49032592773438,3334400,95.70579528808594,12136600
2018-03-23,8879.6201171875,5954120192.0,539.6190185546875,1596349952.0,2588.260009765625,3829380000,117.4361801147461,5697000,84.49032592773438,3618700,95.63412475585938,7250400
2018-03-26,8209.400390625,5921039872.0,489.95098876953125,1638880000.0,2658.550048828125,3538080000,120.5331039428711,3859500,84.4586410522461,4546500,95.26803588867188,8237900
2018-03-27,7833.0400390625,5378250240.0,450.1159973144531,1617939968.0,2612.6201171875,3761320000,118.39791107177734,3309900,84.7043228149414,4537700,96.28668212890625,9168500
2018-03-28,7954.47998046875,4935289856.0,446.27899169921875,1514179968.0,2605.0,3875720000,118.1243896484375,4740000,84.75184631347656,5617200,96.54134368896484,7412500
2018-03-29,7165.7001953125,6361229824.0,385.9679870605469,1970230016.0,2640.8701171875,3572360000,119.74786376953125,2346400,84.99754333496094,8300000,97.01091766357422,9694300
2018-04-02,7083.7998046875,4333440000.0,386.42498779296875,1102259968.0,2581.8798828125,3635780000,117.0215072631836,5703700,84.91255187988281,7280300,97.20231628417969,12036500
2018-04-03,7456.10986328125,5499700224.0,416.89300537109375,1363399936.0,2614.449951171875,3395840000,118.4773178100586,3737200,84.81724548339844,9916100,96.45259857177734,9855000
2018-04-04,6853.83984375,4936000000.0,380.5429992675781,1287730048.0,2644.68994140625,3369230000,119.80961608886719,2928000,84.84900665283203,6200900,96.25326538085938,6654300
2018-04-05,6811.47021484375,5639320064.0,383.23199462890625,1210680064.0,2662.840087890625,3230430000,120.64781951904297,2683600,84.72982025146484,2592500,95.53549194335938,7603700
2018-04-06,6636.31982421875,3766810112.0,370.2850036621094,967105984.0,2604.469970703125,3312390000,118.11559295654297,4942600,84.92049407958984,2814800,96.58021545410156,8831200
2018-04-09,6770.72998046875,4894060032.0,398.5260009765625,1478390016.0,2613.159912109375,3076140000,118.51263427734375,2239400,84.99200439453125,3746500,96.73974609375,6307500
2018-04-10,6834.759765625,4272750080.0,414.2430114746094,1196000000.0,2656.8701171875,3579130000,120.43609619140625,2153900,84.928466796875,2941900,96.56430053710938,6046000
2018-04-11,6968.31982421875,4641889792.0,430.5400085449219,1439040000.0,2642.18994140625,3054520000,119.88021087646484,2063800,84.99993133544922,8598800,96.9072265625,5901300
2018-04-12,7889.25,8906250240.0,492.9410095214844,2519360000.0,2663.989990234375,3045330000,120.85073852539062,1858700,84.80924224853516,3899000,96.19743347167969,6622800
2018-04-13,7895.9599609375,7764460032.0,492.7349853515625,2419249920.0,2656.300048828125,2988540000,120.50663757324219,2192600,84.8331298828125,2764800,96.42073059082031,4964000
2018-04-16,8058.669921875,5631309824.0,511.1470031738281,1758979968.0,2677.840087890625,3020740000,121.51250457763672,2892600,84.84900665283203,3860800,96.45259857177734,4491300
2018-04-17,7902.08984375,6900879872.0,502.8940124511719,1760359936.0,2706.389892578125,3286190000,122.79181671142578,2219900,84.8728256225586,2363000,96.7158203125,5590400
2018-04-18,8163.419921875,6529909760.0,524.7890014648438,1762940032.0,2708.639892578125,3412030000,122.95950317382812,1554400,84.6345443725586,2231700,95.94219207763672,8138400
2018-04-19,8294.3095703125,7063209984.0,567.8889770507812,2256869888.0,2693.1298828125,3375120000,122.28890991210938,4003900,84.42802429199219,10985100,95.1606216430664,9875800
2018-04-20,8845.830078125,8438110208.0,615.718017578125,2849469952.0,2670.139892578125,3428260000,121.3183822631836,1669600,84.19767761230469,2766000,94.47474670410156,7579400
2018-04-23,8930.8798828125,6925190144.0,642.5479736328125,2386830080.0,2670.2900390625,3030390000,121.27426147460938,2033700,84.157958984375,2620800,94.49868774414062,7073200
2018-04-24,9697.5,10678800384.0,708.1580200195312,3581860096.0,2634.56005859375,3716020000,119.8184585571289,3053500,84.04676818847656,3442300,94.06800079345703,8190800
2018-04-25,8845.740234375,11083100160.0,615.416015625,4216140032.0,2639.39990234375,3563680000,119.95077514648438,2275400,83.9355239868164,3785000,93.43801879882812,6603800
2018-04-26,9281.509765625,8970559488.0,662.8090209960938,2984009984.0,2666.93994140625,3690920000,121.08898162841797,1284600,84.0785140991211,4870300,94.09195709228516,6528600
2018-04-27,8987.0498046875,7566289920.0,647.031982421875,2598129920.0,2669.909912109375,3234510000,121.16837310791016,1133600,84.1817855834961,3806400,94.81770324707031,5401800
2018-04-30,9240.5498046875,8673920000.0,669.9240112304688,2853100032.0,2648.050048828125,3749510000,120.28605651855469,2277100,84.19767761230469,4692600,94.98521423339844,8321100
2018-05-01,9119.009765625,7713019904.0,673.6129760742188,2678960128.0,2654.800048828125,3562820000,120.47134399414062,1762700,84.1259994506836,3027000,94.64310455322266,7979200
2018-05-02,9235.919921875,7558159872.0,687.1489868164062,2822269952.0,2635.669921875,4047020000,119.77432250976562,1661600,84.1259994506836,2560800,94.5391845703125,4644000
2018-05-03,9743.8603515625,10207299584.0,779.5430297851562,4210939904.0,2629.72998046875,3867530000,119.44792175292969,2638000,84.2215805053711,4499200,94.96280670166016,6345300
2018-05-04,9700.759765625,8217829888.0,785.6240234375,3533410048.0,2663.419921875,3335260000,120.99192810058594,2379400,84.27729797363281,2317100,95.10672760009766,4283500
2018-05-07,9373.009765625,7394019840.0,753.7249755859375,4316120064.0,2672.6298828125,3266810000,121.52131652832031,1448000,84.23749542236328,1533400,94.95482635498047,3647800
2018-05-08,9234.8203125,7415869952.0,752.8569946289062,2920489984.0,2671.919921875,3745100000,121.5654067993164,1357400,84.14196014404297,2591700,94.86688232421875,6091200
2018-05-09,9325.1796875,7226890240.0,752.2750244140625,2877870080.0,2697.7900390625,3913650000,122.71244812011719,1451700,84.04641723632812,2507500,94.2994384765625,7832500
2018-05-10,9043.9404296875,6906699776.0,727.2769775390625,2748950016.0,2723.070068359375,3380640000,123.78003692626953,1810100,84.23749542236328,2096700,95.05870819091797,7101500
2018-05-11,8441.490234375,8488520192.0,679.5859985351562,3290080000.0,2727.719970703125,2874850000,124.02711486816406,1199100,84.27729797363281,2034100,95.29850006103516,4273400
2018-05-14,8716.7900390625,7364149760.0,730.5490112304688,3005110016.0,2730.1298828125,2994360000,124.0888442993164,1396900,84.19768524169922,2183500,94.79496765136719,4996200
2018-05-15,8510.3798828125,6705710080.0,708.8709716796875,2523069952.0,2711.449951171875,3291190000,123.33888244628906,2279700,83.82345581054688,2166400,93.71590423583984,12901000
2018-05-16,8368.830078125,6760220160.0,707.0499877929688,2476130048.0,2722.4599609375,3248480000,123.93885803222656,1345900,83.72795104980469,2477500,93.35626220703125,6518000
2018-05-17,8094.31982421875,5862530048.0,672.656982421875,2350619904.0,2720.1298828125,3478150000,123.97416687011719,1658500,83.61650085449219,2789000,92.8846664428711,7330300
2018-05-18,8250.9697265625,5764190208.0,694.3670043945312,2305740032.0,2712.969970703125,3383270000,123.70062255859375,910200,83.83146667480469,2151100,93.68397521972656,9606500
2018-05-21,8418.990234375,5154990080.0,699.2219848632812,2005170048.0,2733.010009765625,3053480000,124.62708282470703,1299600,83.83940887451172,1952200,93.73193359375,4448500
2018-05-22,8041.77978515625,5137010176.0,647.7410278320312,2230469888.0,2724.43994140625,3384140000,124.1682357788086,1213000,83.83940887451172,2246400,93.58805084228516,4700700
2018-05-23,7557.81982421875,6491120128.0,583.5850219726562,2995429888.0,2733.2900390625,3333160000,124.49470520019531,1431800,84.07030487060547,6061900,94.26742553710938,9634000
2018-05-24,7587.33984375,6049220096.0,601.7550048828125,2791099904.0,2727.760009765625,3285750000,124.29178619384766,1405100,84.3011703491211,2903300,95.01873779296875,8204100
2018-05-25,7480.14013671875,4867829760.0,586.7340087890625,2110919936.0,2721.330078125,3015260000,124.05355834960938,1264500,84.4842529296875,2508100,95.6102066040039,8482800
2018-05-29,7472.58984375,5662660096.0,565.3880004882812,2330820096.0,2689.860107421875,3743310000,122.82713317871094,2695000,85.04156494140625,3494200,97.70433044433594,21668100
2018-05-30,7406.52001953125,4922540032.0,559.5900268554688,2053970048.0,2724.010009765625,3566490000,124.41532135009766,1587000,84.82659149169922,3158200,97.04895782470703,11616300
2018-05-31,7494.169921875,5127130112.0,577.64501953125,1985040000.0,2705.27001953125,4241100000,123.5594711303711,1700900,84.75495910644531,5157400,96.88909149169922,10769900
2018-06-01,7541.4501953125,4921460224.0,580.0430297851562,1945890048.0,2734.6201171875,3694310000,124.84764099121094,1857800,84.65043640136719,6206800,96.37712860107422,8718800
2018-06-04,7514.47021484375,4993169920.0,592.9849853515625,1903430016.0,2746.8701171875,3410090000,125.42993927001953,1592000,84.45091247558594,4288100,95.68014526367188,7156500
2018-06-05,7633.759765625,4961739776.0,609.302978515625,1844269952.0,2748.800048828125,3523550000,125.61527252197266,2952100,84.51475524902344,1848300,95.90447998046875,5635900
2018-06-06,7653.97998046875,4692259840.0,607.1240234375,1756530048.0,2772.35009765625,3662780000,126.72698211669922,3011000,84.32321166992188,2705800,95.12737274169922,7813300
2018-06-07,7678.240234375,4485799936.0,605.18701171875,1880140032.0,2770.3701171875,3742080000,126.54174041748047,1663400,84.50676727294922,2724800,96.04869842529297,13238300
2018-06-08,7624.919921875,4227579904.0,601.0770263671875,1637779968.0,2779.030029296875,3138850000,126.97403717041016,1084200,84.38705444335938,3416800,95.76028442382812,6790600
2018-06-11,6906.919921875,4745269760.0,533.2839965820312,1982119936.0,2782.0,3262130000,127.1593246459961,1664500,84.29931640625,4330800,95.58401489257812,6844200
2018-06-12,6582.35986328125,4654380032.0,496.8429870605469,1932760064.0,2786.85009765625,3435700000,127.42400360107422,1582300,84.32321166992188,3546500,95.60807800292969,6048200
2018-06-13,6349.89990234375,5052349952.0,477.4939880371094,2080130048.0,2775.6298828125,3820770000,126.94757080078125,1402000,84.24341583251953,3627200,95.55998992919922,8834700
2018-06-14,6675.35009765625,5138710016.0,519.7420043945312,2458650112.0,2782.489990234375,3540930000,127.30931091308594,1809800,84.45887756347656,4689600,96.35309600830078,10078800
2018-06-15,6456.580078125,3955389952.0,491.0039978027344,1808269952.0,2779.659912109375,5451990000,127.18580627441406,3328300,84.49081420898438,2361800,96.44120788574219,7992800
2018-06-18,6734.81982421875,4039200000.0,518.8909912109375,1513869952.0,2773.75,3316120000,127.04463195800781,1603500,84.50676727294922,2359300,96.35309600830078,4893700
2018-06-19,6769.93994140625,4057029888.0,537.9569702148438,1726569984.0,2762.590087890625,3671160000,126.62110900878906,1962500,84.59455871582031,2184200,96.91390228271484,6133300
2018-06-20,6776.5498046875,3888640000.0,536.2680053710938,1596290048.0,2767.320068359375,3332140000,126.91230010986328,1468400,84.43496704101562,2403700,96.06470489501953,6879100
2018-06-21,6729.740234375,3529129984.0,527.3670043945312,1462070016.0,2749.760009765625,3336580000,126.03878021240234,1881300,84.45887756347656,2895500,96.56942749023438,7235800
2018-06-22,6083.68994140625,5079810048.0,465.8169860839844,2226030080.0,2754.8798828125,5468110000,126.21863555908203,1226300,84.5387191772461,1846000,96.56141662597656,4082500
2018-06-25,6249.18017578125,5500810240.0,460.30999755859375,4007950080.0,2717.070068359375,3663280000,124.4465103149414,4347700,84.49081420898438,5522900,96.77769470214844,8363700
2018-06-26,6093.669921875,3279759872.0,432.7720031738281,1356560000.0,2723.06005859375,3568900000,124.73001861572266,2085300,84.6264877319336,2665200,96.91390228271484,5450000
2018-06-27,6157.1298828125,3296219904.0,442.364990234375,1368940032.0,2699.6298828125,3803990000,123.56936645507812,2958800,84.77811431884766,3001300,97.82718658447266,8173400
2018-06-28,5903.43994140625,3467800064.0,422.364990234375,1360790016.0,2716.31005859375,3461100000,124.34020233154297,2490500,84.77013397216797,1798900,97.85121154785156,7109500
2018-06-29,6218.2998046875,3966230016.0,436.0090026855469,1564499968.0,2718.3701171875,3586800000,124.42878723144531,1834000,84.84196472167969,7117300,97.51473999023438,11164700
2018-07-02,6614.18017578125,4396930048.0,475.34698486328125,1625789952.0,2726.7099609375,3095040000,124.73001861572266,2825900,84.76112365722656,7159900,97.43848419189453,9662000
2018-07-03,6529.58984375,4672309760.0,464.19500732421875,1683939968.0,2713.219970703125,1911460000,124.4111099243164,1325900,84.93710327148438,2425100,97.96041107177734,3808800
2018-07-05,6639.14013671875,4999240192.0,474.4119873046875,1828610048.0,2736.610107421875,2980160000,125.46553039550781,2796400,85.01707458496094,2739900,98.241455078125,3860400
2018-07-06,6673.5,4313959936.0,474.0119934082031,1627609984.0,2759.820068359375,2590250000,126.5198974609375,1756400,85.10503387451172,2598700,98.5626449584961,4679900
2018-07-09,6741.75,3718129920.0,476.6820068359375,1533799936.0,2784.169921875,3070060000,127.67176055908203,2153000,85.02508544921875,1926000,97.9282455444336,5952700
2018-07-10,6329.9501953125,4052430080.0,434.42401123046875,1789069952.0,2793.840087890625,3080140000,127.99957275390625,1437000,84.9610824584961,2489700,97.92022705078125,5759700
2018-07-11,6394.7099609375,3644859904.0,446.51800537109375,1422470016.0,2774.02001953125,2986180000,127.08699798583984,2042300,84.9930648803711,5385000,98.29759216308594,6869100
2018-07-12,6228.81005859375,3770170112.0,430.0740051269531,1495440000.0,2798.2900390625,2834230000,128.13253784179688,1440600,85.09700775146484,2145800,98.28960418701172,4824700
2018-07-13,6238.0498046875,3805400064.0,434.0270080566406,1489670016.0,2801.31005859375,2619790000,128.21229553222656,1964700,85.17704010009766,2126900,98.53853607177734,4079000
2018-07-16,6741.75,4725799936.0,480.6579895019531,1858680064.0,2798.429931640625,2819860000,128.0084686279297,1571100,85.0810546875,2116500,98.12903594970703,5517100
2018-07-17,7321.0400390625,5961950208.0,501.00201416015625,2288100096.0,2809.550048828125,3064920000,128.59324645996094,1767100,85.04901123046875,2964100,97.9443359375,3764300
2018-07-18,7370.77978515625,6103410176.0,480.51300048828125,2371559936.0,2815.6201171875,3111560000,128.87673950195312,1327700,85.02508544921875,1760900,97.55088806152344,6330000
2018-07-19,7466.85986328125,5111629824.0,469.6189880371094,2068739968.0,2804.489990234375,3278360000,128.56671142578125,2034200,85.15302276611328,2163200,98.16918182373047,6166700
2018-07-20,7354.1298828125,4936869888.0,450.697998046875,1821350016.0,2801.830078125,3243250000,128.3363037109375,1507800,84.98506164550781,2920200,96.96472930908203,10469500
2018-07-23,7711.10986328125,5132480000.0,450.8529968261719,1596999936.0,2806.97998046875,2928490000,128.54006958007812,1444500,84.68916320800781,1848500,95.76837158203125,11571800
2018-07-24,8424.26953125,7277689856.0,479.37298583984375,2287520000.0,2820.39990234375,3430410000,128.82362365722656,2340000,84.80915069580078,3590200,96.09751892089844,9053500
2018-07-25,8181.39013671875,5845400064.0,472.4930114746094,1930780032.0,2846.070068359375,3584400000,129.92236328125,2125700,84.81710052490234,3318300,95.94499969482422,7357900
2018-07-26,7951.580078125,4899089920.0,464.0369873046875,1621560064.0,2837.43994140625,3667290000,129.70968627929688,2084600,84.7691421508789,2245000,95.76032257080078,6821100
2018-07-27,8165.009765625,5195879936.0,469.6659851074219,1734259968.0,2818.820068359375,3434370000,128.67300415039062,2535000,84.83313751220703,2637400,95.9208984375,4542000
2018-07-30,8180.47998046875,5551400000.0,457.08099365234375,2141590000.0,2802.60009765625,3261190000,127.8312759399414,5379700,84.74512481689453,5518200,95.59169006347656,7111200
2018-07-31,7780.43994140625,5287530000.0,433.86700439453125,1820680000.0,2816.2900390625,3906890000,128.55780029296875,2003800,84.81710052490234,5928100,96.11359405517578,6797400
2018-08-01,7624.91015625,4797620000.0,420.74700927734375,1888060000.0,2813.360107421875,3501350000,128.40721130371094,1524100,84.72977447509766,4534100,95.33057403564453,13312600
2018-08-02,7567.14990234375,4214110000.0,412.6210021972656,1569300000.0,2827.219970703125,3501380000,129.16920471191406,1508400,84.76185607910156,3671900,95.4674301147461,4451100
2018-08-03,7434.39013671875,4627150000.0,418.2619934082031,1722340000.0,2840.35009765625,3043690000,129.6033935546875,1977100,84.94619750976562,2542900,95.94221496582031,6162400
2018-08-06,6951.7998046875,3925900000.0,406.6579895019531,1384880000.0,2850.39990234375,2879020000,130.1881561279297,1802000,85.0023193359375,4120000,95.99853515625,4200200
2018-08-07,6753.1201171875,4682800000.0,380.2149963378906,1828350000.0,2858.449951171875,3185440000,130.61349487304688,2532500,84.85004425048828,2532800,95.49960327148438,5346900
2018-08-08,6305.7998046875,5064430000.0,356.6130065917969,2016080000.0,2857.699951171875,2978070000,130.48944091796875,1270600,84.85004425048828,1937500,95.59613800048828,5640900
2018-08-09,6568.22998046875,4267040000.0,365.5880126953125,1616610000.0,2853.580078125,3066180000,130.40077209472656,1233800,84.97024536132812,2386400,96.40092468261719,7144100
2018-08-10,6184.7099609375,4528680000.0,334.1759948730469,1699400000.0,2833.280029296875,3265590000,129.58563232421875,1854000,85.15461730957031,4136300,97.10102081298828,8457900
2018-08-13,6297.56982421875,4083980000.0,286.4949951171875,1751190000.0,2821.929931640625,3173630000,129.08946228027344,1898200,85.2027359008789,2786300,96.89984893798828,7923200
2018-08-14,6199.7099609375,5301700000.0,278.9320068359375,2137850000.0,2839.9599609375,2986500000,129.94009399414062,1784200,85.12252807617188,6087400,96.68258666992188,4251200
2018-08-15,6308.52001953125,4895450000.0,282.364013671875,1878150000.0,2818.3701171875,3656680000,128.91224670410156,2684700,85.24278259277344,4652700,97.24589538574219,7649800
2018-08-16,6334.72998046875,4328420000.0,288.0459899902344,1552970000.0,2840.68994140625,3232000000,129.92236328125,1347500,85.29093170166016,2658200,97.23780059814453,5400400
2018-08-17,6580.6298828125,4992990000.0,315.72900390625,1995460000.0,2850.1298828125,3037640000,130.40077209472656,2188300,85.3390121459961,2071100,97.35853576660156,3537600
2018-08-20,6308.52978515625,3665100000.0,274.31500244140625,1413790000.0,2857.050048828125,2757150000,130.64891052246094,5759800,85.50727844238281,2355500,98.01042938232422,5603700
2018-08-21,6488.759765625,3377180000.0,281.9440002441406,1164120000.0,2862.9599609375,3174010000,131.13624572753906,2090900,85.43518829345703,2835000,97.68045043945312,4695000
2018-08-22,6376.7099609375,4668110000.0,271.34100341796875,1507660000.0,2861.820068359375,2701250000,131.1805419921875,1169600,85.50727844238281,2190000,98.0667495727539,5309600
2018-08-23,6534.8798828125,3426180000.0,277.10400390625,1271160000.0,2856.97998046875,2724450000,130.92359924316406,1351100,85.459228515625,1568600,98.21963500976562,5328700
2018-08-24,6719.9599609375,4097820000.0,282.9670104980469,1450170000.0,2874.68994140625,2603010000,131.73875427246094,1712700,85.55542755126953,3649700,98.4128189086914,6092200
2018-08-27,6884.64013671875,4019000000.0,285.6029968261719,1406790000.0,2896.739990234375,2865070000,132.6868133544922,2126000,85.44319915771484,3233500,97.84947204589844,6407400
2018-08-28,7096.27978515625,4659940000.0,296.4989929199219,1513350000.0,2897.52001953125,2687770000,132.76658630371094,3015300,85.28286743164062,2558100,97.26197814941406,4929300
2018-08-29,7047.16015625,4145880000.0,289.31201171875,1474460000.0,2914.0400390625,2805520000,133.46658325195312,2688600,85.26683044433594,2792400,97.39070892333984,5613300
2018-08-30,6978.22998046875,4463250000.0,284.1050109863281,1513100000.0,2901.1298828125,2810450000,132.917236328125,2150400,85.30691528320312,2803200,97.59996795654297,5302900
2018-08-31,7037.580078125,4495650000.0,283.0039978027344,1411910000.0,2901.52001953125,2887220000,132.97039794921875,2537500,85.29889678955078,3308700,97.3746337890625,9677500
2018-09-04,7361.66015625,4273640000.0,285.7229919433594,1554870000.0,2896.719970703125,3087420000,132.7843017578125,2342700,85.20408630371094,3164000,96.81168365478516,18343600
2018-09-05,6792.830078125,5800460000.0,232.33099365234375,2390390000.0,2888.60009765625,3248780000,132.3501739501953,2772000,85.1639404296875,2788300,96.55355834960938,9422600
2018-09-06,6529.169921875,5523470000.0,230.21499633789062,2097310000.0,2878.050048828125,3144240000,131.95144653320312,2592200,85.30853271484375,2248500,96.908447265625,9566000
2018-09-07,6467.06982421875,4264680000.0,217.2030029296875,1678260000.0,2871.679931640625,2976580000,131.65011596679688,2334400,85.00325775146484,2571600,96.08576965332031,11212600
2018-09-10,6329.7001953125,3714100000.0,197.07899475097656,1502960000.0,2877.1298828125,2751100000,131.9337158203125,2156000,85.08358764648438,3305700,96.44061279296875,6386400
2018-09-11,6321.2001953125,3849910000.0,185.0659942626953,1568900000.0,2887.889892578125,2904500000,132.37673950195312,2575100,84.93897247314453,4919000,95.70670318603516,5440000
2018-09-12,6351.7998046875,4064230000.0,183.33099365234375,1874850000.0,2888.919921875,3341280000,132.3855743408203,2181100,84.99523162841797,4168900,95.93252563476562,3347200
2018-09-13,6517.31005859375,4210910000.0,211.35400390625,2330720000.0,2904.179931640625,3274090000,133.0500946044922,1905900,85.05143737792969,2280200,96.07768249511719,4833000
2018-09-14,6512.7099609375,4076220000.0,211.74899291992188,2232190000.0,2904.97998046875,3179410000,133.15643310546875,1363900,84.89079284667969,2693000,95.61795806884766,5579500
2018-09-17,6281.2001953125,3910780000.0,197.875,2019910000.0,2888.800048828125,2967980000,132.31471252441406,1661600,84.89079284667969,5721700,95.61795806884766,5433000
2018-09-18,6371.2998046875,4180090000.0,209.97500610351562,1800640000.0,2904.31005859375,3091190000,133.02354431152344,1665400,84.7060546875,2206000,94.61784362792969,10182300
2018-09-19,6398.5400390625,4431340000.0,209.968994140625,1733330000.0,2907.949951171875,3302460000,133.041259765625,1809800,84.54534912109375,2700600,94.0532455444336,13379600
2018-09-20,6519.669921875,4348110000.0,224.59100341796875,1782070000.0,2930.75,3406520000,134.069091796875,1713900,84.65782165527344,2897700,94.48880004882812,8657300
2018-09-21,6734.9501953125,6531940000.0,246.58399963378906,2836200000.0,2929.669921875,5652470000,133.93618774414062,1986100,84.72209167480469,2792600,94.44842529296875,6173800
2018-09-24,6595.41015625,4177310000.0,228.72999572753906,1748740000.0,2919.3701171875,3392030000,133.4488525390625,1668600,84.64175415039062,1895000,94.20646667480469,5505500
2018-09-25,6446.47021484375,4726180000.0,218.5050048828125,2120360000.0,2915.56005859375,3330880000,133.37794494628906,2318900,84.60163879394531,2059400,94.10967254638672,6650900
2018-09-26,6495.0,4437300000.0,215.8470001220703,1756100000.0,2905.969970703125,3417540000,132.864013671875,4903500,84.80237579345703,2912100,94.77105712890625,9512700
2018-09-27,6676.75,4606810000.0,228.49400329589844,2030320000.0,2914.0,3101360000,133.1741485595703,1808300,84.8586654663086,2528100,94.8355712890625,5758500
2018-09-28,6644.1298828125,5014430000.0,222.40199279785156,2018120000.0,2913.97998046875,3461680000,133.2311553955078,1797000,84.77032470703125,4883900,94.58557891845703,12807700
2018-10-01,6589.6201171875,4000970000.0,230.76800537109375,1597500000.0,2924.590087890625,3375890000,133.4359130859375,2718800,84.74774169921875,3518400,93.89120483398438,22442400
2018-10-02,6556.10009765625,3979260000.0,227.18099975585938,1542080000.0,2923.429931640625,3432620000,133.24008178710938,2159200,84.8443832397461,6912600,94.46511840820312,8266900
2018-10-03,6502.58984375,3887310000.0,220.48899841308594,1683930000.0,2925.510009765625,3625510000,133.4180908203125,2563900,84.4417495727539,2540500,92.82414245605469,20829200
2018-10-04,6576.68994140625,3838410000.0,222.21800231933594,1479500000.0,2901.610107421875,3510370000,132.2874298095703,3220800,84.20018768310547,5268200,92.16935729980469,16207400
2018-10-05,6622.47998046875,3671500000.0,227.6009979248047,1547330000.0,2885.570068359375,3340820000,131.4327850341797,3197900,84.01494598388672,3460500,91.37716674804688,18096500
2018-10-08,6652.22998046875,3979460000.0,229.2550048828125,1470740000.0,2884.429931640625,3381820000,131.33480834960938,2515600,83.98270416259766,2268000,91.06999969482422,5855900
2018-10-09,6642.64013671875,3580810000.0,227.98199462890625,1405130000.0,2880.340087890625,3531690000,131.1033477783203,3690600,84.10353088378906,21903200,91.99150848388672,11530800
2018-10-10,6585.52978515625,3787650000.0,225.7689971923828,1384040000.0,2785.679931640625,4554260000,126.92794036865234,6890300,84.07933044433594,3834800,91.74092864990234,15290100
2018-10-11,6256.240234375,5181640000.0,189.49899291992188,2167620000.0,2728.3701171875,4914090000,124.22149658203125,11707900,84.32898712158203,7053900,92.85649108886719,16086800
2018-10-12,6274.580078125,3783500000.0,196.7270050048828,1487900000.0,2767.1298828125,4024010000,125.85960388183594,7981200,84.35315704345703,5017400,92.53314208984375,6794100
2018-10-15,6596.5400390625,7370770000.0,209.70399475097656,2865830000.0,2750.7900390625,3327160000,125.29873657226562,3386400,84.2967758178711,3047700,92.49268341064453,7146300
2018-10-16,6596.10986328125,4074800000.0,210.1199951171875,1532280000.0,2809.919921875,3460260000,128.05865478515625,3990400,84.3450927734375,5750100,92.702880859375,4762300
2018-10-17,6544.43017578125,4088420000.0,207.08299255371094,1444130000.0,2809.2099609375,3347090000,128.02297973632812,3148300,84.17597198486328,2844200,92.15320587158203,5880700
2018-10-18,6476.7099609375,3924080000.0,203.3520050048828,1365860000.0,2768.780029296875,3639300000,126.1711654663086,3783800,84.11961364746094,3158200,92.12089538574219,5728800
2018-10-19,6465.41015625,3578870000.0,203.7270050048828,1264480000.0,2767.780029296875,3593940000,125.84181213378906,2997700,84.04715728759766,2985800,91.91878509521484,10892400
2018-10-22,6487.16015625,3672860000.0,204.04400634765625,1328980000.0,2755.8798828125,3331270000,125.34317779541016,3220600,84.03105163574219,2807300,91.7975082397461,3244200
2018-10-23,6475.740234375,3716150000.0,204.33599853515625,1237490000.0,2740.68994140625,4373710000,124.60433959960938,4981600,84.13571166992188,3524300,92.08853912353516,10330700
2018-10-24,6495.83984375,3424670000.0,203.8520050048828,1102220000.0,2656.10009765625,4738670000,120.73152923583984,6013700,84.35315704345703,4465100,92.78372955322266,16008000
2018-10-25,6476.2900390625,3230550000.0,202.718994140625,1102900000.0,2705.570068359375,4663930000,123.00180053710938,4886000,84.28068542480469,8290200,92.39569091796875,12613200
2018-10-26,6474.75,3306050000.0,203.32899475097656,1161310000.0,2658.68994140625,4804330000,120.87401580810547,6623500,84.47393798828125,5811400,92.95343780517578,18582500
2018-10-29,6332.6298828125,4199910000.0,197.2469940185547,1517230000.0,2641.25,4701260000,120.20628356933594,5167200,84.38536071777344,5075100,92.7433090209961,7679900
2018-10-30,6334.27001953125,3781100000.0,197.55599975585938,1363500000.0,2682.6298828125,5125600000,122.08477783203125,3675500,84.26457977294922,2552000,92.28254699707031,9939500
2018-10-31,6317.60986328125,4191240000.0,197.38099670410156,1442380000.0,2711.739990234375,5133380000,123.35787200927734,4034500,84.22430419921875,14880500,91.813720703125,8706400
2018-11-01,6377.77978515625,3789400000.0,198.8719940185547,1336700000.0,2740.3701171875,4730250000,124.75562286376953,3713900,84.43714141845703,7919000,91.89879608154297,6100200
2018-11-02,6388.43994140625,4234870000.0,200.63499450683594,1451870000.0,2723.06005859375,4261230000,124.24816131591797,3171400,84.18627166748047,4491500,90.75619506835938,11314800
2018-11-05,6419.66015625,4174800000.0,209.09100341796875,1613510000.0,2738.31005859375,3650910000,124.85356903076172,3140200,84.24291229248047,3412600,91.11275482177734,4760200
2018-11-06,6461.009765625,4700040000.0,218.45199584960938,1856940000.0,2755.449951171875,3543800000,125.56578826904297,2029700,84.25101470947266,2619900,91.0560531616211,3159900
2018-11-07,6530.14013671875,4941260000.0,217.18299865722656,1927830000.0,2813.889892578125,3929080000,128.1298370361328,2781200,84.32386016845703,4677200,91.17757415771484,9313100
2018-11-08,6453.72021484375,4665260000.0,212.2310028076172,1769080000.0,2806.830078125,3673550000,127.88056182861328,1874800,84.17009735107422,3489200,91.16951751708984,6905100
2018-11-09,6385.6201171875,4346820000.0,210.07400512695312,1554750000.0,2781.010009765625,4029030000,126.57181549072266,2226900,84.2752914428711,2901900,91.85015106201172,6465300
2018-11-12,6371.27001953125,4295770000.0,210.41799926757812,1452380000.0,2726.219970703125,3701570000,124.1413803100586,3530700,84.41290283203125,2779700,92.44977569580078,6840000
2018-11-13,6359.490234375,4503800000.0,206.8260040283203,1610260000.0,2722.179931640625,4112820000,123.96330261230469,2290500,84.44524383544922,2977100,92.39308166503906,6525800
2018-11-14,5738.35009765625,7398940000.0,181.39700317382812,2595330000.0,2701.580078125,4449060000,123.0551986694336,2766000,84.45327758789062,3395900,92.44977569580078,8690800
2018-11-15,5648.02978515625,7032140000.0,180.80599975585938,2638410000.0,2730.199951171875,4204960000,124.44403839111328,3600900,84.55850982666016,3861300,92.40925598144531,7879600
2018-11-16,5575.5498046875,5279320000.0,175.177001953125,2015330000.0,2736.27001953125,3996970000,124.71110534667969,2272300,84.69612121582031,3332600,92.94409942626953,9236700
2018-11-19,4871.490234375,7039560000.0,149.1750030517578,2745160000.0,2690.72998046875,3806940000,122.54774475097656,3481800,84.68803405761719,4673200,93.20341491699219,7027200
2018-11-20,4451.8701171875,8428290000.0,130.33900451660156,3134410000.0,2641.889892578125,4370820000,120.36654663085938,4627200,84.65563201904297,3162700,93.23585510253906,6332600
2018-11-21,4602.169921875,6120120000.0,136.7010040283203,2685930000.0,2649.929931640625,3237400000,120.95413208007812,4151300,84.71224212646484,5701700,93.20341491699219,4951100
2018-11-23,4347.10986328125,4871490000.0,123.2959976196289,1998010000.0,2632.56005859375,1651680000,120.30419158935547,1300000,84.68803405761719,1665900,93.30059051513672,3027900
2018-11-26,3779.1298828125,6476900000.0,108.33499908447266,2139490000.0,2673.449951171875,3523520000,122.1738052368164,4699700,84.67181396484375,4326100,93.0899658203125,6599000
2018-11-27,3820.719970703125,5998720000.0,110.01000213623047,2320010000.0,2682.169921875,3494380000,122.32514953613281,2860100,84.69612121582031,4107700,93.19528198242188,5967200
2018-11-28,4257.419921875,7280280000.0,122.43800354003906,2673470000.0,2743.7900390625,3984540000,125.17406463623047,6061100,84.85796356201172,8513900,92.74151611328125,7814000
2018-11-29,4278.8466796875,6503347767.0,117.54264831542969,2196099151.0,2737.800048828125,3599200000,124.94258880615234,2895000,84.8984146118164,5922600,93.10615539550781,7295600
2018-11-30,4017.2685546875,6048016717.0,113.17141723632812,2020748396.0,2760.169921875,4668310000,125.84181213378906,2142100,84.87413024902344,6126200,93.45458984375,9127800
2018-12-03,3894.130859375,5089570994.0,108.92501831054688,1772756193.0,2790.3701171875,4221580000,127.31076049804688,3655400,85.01284790039062,14037900,94.1181411743164,9763800
2018-12-04,3956.893798828125,5028069239.0,110.21418762207031,1748116495.0,2700.06005859375,4515710000,123.15314483642578,3917700,85.23997497558594,5365200,95.69384765625,18100500
2018-12-06,3521.101806640625,5878333109.0,91.76105499267578,2310716932.0,2695.949951171875,5180430000,123.00180053710938,6542900,85.45089721679688,7396800,95.99434661865234,15319400
2018-12-07,3419.937255859375,6835615448.0,93.29456329345703,2554304530.0,2633.080078125,4242240000,120.09944152832031,4986900,85.56444549560547,5440200,96.17301177978516,8608400
2018-12-10,3502.656005859375,5020968740.0,91.68565368652344,1756437577.0,2637.719970703125,4162880000,120.23297882080078,5046800,85.6212387084961,6096000,96.5710220336914,8777700
2018-12-11,3424.588134765625,4696765188.0,88.94530487060547,1707497898.0,2636.780029296875,3963440000,120.20628356933594,3459200,85.6456069946289,8086200,96.55476379394531,8071900
2018-12-12,3486.9501953125,4139364829.0,90.59329986572266,1533050103.0,2651.070068359375,4029300000,120.89179229736328,3720100,85.5806884765625,8089000,96.12430572509766,6182200
2018-12-13,3313.67724609375,4343372456.0,86.53931427001953,1754475622.0,2650.5400390625,3978340000,120.59801483154297,3298400,85.60504913330078,5762500,95.89689636230469,5564200
2018-12-14,3242.48486328125,4372763663.0,84.30829620361328,1651491877.0,2599.949951171875,4064370000,118.51472473144531,4503200,85.62934875488281,6265000,96.2298812866211,8169200
2018-12-17,3545.86474609375,5409247918.0,95.13382720947266,2101453024.0,2545.93994140625,4661420000,115.98632049560547,7193100,85.77537536621094,7630500,96.79031372070312,9726800
2018-12-18,3696.05908203125,5911325473.0,101.11245727539062,2277514076.0,2546.159912109375,4519190000,115.95072937011719,8065500,86.02735137939453,6626100,97.36995697021484,10018800
2018-12-19,3745.95068359375,6810689119.0,101.2685775756836,2456482115.0,2506.9599609375,5152830000,114.17015075683594,8010800,86.1086196899414,7264800,98.65628051757812,23046300
2018-12-20,4134.44140625,8927129279.0,116.21687316894531,3063842618.0,2467.419921875,5619780000,112.32725524902344,13119700,86.02735137939453,7695000,98.2980728149414,18543700
2018-12-21,3896.543701171875,7206015706.0,109.49623107910156,2632539990.0,2416.6201171875,7657890000,109.94129180908203,13605000,85.98667907714844,10381200,98.28180694580078,9945100
2018-12-24,4078.59912109375,7240968501.0,140.23800659179688,4370343387.0,2351.10009765625,2613670000,107.19296264648438,14488500,86.04359436035156,7196100,98.77027130126953,8377500
2018-12-26,3857.297607421875,5326547918.0,131.86563110351562,2720469126.0,2467.699951171875,4249740000,112.35113525390625,12512300,85.88105010986328,8606900,97.71192169189453,11700400
2018-12-27,3654.83349609375,5130222366.0,116.57591247558594,2612804378.0,2488.830078125,4139010000,113.363037109375,16128500,86.01920318603516,10562200,97.72818756103516,12146500
2018-12-28,3923.918701171875,5631554348.0,137.6470184326172,3130201009.0,2485.739990234375,3728440000,113.21977233886719,11668700,86.3362045288086,7019600,98.55047607421875,9879100
2018-12-31,3742.700439453125,4661840806.0,133.36825561523438,2358360234.0,2506.85009765625,3461920000,114.29439544677734,9414800,86.55564880371094,9671800,98.92494201660156,17409000
2019-01-02,3943.409423828125,5244856836.0,155.0476837158203,3328240369.0,2510.030029296875,3733160000,114.38394165039062,5093200,86.62071228027344,11200700,99.44599151611328,19841500
2019-01-03,3836.7412109375,4530215219.0,149.135009765625,2676164880.0,2447.889892578125,3858830000,111.73320007324219,5252900,86.97834014892578,6497000,100.5776596069336,21187000
2019-01-04,3857.717529296875,4847965467.0,154.58193969726562,3126192535.0,2531.93994140625,4234140000,115.43167114257812,4776900,86.71823120117188,8149000,99.41343688964844,12970200
2019-01-07,4025.248291015625,5228625637.0,151.69921875,2712108388.0,2549.68994140625,4133120000,116.59585571289062,4485100,86.57194519042969,7433700,99.12030792236328,8498100
2019-01-08,4030.847900390625,5306593305.0,150.35963439941406,2459808140.0,2574.409912109375,4120060000,117.79586029052734,3949400,86.50690460205078,4395600,98.8598403930664,7737100
2019-01-09,4035.29638671875,5115905225.0,150.80311584472656,2369241197.0,2584.9599609375,4088740000,118.3510513305664,6405100,86.58003234863281,5458100,98.70513916015625,9349200
2019-01-10,3678.924560546875,6874143796.0,128.62518310546875,3397734456.0,2596.639892578125,3721300000,118.93315124511719,2685700,86.48252868652344,3532500,98.07011413574219,8222900
2019-01-11,3687.365478515625,5538712865.0,127.54832458496094,2667585234.0,2596.260009765625,3447460000,118.96002960205078,3033800,86.60443878173828,5759000,98.45275115966797,5786900
2019-01-14,3706.05224609375,5651384490.0,129.0687255859375,2798085735.0,2582.610107421875,3689370000,118.20777130126953,2479400,86.48252868652344,7544300,98.08642578125,6730500
2019-01-15,3630.67529296875,5537192302.0,122.03271484375,2735449164.0,2610.300048828125,3601180000,119.49732208251953,4542100,86.49878692626953,3690200,97.72818756103516,8997400
2019-01-16,3655.0068359375,5394457145.0,123.54706573486328,2746469340.0,2616.10009765625,3882180000,119.83761596679688,2963100,86.57194519042969,4007800,97.82587432861328,6048400
2019-01-17,3678.56396484375,5464420383.0,123.7419204711914,2594091285.0,2635.9599609375,3802410000,120.80475616455078,4401100,86.50690460205078,5547000,97.85033416748047,8153400
2019-01-18,3657.83935546875,5002961727.0,121.01026153564453,2305389800.0,2670.7099609375,4009010000,122.37193298339844,4224900,86.44184112548828,5643400,97.33737182617188,14106400
2019-01-22,3604.5771484375,5313623556.0,118.74755096435547,2552507405.0,2632.89990234375,3923950000,120.69732666015625,5037900,86.51505279541016,6824000,97.99687957763672,8881100
2019-01-23,3585.123046875,5433755649.0,117.45260620117188,2556952198.0,2638.699951171875,3358770000,120.82266235351562,3934200,86.60443878173828,3222800,97.95614624023438,5776800
2019-01-24,3600.865478515625,5262869046.0,117.36288452148438,2520843420.0,2642.330078125,3449230000,121.07344055175781,3785200,86.75077819824219,7308900,98.59931945800781,7121900
2019-01-25,3599.765869140625,5265847539.0,116.37834167480469,2606881898.0,2664.760009765625,3821000000,122.21072387695312,2987300,86.71009826660156,3469500,98.12710571289062,6460800
2019-01-28,3470.450439453125,6908930483.0,106.58997344970703,3366895505.0,2643.85009765625,3630820000,121.31521606445312,4371600,86.66136932373047,7365700,98.02943420410156,6435800
2019-01-29,3448.116943359375,5897159493.0,105.59821319580078,2900418606.0,2640.0,3518070000,121.14508819580078,2975100,86.88890838623047,6158600,98.52604675292969,5750100
2019-01-30,3486.181640625,5955112627.0,108.90753936767578,2874370355.0,2681.050048828125,3883270000,122.97193908691406,3060700,87.08399200439453,6350400,98.45275115966797,10571300
2019-01-31,3457.792724609375,5831198271.0,107.0610122680664,2828796031.0,2704.10009765625,4953800000,124.05548095703125,3932900,87.34405517578125,14766500,99.29948425292969,11843400
2019-02-01,3487.9453125,5422926707.0,107.60978698730469,2541271519.0,2706.530029296875,3782490000,124.23458862304688,3225400,87.16320037841797,7227900,98.6997299194336,12024600
2019-02-04,3459.154052734375,5332718886.0,107.82160186767578,2491888675.0,2724.8701171875,3369450000,125.12116241455078,4938100,87.08987426757812,14227700,98.25911712646484,8966200
2019-02-05,3466.357421875,5227549545.0,107.44351959228516,2515863999.0,2737.699951171875,3597620000,125.64059448242188,2759100,87.27725982666016,8913500,98.7078857421875,6983300
2019-02-06,3413.767822265625,5482196038.0,104.9192886352539,2593048199.0,2731.610107421875,3486590000,125.51517486572266,2945200,87.22838592529297,6449600,98.75682830810547,5184000
2019-02-07,3399.4716796875,5004962683.0,104.5353012084961,2326764622.0,2706.050048828125,4114040000,124.32411193847656,5097500,87.26910400390625,3938900,99.40962219238281,8781000
2019-02-08,3666.7802734375,7735623101.0,119.26774597167969,3656841347.0,2707.8798828125,3649510000,124.44952392578125,2105800,87.46466064453125,4288600,99.83393096923828,5885400
2019-02-11,3648.4306640625,6277056434.0,121.29839324951172,3222473887.0,2709.800048828125,3395330000,124.70919799804688,2337000,87.3750228881836,3521000,99.44227600097656,4352800
2019-02-12,3653.528564453125,6480384532.0,122.5722885131836,3149576429.0,2744.72998046875,3843020000,126.26741790771484,3312300,87.391357421875,3136700,99.18932342529297,7939600
2019-02-13,3632.070556640625,6438903823.0,122.55360412597656,3386585799.0,2753.030029296875,3684910000,126.66142272949219,2369300,87.23651123046875,2526100,98.81397247314453,4757700
2019-02-14,3616.880859375,6271044418.0,121.39020538330078,3331701628.0,2745.72998046875,3845390000,126.43755340576172,2731400,87.36688232421875,2908500,99.37699127197266,5868900
2019-02-15,3620.810791015625,6091952231.0,122.10038757324219,3021741615.0,2775.60009765625,3648680000,127.8255844116211,2537600,87.43211364746094,2413900,99.53202056884766,5527200
2019-02-19,3947.094482421875,9933626655.0,145.34619140625,5310842625.0,2779.760009765625,3535270000,128.0763397216797,2469900,87.48094940185547,6235500,99.78498840332031,5872800
2019-02-20,3999.820556640625,8693373948.0,149.55433654785156,4500094965.0,2784.699951171875,3904830000,128.34498596191406,2357400,87.48912048339844,3231100,99.4993667602539,4455800
2019-02-21,3954.1181640625,7775128102.0,146.13084411621094,3995766856.0,2774.8798828125,3598260000,127.90619659423828,3684900,87.2935791015625,3677000,98.6099624633789,7382500
2019-02-22,4005.526611328125,7826525254.0,149.0924530029297,3731099284.0,2792.669921875,3429350000,128.74794006347656,1838400,87.51355743408203,2731500,99.19746398925781,6374600
2019-02-25,3882.6962890625,9318796067.0,139.82286071777344,4914392068.0,2796.110107421875,3860260000,128.93601989746094,3920000,87.48912048339844,3645400,98.90369415283203,6293500
2019-02-26,3854.35791015625,7931218996.0,138.0896759033203,3791292839.0,2793.89990234375,3676200000,128.6942138671875,2155200,87.58692932128906,4759400,99.39330291748047,6028900
2019-02-27,3851.04736328125,8301309684.0,136.12596130371094,4469776860.0,2792.3798828125,3771790000,128.73899841308594,2046800,87.39949798583984,2988300,98.26728057861328,7737300
2019-02-28,3854.785400390625,8399767798.0,136.74624633789062,4535438953.0,2784.489990234375,4445780000,128.4703826904297,2275100,87.24465942382812,11872100,97.93273162841797,9533400
2019-03-01,3859.583740234375,7661247975.0,136.44361877441406,3756124824.0,2803.68994140625,3994950000,129.3300323486328,2985100,87.10334777832031,5527000,97.02752685546875,13541100
2019-03-04,3761.55712890625,9029175788.0,127.77412414550781,4008171341.0,2792.81005859375,3949730000,128.73008728027344,3555400,87.20956420898438,3837200,97.7879638671875,9808500
2019-03-05,3896.375,10174126415.0,137.8223876953125,4764849990.0,2789.64990234375,3631380000,128.4882354736328,2838000,87.2667465209961,5835800,97.99241638183594,5595200
2019-03-06,3903.942626953125,9175291529.0,138.7893524169922,4589054219.0,2771.449951171875,3800180000,127.51216888427734,2139600,87.39745330810547,4834000,98.35220336914062,7766700
2019-03-07,3911.484375,9584165519.0,138.0345001220703,4339206292.0,2748.929931640625,3932150000,126.51815032958984,2851800,87.64252471923828,6089100,98.98995208740234,8187200
2019-03-08,3901.131591796875,10638638944.0,135.1270751953125,4678816794.0,2743.070068359375,3424300000,126.25847625732422,2328000,87.75686645507812,4943100,99.40701293945312,7517600
2019-03-11,3905.227294921875,10125901903.0,133.8340301513672,4689807419.0,2783.300048828125,3764850000,128.1121368408203,1910400,87.76505279541016,5638300,99.11264038085938,5157800
2019-03-12,3909.15625,9809887079.0,134.44288635253906,4709988000.0,2791.52001953125,3432340000,128.5420379638672,1966100,87.92839813232422,5243400,99.80768585205078,6422300
2019-03-13,3906.71728515625,9469184841.0,133.26307678222656,4265162099.0,2810.919921875,3782250000,129.36587524414062,2013500,87.88756561279297,2608800,99.6196060180664,4386300
2019-03-14,3924.369140625,10480789570.0,133.7115936279297,4476532147.0,2808.47998046875,3505670000,129.2584228515625,1494000,87.75686645507812,2955400,98.90006256103516,8188400
2019-03-15,3960.9111328125,9394210605.0,137.69178771972656,4506861856.0,2822.47998046875,5969780000,129.8583984375,2324300,87.97743225097656,2756900,99.5541763305664,4302000
2019-03-18,4032.50732421875,9646954186.0,139.37460327148438,4551739879.0,2832.93994140625,3620770000,130.34194946289062,2489700,87.96105194091797,2295500,99.4969482421875,3893300
2019-03-19,4071.190185546875,9344919956.0,140.51919555664062,4251488129.0,2832.570068359375,3650740000,130.3151092529297,6104600,87.9120864868164,2928300,99.27620697021484,5220200
2019-03-20,4087.476318359375,10175916388.0,140.6863555908203,4664134462.0,2824.22998046875,3779160000,129.77781677246094,2900900,88.27149963378906,4236200,100.3146743774414,10123700
2019-03-21,4029.326904296875,10831212662.0,136.6360626220703,5087247796.0,2854.8798828125,3612620000,131.30015563964844,2949700,88.28783416748047,4192700,100.53543090820312,7182600
2019-03-22,4023.96826171875,9252935969.0,137.1814422607422,4490899266.0,2800.7099609375,4253730000,128.5598602294922,5151000,88.72894287109375,2464100,102.09721374511719,13077000
2019-03-25,3963.070556640625,10359818883.0,135.03102111816406,4480516753.0,2798.360107421875,3406110000,128.47169494628906,3676500,88.892333984375,4971300,102.2607650756836,9736300
2019-03-26,3985.080810546875,10707678815.0,135.46035766601562,4499271679.0,2818.4599609375,3288570000,129.46205139160156,2861000,88.90866088867188,3120500,102.18716430664062,7502000
2019-03-27,4087.066162109375,10897131934.0,140.9881591796875,5228240093.0,2805.3701171875,3422400000,128.8677978515625,3402700,89.09649658203125,3719600,103.12754821777344,14207200
2019-03-28,4069.107177734375,9353915899.0,139.41647338867188,4163212475.0,2815.43994140625,3185460000,129.43507385253906,2654500,89.1047134399414,6071000,103.4873275756836,9143200
2019-03-29,4098.37451171875,10918665557.0,142.49742126464844,5125602702.0,2834.39990234375,3752520000,130.2904052734375,3614700,89.09649658203125,5988300,103.38916778564453,10841400
2019-04-01,4158.18310546875,10157794171.0,141.830322265625,4611999536.0,2867.18994140625,3560090000,131.802978515625,3666800,88.68875122070312,11261700,101.92063903808594,16501500
2019-04-02,4879.8779296875,21315047816.0,163.9617462158203,9826645698.0,2867.239990234375,3267210000,131.7940216064453,4292800,88.78701782226562,8080100,102.10912322998047,9725000
2019-04-03,4973.02197265625,22899891582.0,161.45880126953125,10622456246.0,2873.39990234375,3570000000,132.109130859375,2404400,88.6232681274414,3731100,101.22407531738281,10407000
2019-04-04,4922.798828125,18251810240.0,158.0525360107422,7953123529.0,2879.389892578125,3038740000,132.38824462890625,2248400,88.68875122070312,3676900,101.51091003417969,7503400
2019-04-05,5036.68115234375,16837325387.0,165.5148468017578,7531316908.0,2892.739990234375,3155970000,133.05447387695312,1744500,88.75426483154297,2236600,101.64203643798828,6321800
2019-04-08,5289.77099609375,17154113634.0,180.25881958007812,9304964610.0,2895.77001953125,3056460000,133.17156982421875,2130500,88.71330261230469,9485300,101.28147888183594,4446400
2019-04-09,5204.95849609375,14722104361.0,176.1145782470703,7632529578.0,2878.199951171875,3032480000,132.3701934814453,2150700,88.7624740600586,3753800,101.60104370117188,7020300
2019-04-10,5324.5517578125,15504590933.0,177.3374786376953,7856924879.0,2888.2099609375,3092230000,132.98245239257812,2019000,88.93437194824219,4682000,101.84691619873047,7519900
2019-04-11,5064.48779296875,16555616019.0,165.4970245361328,7859383417.0,2888.320068359375,2970650000,132.9734649658203,1794600,88.82792663574219,2827700,101.2486801147461,8679300
2019-04-12,5089.5390625,13675206312.0,164.736328125,6237185309.0,2907.409912109375,3726050000,133.86477661132812,2612000,88.65599060058594,2390600,100.52753448486328,7005500
2019-04-15,5067.1083984375,12290155061.0,161.5741729736328,5672311824.0,2905.580078125,3114530000,133.75677490234375,2083000,88.63961791992188,2546200,100.78155517578125,3070000
2019-04-16,5235.5595703125,11618660197.0,167.62344360351562,5180105341.0,2907.06005859375,3403120000,133.7927703857422,2953300,88.48403930664062,4093900,100.15052032470703,8927300
2019-04-17,5251.93798828125,12438480677.0,166.9507598876953,5596102715.0,2900.449951171875,3648100000,133.29759216308594,2983900,88.47582244873047,3390200,100.1915512084961,6118500
2019-04-18,5298.3857421875,13256489918.0,173.81402587890625,6971581464.0,2905.030029296875,3507100000,133.49569702148438,2457000,88.59050750732422,2217200,100.71600341796875,27589400
2019-04-22,5399.365234375,14601631648.0,171.87466430664062,6094878077.0,2907.969970703125,3010130000,133.53167724609375,2148600,88.48403930664062,5725600,100.23246765136719,6241200
2019-04-23,5572.3623046875,15867308108.0,171.4477996826172,7097827092.0,2933.679931640625,3674480000,134.8732147216797,2344200,88.63961791992188,3422700,100.44558715820312,6239700
2019-04-24,5464.86669921875,17048033399.0,165.8260955810547,7351304156.0,2927.25,3468480000,134.69314575195312,1924600,88.84432983398438,3000000,101.26506042480469,7302000
2019-04-25,5210.515625,15330283408.0,154.4593963623047,6820332362.0,2926.169921875,3440010000,134.468017578125,2428600,88.83613586425781,2648100,101.11751556396484,5380900
2019-04-26,5279.34814453125,16812108040.0,156.3470916748047,7505283355.0,2939.8798828125,3264390000,135.1973419189453,2184500,89.01631927490234,2299900,101.46172332763672,5950700
2019-04-29,5247.3525390625,13735490672.0,155.20199584960938,6053776253.0,2943.030029296875,3150390000,135.39541625976562,2461500,88.86068725585938,2782600,100.8143310546875,10246000
2019-04-30,5350.7265625,13878964574.0,162.16603088378906,6275803460.0,2945.830078125,3939760000,135.4043731689453,2224500,88.91806030273438,7491500,101.33061981201172,7957400
2019-05-01,5402.697265625,13679528236.0,160.81834411621094,5789172433.0,2923.72998046875,3669330000,134.3960418701172,3761300,88.97549438476562,6387900,101.74862670898438,14371900
2019-05-02,5505.28369140625,14644460907.0,162.12278747558594,6044171062.0,2917.52001953125,3802290000,134.1709442138672,2537800,88.77847290039062,3379400,101.26408386230469,6612800
2019-05-03,5768.28955078125,18720780006.0,167.95240783691406,7299410672.0,2945.639892578125,3357180000,135.62051391601562,2147100,88.92620086669922,2326300,101.55152893066406,6191700
2019-05-06,5746.80712890625,15737171804.0,172.65321350097656,7540096853.0,2932.469970703125,3203260000,135.18829345703125,2635300,89.0411148071289,4609100,101.83074188232422,4482500
2019-05-07,5829.50146484375,18026409033.0,169.7986602783203,8411140170.0,2884.050048828125,3793060000,132.8563995361328,4385800,89.14784240722656,3051400,102.61090087890625,8984900
2019-05-08,5982.45751953125,15320605300.0,170.9481658935547,6416569598.0,2879.419921875,3543110000,132.6403350830078,2492100,89.13143157958984,5946400,102.16741180419922,6907600
2019-05-09,6174.52880859375,16784645411.0,170.289306640625,6546914198.0,2870.719970703125,3659050000,132.21717834472656,2768000,89.1806869506836,4847600,102.58625793457031,9411900
2019-05-10,6378.84912109375,19419875368.0,173.1427459716797,8036919053.0,2881.39990234375,3566780000,132.82940673828125,3175300,89.19708251953125,5257500,102.44666290283203,6037800
2019-05-13,7814.9150390625,28677672181.0,196.84628295898438,10367149039.0,2811.8701171875,3900270000,129.47103881835938,4241900,89.34486389160156,6733800,103.25145721435547,10501600
2019-05-14,7994.416015625,32031452227.0,217.14857482910156,12751049755.0,2834.409912109375,3354860000,130.64154052734375,3090200,89.41867065429688,6217000,102.94759368896484,5690400
2019-05-15,8205.16796875,28344112920.0,247.15306091308594,13460006534.0,2850.9599609375,3140900000,131.4158477783203,2072300,89.57465362548828,2666500,103.57989501953125,9566300
2019-05-16,7884.9091796875,33167197581.0,264.010009765625,18661465873.0,2876.320068359375,3338470000,132.6043243408203,2319500,89.46797943115234,2757000,103.23500061035156,7666400
2019-05-17,7343.8955078125,30066644905.0,243.76458740234375,16037551694.0,2859.530029296875,3316040000,131.6679229736328,1923900,89.49260711669922,2090800,103.46495056152344,4747100
2019-05-20,7978.30908203125,23843404340.0,251.86441040039062,10834541285.0,2840.22998046875,3293750000,130.73153686523438,1669200,89.36949157714844,2035000,103.25145721435547,6043100
2019-05-21,7963.32763671875,25127245056.0,255.21588134765625,11545049593.0,2864.360107421875,3223050000,132.01007080078125,1438800,89.36126708984375,2029800,103.08717346191406,4021800
2019-05-22,7680.06640625,24719473175.0,244.69891357421875,9818257463.0,2856.27001953125,3194000000,131.53286743164062,1539800,89.50900268554688,3509900,103.67849731445312,5675300
2019-05-23,7881.8466796875,24457107820.0,245.96566772460938,10671663487.0,2822.239990234375,3899320000,129.8582305908203,2701100,89.77164459228516,4922500,104.8446273803711,9743700
2019-05-24,7987.37158203125,25919126991.0,249.4849853515625,9929433206.0,2826.06005859375,2889230000,130.17335510253906,1381900,89.80450439453125,2010300,104.9349365234375,4981900
2019-05-28,8719.9619140625,24226919267.0,271.7687072753906,10362846898.0,2802.389892578125,4146980000,129.02989196777344,3866100,89.93582916259766,6270100,105.69048309326172,8098600
2019-05-29,8659.4873046875,23473479966.0,269.4556884765625,9819132174.0,2783.02001953125,3701110000,128.14752197265625,2955100,89.96045684814453,5634400,106.01075744628906,13260600
2019-05-30,8319.47265625,29246528551.0,255.85894775390625,13604268584.0,2788.860107421875,3276030000,128.39962768554688,2621700,90.198486328125,3305200,106.92227935791016,13024800
2019-05-31,8574.501953125,25365190957.0,268.1135559082031,11255023515.0,2752.06005859375,3982670000,126.67095184326172,2836300,90.61714935302734,9204100,108.2608642578125,18933600
2019-06-03,8208.9951171875,22004511436.0,252.60792541503906,9375712917.0,2744.449951171875,3952360000,126.41888427734375,4765100,90.83100891113281,7137500,108.9850082397461,17822400
2019-06-04,7707.77099609375,24609731549.0,241.3387908935547,10132549747.0,2803.27001953125,3814130000,129.25497436523438,2767600,90.74873352050781,5131700,107.74240112304688,14250000
2019-06-05,7824.2314453125,21760923463.0,247.05101013183594,8548917062.0,2826.14990234375,3570760000,130.245361328125,5059700,90.69937133789062,3253500,107.13349151611328,8815200
2019-06-06,7822.0234375,19474611077.0,249.47433471679688,8265146806.0,2843.489990234375,3445140000,130.9746551513672,2795600,90.68292236328125,2660400,107.47909545898438,9621100
2019-06-07,8043.951171875,19141423231.0,250.93035888671875,8379534528.0,2873.340087890625,3244380000,132.16310119628906,1667900,90.93795013427734,3697100,108.4089584350586,11378500
2019-06-10,8000.32958984375,18689275117.0,247.52012634277344,8141159848.0,2886.72998046875,3209890000,132.90142822265625,2259800,90.69937133789062,3992900,107.3885498046875,8288700
2019-06-11,7927.71435546875,17107279932.0,245.78182983398438,7382269700.0,2885.719970703125,3551000000,132.775390625,1724500,90.68292236328125,4374600,107.45442962646484,5115100
2019-06-12,8145.857421875,19034432883.0,260.9032897949219,8645598618.0,2879.840087890625,3039870000,132.59527587890625,1729900,90.79812622070312,2797600,107.53670501708984,5278700
2019-06-13,8230.923828125,18669407147.0,256.1687927246094,8442077836.0,2891.639892578125,3100640000,133.20753479003906,1726600,90.9955825805664,2293200,107.90697479248047,5560400
2019-06-14,8693.8330078125,19831162906.0,264.08746337890625,8676891267.0,2886.97998046875,2992810000,132.91944885253906,1401000,90.97088623046875,1901200,108.1785659790039,5838800
2019-06-17,9320.3525390625,15562951919.0,274.3511047363281,6009795781.0,2889.669921875,2828400000,133.01612854003906,2506100,90.94621276855469,3312600,108.3678207397461,6046400
2019-06-18,9081.7626953125,15848210536.0,265.0518493652344,6205242504.0,2917.75,3441540000,134.4711151123047,2261100,91.19306945800781,3640300,108.91089630126953,10320700
2019-06-19,9273.521484375,15546809946.0,269.4317932128906,5516510947.0,2926.4599609375,3300220000,134.9320068359375,4049900,91.50566864013672,2895900,109.06729125976562,11962500
2019-06-20,9527.16015625,17846823784.0,271.69500732421875,6408981097.0,2954.179931640625,3943060000,136.17001342773438,2968100,91.66199493408203,4224300,109.35530853271484,10721500
2019-06-21,10144.556640625,20624008643.0,294.9102783203125,9331694140.0,2950.4599609375,5003540000,136.18812561035156,2414300,91.42339324951172,4640200,108.15390014648438,14495000
2019-06-24,11011.1025390625,19271652365.0,310.4246826171875,8205712062.0,2945.35009765625,3136960000,135.42897033691406,1977300,91.58790588378906,3079800,108.9603271484375,6378800
2019-06-25,11790.9169921875,24879684533.0,318.1263122558594,9641764965.0,2917.3798828125,3579430000,134.1457977294922,2309500,91.60440063476562,3111100,109.29769897460938,9604600
2019-06-26,13016.2314453125,45105733173.0,336.753173828125,16437084081.0,2913.780029296875,3511350000,133.8927459716797,1903700,91.39868927001953,3703200,108.59825897216797,12766800
2019-06-27,11182.806640625,39977475223.0,294.26763916015625,14038092503.0,2924.919921875,3162500000,134.69703674316406,2392200,91.6537857055664,2963600,109.3635482788086,9724200
2019-06-28,12407.33203125,35087757766.0,311.2261047363281,11514656820.0,2941.760009765625,5422650000,135.63685607910156,2589600,91.61260986328125,9887800,109.28948211669922,8149200
2019-07-01,10583.134765625,29378589324.0,293.64111328125,10292223948.0,2964.330078125,3524860000,136.59478759765625,3960800,91.68024444580078,4186800,109.03388977050781,14131200
2019-07-02,10801.677734375,31015895223.0,291.596435546875,10618413952.0,2973.010009765625,3224490000,136.91107177734375,2705400,91.84518432617188,5765400,109.87489318847656,10494300
2019-07-03,11961.26953125,30796494294.0,303.0999755859375,9926711979.0,2995.820068359375,1963570000,137.94134521484375,2286800,91.99359893798828,1324800,110.65819549560547,5380300
2019-07-05,10978.4599609375,23838480210.0,287.9975280761719,8723493015.0,2990.409912109375,2434680000,137.8599853515625,2446300,91.60602569580078,2461200,109.19055938720703,12180100
2019-07-08,12285.9580078125,23482551458.0,313.25140380859375,9078905628.0,2975.949951171875,2922360000,137.1189727783203,2611300,91.5565185546875,3041400,109.33895874023438,6490000
2019-07-09,12573.8125,28167921523.0,308.8810119628906,10055159803.0,2979.6298828125,3033330000,137.3629608154297,3178000,91.53182220458984,2525800,109.29771423339844,6215700
2019-07-10,12156.5126953125,33627574244.0,290.0023193359375,11679985167.0,2993.070068359375,3157800000,137.92323303222656,1852500,91.59776306152344,4589800,108.69580841064453,9470000
2019-07-11,11358.662109375,28595327690.0,268.70404052734375,10216287022.0,2999.909912109375,3155710000,138.1129913330078,2641000,91.25970458984375,3303700,107.24468231201172,14126800
2019-07-12,11815.986328125,23534692797.0,276.2767028808594,8148936015.0,3013.77001953125,2984140000,138.81790161132812,1656000,91.35865020751953,3836300,107.36832427978516,6992000
2019-07-15,10895.08984375,25384047207.0,229.7760009765625,9723674244.0,3014.300048828125,2876100000,138.72750854492188,2155000,91.49053955078125,3619000,107.98674774169922,6055500
2019-07-16,9477.6416015625,24151199070.0,199.1886749267578,9036620494.0,3004.0400390625,3297030000,138.37509155273438,1778500,91.39163970947266,2149100,107.6651840209961,6172700
2019-07-17,9693.802734375,24569921549.0,211.48497009277344,9387747640.0,2984.419921875,3185650000,137.46237182617188,2575500,91.63078308105469,2985600,108.8277816772461,9662200
2019-07-18,10666.482421875,25187024648.0,226.566162109375,9327816059.0,2995.110107421875,3369820000,137.96841430664062,1463500,91.7791976928711,5982200,108.83598327636719,5724900
2019-07-19,10530.732421875,20727426310.0,221.3334197998047,7606433131.0,2976.610107421875,3285890000,137.1821746826172,1487900,91.6719741821289,3150800,108.58037567138672,5804800
2019-07-22,10343.1064453125,16334414913.0,217.5600128173828,6338843919.0,2985.030029296875,3016200000,137.5074920654297,1510000,91.78742980957031,2855100,108.78654479980469,5204100
2019-07-23,9900.767578125,17851916995.0,212.728515625,6976091534.0,3005.469970703125,3333810000,138.42930603027344,1643800,91.69672393798828,2659300,108.1928939819336,8108900
2019-07-24,9811.92578125,17398734322.0,217.04637145996094,7168982843.0,3019.56005859375,3433220000,139.27877807617188,2168900,91.82864379882812,2783300,108.66284942626953,6389700
2019-07-25,9911.841796875,15821952090.0,219.6179962158203,6731281160.0,3003.669921875,3657050000,138.53775024414062,2046000,91.68848419189453,2976800,108.14341735839844,8893100
2019-07-26,9870.3037109375,14495714483.0,219.62960815429688,5729852178.0,3025.860107421875,3260170000,139.54087829589844,1721600,91.7049560546875,4669000,108.39898681640625,6188400
2019-07-29,9519.1455078125,13791445323.0,211.26805114746094,5485190664.0,3020.969970703125,3224490000,139.20651245117188,1587600,91.74618530273438,4167100,108.43197631835938,6231800
2019-07-30,9607.423828125,13829811132.0,210.52259826660156,5489918859.0,3013.179931640625,3632770000,139.07095336914062,1970300,91.73795318603516,2409300,108.69580841064453,5678500
2019-07-31,10085.6279296875,16631520648.0,218.65414428710938,6003828340.0,2980.3798828125,4626330000,137.552734375,2512000,91.7791976928711,10034500,109.56982421875,15798700
2019-08-01,10399.6689453125,17165337858.0,217.80844116210938,5965442642.0,2953.56005859375,4793810000,136.27853393554688,3901500,92.4982681274414,5709100,111.74586486816406,26664800
2019-08-02,10518.1748046875,17489094082.0,217.87156677246094,6159440229.0,2932.050048828125,3882810000,135.176025390625,7062200,92.53135681152344,3293700,112.778564453125,15143100
2019-08-05,11805.6533203125,23875988832.0,234.21502685546875,7765060287.0,2844.739990234375,4542850000,131.16351318359375,5701800,92.93634033203125,7626600,114.72833251953125,18543000
2019-08-06,11478.1689453125,23635107660.0,226.02064514160156,7647742672.0,2881.77001953125,4156640000,132.87156677246094,3408400,93.18431091308594,5151800,115.64537811279297,12747400
2019-08-07,11941.96875,22194988641.0,226.39100646972656,7020342210.0,2883.97998046875,4512720000,133.01612854003906,3195500,93.13471984863281,9156600,115.68665313720703,32582000
2019-08-08,11966.4072265625,19481591730.0,220.94186401367188,6713525644.0,2938.090087890625,4118530000,135.5465087890625,4143200,93.22563934326172,3707200,115.93451690673828,14746000
2019-08-09,11862.9365234375,18339989960.0,210.48890686035156,6964818795.0,2918.64990234375,3356850000,134.57952880859375,2349700,93.10163879394531,2432300,115.70319366455078,10626000
2019-08-12,11382.6162109375,13647198229.0,211.28807067871094,5674315559.0,2882.699951171875,3328570000,132.9167022705078,2610200,93.44056701660156,2474900,118.1156005859375,14094300
2019-08-13,10895.830078125,16681503537.0,208.70904541015625,5946313205.0,2926.320068359375,3857190000,134.81448364257812,2721400,93.30826568603516,3048200,117.71077728271484,15974900
2019-08-14,10051.7041015625,19990838300.0,186.6077423095703,7444456154.0,2840.60009765625,4325150000,130.9195556640625,3938800,93.59758758544922,2829900,120.36271667480469,15068900
2019-08-15,10311.5458984375,22899115082.0,188.50205993652344,8197244441.0,2847.60009765625,4041720000,131.16351318359375,3591900,94.02737426757812,2815600,121.7010269165039,23588700
2019-08-16,10374.3388671875,20228207096.0,185.44007873535156,7133915837.0,2888.679931640625,3524080000,133.15164184570312,3659300,93.9530029296875,5209000,120.72618865966797,17150500
2019-08-19,10916.0537109375,16038264603.0,203.09193420410156,6145148692.0,2923.64990234375,3221050000,134.73313903808594,2875000,93.70503234863281,2900800,118.99954986572266,13614700
2019-08-20,10763.232421875,15053082175.0,196.56541442871094,6408417610.0,2900.510009765625,3067710000,133.70294189453125,1739000,93.96125030517578,2253600,120.23056030273438,7451500
2019-08-21,10138.0498046875,19473084768.0,186.89163208007812,7775772700.0,2924.429931640625,3016540000,134.8325653076172,1439700,93.91163635253906,3815400,119.42910766601562,9372000
2019-08-22,10131.0556640625,17097508856.0,191.33291625976562,7569043874.0,2922.949951171875,2893660000,134.71510314941406,1730700,93.66372680664062,6294900,118.63612365722656,13878800
2019-08-23,10407.96484375,15627023886.0,194.70620727539062,6658162377.0,2847.110107421875,3942520000,131.31719970703125,3808300,94.04391479492188,3772100,120.58580780029297,16191800
2019-08-26,10370.8203125,18438654080.0,188.92938232421875,7207986636.0,2878.3798828125,2859790000,132.64564514160156,3623000,94.00260162353516,5127200,120.0983657836914,12174500
2019-08-27,10185.5,14762609503.0,187.51666259765625,6042327402.0,2869.159912109375,3537490000,132.0310821533203,1984700,94.3001480102539,3473400,121.94894409179688,11332300
2019-08-28,9754.4228515625,17603790323.0,173.8899688720703,6696604087.0,2887.93994140625,3102480000,132.9709014892578,1981000,94.30841064453125,5102500,122.10590362548828,10095900
2019-08-29,9510.2001953125,17045878501.0,169.51673889160156,7129569083.0,2924.580078125,3177150000,134.73313903808594,2576000,94.25055694580078,2671000,121.6432876586914,8884900
2019-08-30,9598.173828125,13595263986.0,168.83486938476562,5776520220.0,2926.4599609375,3009910000,134.68797302246094,2267900,94.33317565917969,4661600,121.67633819580078,13550800
2019-09-03,10623.5400390625,19384917989.0,179.49932861328125,6962728938.0,2906.27001953125,3427830000,133.81143188476562,4307800,94.31082153320312,6197400,121.83353424072266,15660800
2019-09-04,10594.4931640625,16742664769.0,175.99288940429688,5938120494.0,2937.780029296875,3167900000,135.23927307128906,2071700,94.4765396118164,3814300,122.01560974121094,7962200
2019-09-05,10575.533203125,14551239508.0,174.21713256835938,5589476516.0,2976.0,3902600000,137.04664611816406,2991800,94.0705795288086,5336500,119.80596923828125,19382900
2019-09-06,10353.302734375,19536574783.0,169.9561767578125,6797611878.0,2978.7099609375,3209340000,137.07374572753906,1568700,94.17000579833984,3675200,120.65833282470703,9466400
2019-09-09,10334.974609375,17595943368.0,181.1494598388672,7232938985.0,2978.429931640625,4031120000,137.1550750732422,2575200,93.77233123779297,2747400,118.51477813720703,15862700
2019-09-10,10115.9755859375,14906809639.0,179.78717041015625,6291476772.0,2979.389892578125,4393040000,137.29063415527344,3435200,93.26704406738281,3119300,116.43751525878906,13851400
2019-09-11,10178.3720703125,15428063426.0,178.72549438476562,7157139035.0,3000.929931640625,3934370000,138.41127014160156,3848100,93.28356170654297,2646900,116.2305908203125,10941700
2019-09-12,10410.126953125,15323563925.0,181.01609802246094,5838605477.0,3009.570068359375,3796990000,138.82691955566406,3486800,93.13442993164062,4069600,115.4692153930664,19163300
2019-09-13,10360.546875,14109864675.0,181.10972595214844,5955041237.0,3007.389892578125,3557010000,138.69139099121094,3002500,92.57940673828125,2506400,113.00286102294922,18922200
2019-09-16,10276.7939453125,15160167779.0,197.11317443847656,8242029488.0,2997.9599609375,4285860000,138.40994262695312,1690800,92.82788848876953,2923500,114.44287872314453,10971600
2019-09-17,10241.2724609375,15304603363.0,208.60874938964844,10232590812.0,3005.699951171875,3673250000,138.745849609375,2104500,92.96873474121094,2614200,115.0635986328125,9081200
2019-09-18,10198.248046875,16169268880.0,211.39303588867188,9194634557.0,3006.72998046875,3458800000,138.7276611328125,1716700,93.07643127441406,2291300,115.55192565917969,10984600
2019-09-19,10266.4150390625,19937691247.0,221.28085327148438,10620070913.0,3006.7900390625,3265660000,138.63690185546875,2061400,93.2090072631836,2280000,115.89952087402344,13176200
2019-09-20,10181.6416015625,14734189639.0,218.050048828125,8027974273.0,2992.070068359375,6103440000,138.02862548828125,2106100,93.54866790771484,2048300,117.43064880371094,11519800
2019-09-23,9729.32421875,15144925408.0,201.9213104248047,7494673136.0,2991.780029296875,3187250000,138.10130310058594,2051800,93.59008026123047,3412000,117.40576171875,15246700
2019-09-24,8620.56640625,25002886689.0,168.11073303222656,11757739233.0,2966.60009765625,3872800000,136.82122802734375,4234600,93.84688568115234,2602500,118.821044921875,12421600
2019-09-25,8486.9931640625,21744728353.0,170.8927001953125,9766632018.0,2984.8701171875,3331200000,137.68368530273438,6144100,93.4574966430664,3813800,117.08303833007812,14147100
2019-09-26,8118.9677734375,19258205289.0,166.7271270751953,7848286154.0,2977.6201171875,3084910000,137.2660675048828,1723000,93.61492156982422,4869400,117.83612823486328,9636500
2019-09-27,8251.845703125,16408941156.0,174.71099853515625,7909313625.0,2961.7900390625,3246480000,136.44900512695312,1940200,93.73090362548828,4652500,118.12578582763672,10386900
2019-09-30,8293.8681640625,17115474183.0,179.87220764160156,7552915148.0,2976.739990234375,3249130000,137.08448791503906,1702000,93.75575256347656,6359800,118.41547393798828,8006900
2019-10-01,8343.2763671875,15305343413.0,177.34042358398438,7676276225.0,2940.25,3560750000,135.2960205078125,2823000,93.92601776123047,5980200,118.77198028564453,16613700
2019-10-02,8393.0419921875,13125712443.0,180.71051025390625,6335595250.0,2887.610107421875,3914180000,133.0990447998047,3811500,93.9924087524414,8637000,119.06218719482422,12891500
2019-10-03,8259.9921875,13668823409.0,175.1993408203125,6381403725.0,2910.6298828125,3515130000,134.17941284179688,4380400,94.35775756835938,4219100,120.14825439453125,13470500
2019-10-04,8205.939453125,13139456229.0,176.98500061035156,6248928449.0,2952.010009765625,3005600000,135.9315185546875,2509200,94.50718688964844,3331200,121.03538513183594,11516200
2019-10-07,8245.623046875,18009742607.0,181.18634033203125,7844316834.0,2938.7900390625,2959050000,135.39588928222656,2237400,94.24983215332031,2493000,120.0322265625,11013900
2019-10-08,8228.783203125,15592264032.0,182.0215606689453,7466282780.0,2893.06005859375,3370700000,133.20797729492188,2213900,94.28302764892578,3055700,120.3554916381836,14529700
2019-10-09,8595.740234375,19384942333.0,193.2932586669922,9088122101.0,2919.39990234375,2735350000,134.43357849121094,3294600,94.2331771850586,3332800,119.67568969726562,8608800
2019-10-10,8586.4736328125,17618660671.0,191.65966796875,8375913276.0,2938.1298828125,3234400000,135.2960205078125,3508900,93.9094009399414,4312400,117.89319610595703,15054200
2019-10-11,8321.7568359375,19604381101.0,182.56968688964844,9128522970.0,2970.27001953125,3581320000,136.74859619140625,3377100,93.6021957397461,3568600,116.43403625488281,26294000
2019-10-14,8374.6865234375,15151387859.0,186.96090698242188,7276520699.0,2966.14990234375,2559270000,136.6215362548828,1213500,93.75996398925781,1716600,117.27970123291016,5936900
2019-10-15,8205.369140625,15220412632.0,181.40606689453125,7731456579.0,2995.679931640625,3345090000,137.965087890625,2153200,93.45272827148438,4168600,115.86199188232422,11832300
2019-10-16,8047.52685546875,16071646996.0,176.0135040283203,7691244590.0,2989.68994140625,3230320000,137.71090698242188,1578400,93.61876678466797,2430600,116.00286865234375,7729500
2019-10-17,8103.9111328125,14313052244.0,178.02835083007812,6737237423.0,2997.949951171875,3103470000,138.16481018066406,1640400,93.59382629394531,2316400,115.7210693359375,6219300
2019-10-18,7973.20751953125,15651592610.0,173.621337890625,7566257807.0,2986.199951171875,3268970000,137.6110382080078,1720000,93.66026306152344,1454200,115.7210693359375,6456100
2019-10-21,8243.720703125,15868748866.0,174.92098999023438,6815820627.0,3006.719970703125,3271960000,138.50979614257812,1710100,93.4028549194336,4241600,114.85052490234375,8038000
2019-10-22,8078.203125,16803377857.0,172.3008575439453,6990951966.0,2995.989990234375,3527540000,138.09219360351562,1711800,93.5440673828125,2147400,115.5219955444336,6683300
2019-10-23,7514.671875,21942878958.0,162.4027862548828,9624925919.0,3004.52001953125,3413600000,138.37364196777344,1804000,93.61876678466797,1887800,115.63816833496094,5995400
2019-10-24,7493.48876953125,16268708849.0,162.16854858398438,7300917537.0,3010.2900390625,3696510000,138.75491333007812,1582200,93.64369201660156,1725800,115.40597534179688,6161700
2019-10-25,8660.7001953125,28705065488.0,181.52320861816406,10358594018.0,3022.550048828125,3379060000,139.30870056152344,2461600,93.51082611083984,2486600,114.84224700927734,5669800
2019-10-28,9256.1484375,30948255332.0,182.66281127929688,10406734124.0,3039.419921875,3524970000,140.1529998779297,2725500,93.31153869628906,2948300,113.7975845336914,11402100
2019-10-29,9427.6875,28426779937.0,190.3425750732422,10622761958.0,3036.889892578125,3594430000,140.12576293945312,1561500,93.31985473632812,2384700,113.87225341796875,5296600
2019-10-30,9205.7265625,27706531577.0,184.69216918945312,10484902804.0,3046.77001953125,3779660000,140.46168518066406,2246000,93.58556365966797,2381400,115.5386734008789,10914100
2019-10-31,9199.5849609375,26583653947.0,183.9669189453125,9607939606.0,3037.56005859375,4149310000,139.971435546875,2224400,93.95089721679688,5399100,117.09724426269531,15834100
2019-11-01,9261.1044921875,24324691031.0,183.9698944091797,9145611130.0,3066.909912109375,3956290000,141.4693603515625,2341400,93.9766616821289,3988300,116.73685455322266,11425500
2019-11-04,9412.6123046875,26170255634.0,186.35519409179688,10551917945.0,3078.27001953125,4178040000,141.98684692382812,2150600,93.74372863769531,2662700,115.20035552978516,11124300
2019-11-05,9342.52734375,26198609048.0,189.30416870117188,10024177342.0,3074.6201171875,4490590000,141.85977172851562,2377100,93.39420318603516,3205500,113.90481567382812,13493000
2019-11-06,9360.8798828125,23133895765.0,191.59384155273438,10156458684.0,3076.780029296875,4465510000,141.7961883544922,2288400,93.53564453125,3840500,114.59416198730469,9351900
2019-11-07,9267.5615234375,22700383839.0,187.97654724121094,9081247799.0,3085.179931640625,4151990000,142.2773895263672,2407300,93.0946044921875,4022400,112.51783752441406,19209800
2019-11-08,8804.880859375,24333037836.0,184.2114715576172,9176780911.0,3093.080078125,3508160000,142.6768035888672,2132400,93.0446548461914,3866100,112.04442596435547,10222900
2019-11-11,8757.7880859375,20265510765.0,185.48963928222656,7877424106.0,3087.010009765625,3041120000,142.3953857421875,1738900,93.06133270263672,1559900,112.11914825439453,4577000
2019-11-12,8815.662109375,20309769107.0,186.84341430664062,7792186666.0,3091.840087890625,3495560000,142.64051818847656,1730700,93.16117095947266,2032800,112.63407135009766,5772900
2019-11-13,8808.2626953125,17545755405.0,188.2587432861328,7343173596.0,3094.0400390625,3513720000,142.70407104492188,2189400,93.32760620117188,2570200,113.36492919921875,6672400
2019-11-14,8708.0947265625,19084739975.0,185.9996337890625,7872664470.0,3096.6298828125,3282090000,142.8493194580078,2096200,93.59390258789062,2901000,114.5359878540039,10213300
2019-11-15,8491.9921875,21796856471.0,180.52117919921875,8815678477.0,3120.4599609375,3359800000,143.93875122070312,2615300,93.54396057128906,4400400,114.4113540649414,4657600
2019-11-18,8309.2861328125,21579470673.0,180.55960083007812,7787662111.0,3122.030029296875,3440140000,144.02040100097656,3128400,93.7187271118164,5757900,114.61901092529297,5943900
2019-11-19,8206.1455078125,21083613816.0,177.45555114746094,7536699743.0,3120.179931640625,3613670000,144.0658416748047,2225200,93.78530883789062,2210700,115.57411193847656,7893100
2019-11-20,8027.26806640625,20764300437.0,175.69834899902344,7205785149.0,3108.4599609375,4041010000,143.61187744140625,3336200,94.00996398925781,3474400,116.77005004882812,7905500
2019-11-21,7642.75,22514243371.0,161.4627227783203,8546371325.0,3103.5400390625,3744010000,143.24874877929688,2220300,93.87681579589844,6522800,116.03922271728516,5980900
2019-11-22,7296.57763671875,34242315785.0,150.26817321777344,12020749863.0,3110.2900390625,3235270000,143.5665283203125,1886000,93.92674255371094,2507000,116.18866729736328,4664800
2019-11-25,7146.1337890625,42685231262.0,146.47653198242188,10962753356.0,3133.639892578125,3514310000,144.92825317382812,2525300,94.01831817626953,4251200,116.52923583984375,4157300
2019-11-26,7218.37109375,21129505542.0,148.96507263183594,7648516297.0,3140.52001953125,4600450000,145.23696899414062,1884900,94.15145111083984,2382200,117.2101821899414,4281100
2019-11-27,7531.66357421875,23991412764.0,153.01055908203125,8778095308.0,3153.6298828125,3035470000,145.92691040039062,2343200,94.03492736816406,3437300,116.86973571777344,4095700
2019-11-29,7761.24365234375,19709695456.0,155.3041534423828,7503898278.0,3140.97998046875,1743420000,145.2732696533203,1171000,93.91841125488281,4059000,116.62055969238281,6251100
2019-12-02,7321.98828125,17082040706.0,149.0591583251953,6670561362.0,3113.8701171875,3285750000,143.95692443847656,3766700,93.81498718261719,9325100,115.06565856933594,17702200
2019-12-03,7320.1455078125,14797485769.0,147.9564208984375,6204379850.0,3093.199951171875,3671580000,143.103515625,4040300,94.24034118652344,5283800,117.47830200195312,13062400
2019-12-04,7252.03466796875,21664240918.0,146.74774169921875,7865937094.0,3112.760009765625,3702980000,144.02947998046875,2132100,94.0818862915039,5806500,116.3052749633789,8586300
2019-12-05,7448.3076171875,18816085231.0,149.24899291992188,6745910228.0,3117.429931640625,3360480000,144.23831176757812,1858100,93.9734878540039,4374700,115.73953247070312,7273800
2019-12-06,7546.99658203125,18104466307.0,149.19444274902344,6458766441.0,3145.909912109375,3483310000,145.51837158203125,2021000,93.84002685546875,4648200,115.09896087646484,7931100
2019-12-09,7400.8994140625,17872021272.0,148.2251739501953,6744206747.0,3135.9599609375,3400470000,145.05538940429688,1934300,93.8901138305664,7398300,115.3485336303711,4016900
2019-12-10,7278.11962890625,18249031195.0,146.2670440673828,6859512025.0,3132.52001953125,3346310000,144.92825317382812,2150800,93.85674285888672,3761100,115.35689544677734,4947600
2019-12-11,7217.42724609375,16350490689.0,143.60800170898438,7037180049.0,3141.6298828125,3257650000,145.2732696533203,1781300,94.10694885253906,3764500,116.26362609863281,6256700
2019-12-12,7243.13427734375,18927080224.0,145.60400390625,7890383413.0,3168.570068359375,4003200000,146.4625244140625,3012200,93.70661163330078,5080100,114.3501968383789,14857000
2019-12-13,7269.6845703125,17125736940.0,144.9447479248047,7264810247.0,3168.800048828125,3757650000,146.4625244140625,3023500,94.0818862915039,5911000,115.6729965209961,11335100
2019-12-16,6932.48046875,20213265950.0,133.61402893066406,8992282119.0,3191.449951171875,4070200000,147.53379821777344,2466000,93.8901138305664,5012100,114.63304901123047,9156600
2019-12-17,6640.51513671875,22363804217.0,122.60388946533203,9057166141.0,3192.52001953125,3842940000,147.5882568359375,4421500,93.89837646484375,3016300,114.4749526977539,6179700
2019-12-18,7276.802734375,31836522778.0,133.09219360351562,11864518321.0,3191.139892578125,4029950000,147.65182495117188,2139800,93.71493530273438,6516300,113.53487396240234,6244700
2019-12-19,7202.84423828125,25904604416.0,129.32113647460938,9564699140.0,3205.3701171875,3784360000,148.29638671875,3018600,93.81604766845703,5613800,113.71653747558594,6591100
2019-12-20,7218.81640625,22633815180.0,129.06605529785156,8173594150.0,3221.219970703125,6457480000,149.05894470214844,3142900,93.83277893066406,8809200,113.86653900146484,5455700
2019-12-23,7355.62841796875,27831788041.0,128.6140899658203,9622497693.0,3224.010009765625,3064530000,149.1497344970703,3822900,93.76593017578125,3148600,113.69987487792969,5175000
2019-12-24,7322.5322265625,22991622105.0,129.0638885498047,7961819689.0,3223.3798828125,1296530000,149.18258666992188,1624900,93.88286590576172,1887800,114.0248794555664,4667400
2019-12-26,7238.966796875,22787010034.0,126.36122131347656,8600871980.0,3239.909912109375,2164540000,149.9036865234375,2515000,93.96640014648438,6072100,114.29984283447266,5290200
2019-12-27,7290.08837890625,22777360996.0,127.21460723876953,8299390176.0,3240.02001953125,2429150000,149.76678466796875,2356700,94.09171295166016,4733800,114.42485046386719,7300500
2019-12-30,7292.9951171875,22874131672.0,132.63348388671875,9796951716.0,3221.2900390625,3021720000,148.9544677734375,4503500,94.09171295166016,3979100,114.0081787109375,7979700
2019-12-31,7193.59912109375,21167946112.0,129.61085510253906,8936866397.0,3230.780029296875,2894760000,149.346923828125,3262400,93.87450408935547,6807600,112.8916015625,10707400
2020-01-02,6985.47021484375,20802083465.0,127.4101791381836,8032709256.0,3257.85009765625,3459930000,150.58822631835938,3291100,94.13348388671875,6791400,114.16651916503906,11034100
2020-01-03,7344.88427734375,28111481032.0,134.1717071533203,10476845358.0,3234.85009765625,3484700000,149.6298828125,3625400,94.40914916992188,3664300,115.92472839355469,12366000
2020-01-06,7769.21923828125,23276261598.0,144.3041534423828,9093747121.0,3246.280029296875,3702460000,150.1409912109375,6813800,94.3340072631836,8131600,115.2664566040039,11369800
2020-01-07,8163.6923828125,28767291327.0,143.5439910888672,9257954672.0,3237.179931640625,3435910000,149.78501892089844,2498400,94.23373413085938,2883000,114.69978332519531,8381200
2020-01-08,8079.86279296875,31672559265.0,141.2581329345703,9387194957.0,3253.050048828125,3726840000,150.52439880371094,4244800,94.1251220703125,7323100,113.94157409667969,10621700
2020-01-09,7879.0712890625,24045990466.0,138.9792022705078,7697325348.0,3274.699951171875,3641230000,151.4645233154297,2216900,94.22537994384766,9110900,114.34150695800781,7411500
2020-01-10,8166.55419921875,28714583844.0,143.96377563476562,9084816203.0,3265.35009765625,3214580000,151.02639770507812,4023000,94.3841323852539,4198100,115.3580551147461,8776000
2020-01-13,8144.1943359375,22482910688.0,144.22659301757812,8378529470.0,3288.1298828125,3459390000,152.0578155517578,3997100,94.32562255859375,4465300,115.00806427001953,5966900
2020-01-14,8827.7646484375,44841784107.0,165.95535278320312,16712318373.0,3283.14990234375,3687620000,151.97567749023438,3062000,94.40914916992188,3625400,115.59974670410156,13920300
2020-01-15,8807.0107421875,40102834650.0,166.23068237304688,15173694057.0,3289.2900390625,3721490000,152.3498992919922,2479200,94.55120086669922,3896300,116.36631774902344,6290500
2020-01-16,8723.7861328125,31313981931.0,164.39100646972656,13735193018.0,3316.81005859375,3540580000,153.65516662597656,2205600,94.55120086669922,2801400,115.99971008300781,6798600
2020-01-17,8929.0380859375,36372139320.0,170.7799530029297,14997091826.0,3329.6201171875,3726220000,154.03851318359375,2272000,94.4426040649414,3003300,115.00806427001953,9693100
2020-01-21,8745.89453125,24097418512.0,169.69715881347656,9789369362.0,3320.7900390625,4104840000,153.7099151611328,3174200,94.70990753173828,4672100,116.21633911132812,6794900
2020-01-22,8680.8759765625,22600204051.0,168.29415893554688,9209827928.0,3321.75,3623780000,153.80120849609375,2113600,94.76007080078125,3627200,116.62468719482422,6317000
2020-01-23,8406.515625,25770680779.0,162.92855834960938,10396868698.0,3325.5400390625,3766710000,153.9746856689453,2370000,94.8853530883789,3429500,117.44123840332031,9747400
2020-01-24,8445.4345703125,24397913026.0,163.05117797851562,10657671162.0,3295.469970703125,3708780000,152.51422119140625,3292500,95.06077575683594,4199800,118.3912124633789,8585000
2020-01-27,8909.8193359375,28647338393.0,170.93089294433594,11004476145.0,3243.6298828125,3831050000,150.22317504882812,4692800,95.35318756103516,4790000,120.23270416259766,10935200
2020-01-28,9358.58984375,34398744403.0,176.3703155517578,11772875064.0,3276.239990234375,3531570000,151.67446899414062,4010700,95.2696533203125,4463800,119.29114532470703,10612900
2020-01-29,9316.6298828125,30682598115.0,175.0503387451172,10725267311.0,3273.39990234375,3600250000,151.57406616210938,1751700,95.48684692382812,2890200,120.45767974853516,9566800
2020-01-30,9508.9931640625,32378792851.0,184.6904754638672,12604789338.0,3283.659912109375,3790350000,151.93917846679688,2835900,95.49518585205078,6885600,120.47441101074219,14711800
2020-01-31,9350.529296875,29432489719.0,180.16017150878906,11728616394.0,3225.52001953125,4529700000,149.25564575195312,4525300,95.77922058105469,5281900,121.57427215576172,14538100
2020-02-03,9293.521484375,30934096509.0,189.8650665283203,12392875241.0,3248.919921875,3760460000,150.5699920654297,2783200,95.74827575683594,7214200,121.47578430175781,15309000
2020-02-04,9180.962890625,29893183716.0,189.25059509277344,11714191695.0,3297.590087890625,3996900000,152.9432373046875,2732700,95.43013763427734,5290800,119.83988952636719,11388300
2020-02-05,9613.423828125,35222060874.0,204.23023986816406,14865434435.0,3334.68994140625,4121480000,154.44923400878906,4133700,95.28779602050781,6066900,118.52944946289062,10782600
2020-02-06,9729.8017578125,37628823716.0,212.33908081054688,16425589683.0,3345.780029296875,3887250000,154.87826538085938,2202300,95.34638214111328,6838700,119.06362915039062,6683100
2020-02-07,9795.943359375,34522718159.0,222.72605895996094,16673443564.0,3327.7099609375,3733920000,153.99290466308594,2579200,95.62271118164062,5224200,120.54934692382812,11374800
2020-02-10,9856.611328125,39386548075.0,223.522705078125,16210008511.0,3352.090087890625,3462730000,155.1247100830078,2494100,95.73152160644531,8187800,120.88318634033203,6699300
2020-02-11,10208.236328125,37648059389.0,235.8511962890625,16964695963.0,3357.75,3762940000,155.5537109375,2921700,95.61432647705078,5633400,120.27392578125,7784100
2020-02-12,10326.0546875,43444303830.0,265.4061279296875,24545049386.0,3379.449951171875,3930910000,156.53036499023438,2154100,95.51386260986328,6373700,119.6645736694336,5595500
2020-02-13,10214.3798828125,49356071373.0,268.0992431640625,25801317504.0,3373.93994140625,3500890000,156.46649169921875,2827500,95.58084106445312,5214400,120.12366485595703,7883400
2020-02-14,10312.1162109375,43338264162.0,284.2174987792969,23558253463.0,3380.159912109375,3419700000,156.7220458984375,2527800,95.6812515258789,4004900,120.6495361328125,7137400
2020-02-18,10141.99609375,47271023953.0,281.944580078125,26511477187.0,3370.2900390625,3750400000,156.35694885253906,2459400,95.80683898925781,4874800,121.47578430175781,6909200
2020-02-19,9633.38671875,46992019710.0,259.76397705078125,22679414413.0,3386.14990234375,3614200000,157.15106201171875,2488100,95.78177642822266,3692200,121.46745300292969,5707700
2020-02-20,9608.4755859375,44925260237.0,257.949462890625,23229828870.0,3373.22998046875,4019180000,156.67642211914062,7061600,95.99942779541016,4056000,122.41896057128906,9332900
2020-02-21,9686.44140625,40930547513.0,265.6006164550781,20867593292.0,3337.75,3908780000,155.06996154785156,2983500,96.19197082519531,4492700,123.56242370605469,13860300
2020-02-24,9650.1748046875,45080496648.0,265.2164306640625,22400845640.0,3225.889892578125,4851160000,149.96762084960938,8710900,96.50177001953125,7490100,125.40708923339844,15929300
2020-02-25,9341.705078125,42515259129.0,247.81759643554688,21878882134.0,3128.2099609375,5596760000,145.3854522705078,10112300,96.66915130615234,7474600,126.07469177246094,20802900
2020-02-26,8820.5224609375,50420050762.0,225.68026733398438,26235617201.0,3116.389892578125,5484650000,144.5822296142578,8210300,96.56869506835938,4763000,125.40708923339844,22589500
2020-02-27,8784.494140625,45470195695.0,226.75338745117188,25645522790.0,2978.760009765625,7064710000,138.24766540527344,14384200,96.58544921875,11606400,126.76750946044922,30687900
2020-02-28,8672.455078125,44605450443.0,226.760498046875,22563530559.0,2954.219970703125,8569570000,137.31661987304688,22272400,97.29703521728516,17243000,129.63037109375,44935200
2020-03-02,8869.669921875,42857674409.0,230.5697784423828,20305587789.0,3090.22998046875,6381330000,143.00315856933594,12071600,97.26265716552734,13198200,128.6766815185547,28152400
2020-03-03,8787.7861328125,42386715821.0,224.47962951660156,19853178572.0,3003.3701171875,6376510000,139.31556701660156,8623100,97.92537689208984,12541000,130.6744384765625,38608000
2020-03-04,8755.24609375,34746706368.0,224.51797485351562,16567075208.0,3130.1201171875,5073020000,144.8834991455078,5226600,97.84988403320312,6285300,129.28684997558594,23463700
2020-03-05,9078.7626953125,39698054597.0,229.2681884765625,18201291785.0,3023.93994140625,5579290000,140.05490112304688,5343100,98.1518783569336,6802800,132.50497436523438,17786200
2020-03-06,9122.5458984375,40826885651.0,243.52529907226562,19374772256.0,2972.3701171875,6555240000,137.45358276367188,9947700,98.87335205078125,17456400,139.40106201171875,76288300
2020-03-09,7923.64453125,46936995808.0,201.986328125,23645428606.0,2746.56005859375,8441290000,126.41820526123047,18537100,98.74749755859375,13666700,143.17935180664062,41552800
2020-03-10,7909.7294921875,42213940994.0,200.76724243164062,18344930072.0,2882.22998046875,7642040000,132.68890380859375,11693300,97.63175964355469,18694100,135.8402557373047,37728300
2020-03-11,7911.43017578125,38682762605.0,194.8685302734375,16984790291.0,2741.3798828125,7431200000,125.97095489501953,10760200,96.23917388916016,13053300,130.84165954589844,29519300
2020-03-12,4970.7880859375,53980357243.0,112.34712219238281,22134741655.0,2480.639892578125,8850810000,113.72160339355469,20969500,92.38858032226562,18684800,131.6524200439453,24361800
2020-03-13,5563.70703125,74156772075.0,133.20181274414062,27864623061.0,2711.02001953125,8299070000,124.07238006591797,15351600,93.83988189697266,24960500,128.6766815185547,19812900
2020-03-16,5014.47998046875,45368026430.0,110.60587310791016,15984904590.0,2386.1298828125,7805450000,109.951904296875,14652900,95.40869140625,12310300,137.01043701171875,30496700
2020-03-17,5225.62939453125,38622642935.0,113.9427490234375,12087490572.0,2529.18994140625,8370250000,115.46499633789062,16645800,92.94232940673828,15737200,127.87420654296875,18570900
2020-03-18,5238.4384765625,37878801016.0,114.84226989746094,11617854009.0,2398.10009765625,8799300000,108.8109359741211,15388000,89.40211486816406,17061700,120.66049194335938,47061000
2020-03-19,6191.19287109375,51000731797.0,136.59385681152344,16396753275.0,2409.389892578125,7956100000,109.61416625976562,11083500,91.3986587524414,11720200,123.94552612304688,21175300
2020-03-20,6198.7783203125,54442976103.0,132.73716735839844,18960388062.0,2304.919921875,9053950000,105.14161682128906,12264900,92.30470275878906,16503700,133.26571655273438,20863100
2020-03-23,6416.31494140625,46491916000.0,134.91160583496094,14149877968.0,2237.39990234375,7411380000,102.14773559570312,16443000,94.49425506591797,12572200,138.75747680664062,19971800
2020-03-24,6734.8037109375,48221910672.0,138.76144409179688,14609068673.0,2447.330078125,7563150000,111.84130859375,10986900,95.27445983886719,10253600,136.17457580566406,11948600
2020-03-25,6681.06298828125,44590107888.0,136.19589233398438,13433092920.0,2475.56005859375,8300010000,113.3839111328125,14428100,96.24755859375,10999700,135.86534118652344,10750600
2020-03-26,6716.4404296875,35319797642.0,138.36155700683594,11367261176.0,2630.070068359375,7766990000,120.267333984375,10549100,96.5411605834961,16611400,136.53399658203125,10576200
2020-03-27,6469.79833984375,34585598367.0,133.9379425048828,11396286629.0,2541.469970703125,6201670000,116.4330062866211,9731500,96.95221710205078,10841600,140.17848205566406,12550000
2020-03-30,6429.841796875,37101651525.0,132.904541015625,11841123306.0,2626.64990234375,5751120000,119.96460723876953,10416300,97.04454040527344,13340200,139.02500915527344,13473200
2020-03-31,6438.64453125,32786468812.0,133.59356689453125,11065246317.0,2584.590087890625,6576210000,118.24927520751953,8662400,96.78447723388672,14018600,137.89649963378906,11464800
2020-04-01,6606.7763671875,40346426266.0,135.63455200195312,12456564435.0,2470.5,5964000000,112.79131317138672,7911500,96.4557113647461,14192100,139.8284454345703,11334700
2020-04-02,6793.62451171875,47660646124.0,142.02914428710938,15322861686.0,2526.89990234375,6464190000,115.13960266113281,6244300,96.59870910644531,11565400,140.71588134765625,5771200
2020-04-03,6733.38720703125,38976504903.0,142.09130859375,13184603402.0,2488.64990234375,6096970000,113.17659759521484,6584400,96.66592407226562,9786700,141.0506591796875,6570800
2020-04-06,7271.78125,46896904615.0,169.13587951660156,21636382525.0,2663.679931640625,6403840000,121.09284973144531,9369400,97.13674926757812,8457700,140.68235778808594,9434800
2020-04-07,7176.41455078125,44243482668.0,165.10194396972656,21659346091.0,2659.409912109375,7050410000,121.23048400878906,10469900,97.271240234375,7743900,139.20912170410156,13811400
2020-04-08,7334.0986328125,37563249549.0,172.64173889160156,17063110836.0,2749.97998046875,5875710000,125.48680114746094,6610400,97.36371612548828,4674200,138.19615173339844,10147100
2020-04-09,7302.08935546875,34815139178.0,170.80714416503906,14901696210.0,2789.820068359375,7899550000,127.83504486083984,9311600,98.57437896728516,5584100,138.447265625,14259100
2020-04-13,6845.03759765625,38619308647.0,156.27955627441406,16465282133.0,2761.6298828125,5319530000,126.31234741210938,7291600,98.11197662353516,5738300,137.183349609375,8750300
2020-04-14,6842.427734375,34110434052.0,157.5963897705078,14723156630.0,2846.06005859375,5615730000,130.14663696289062,5609300,98.16240692138672,5506700,137.14981079101562,9019100
2020-04-15,6642.10986328125,32288311031.0,153.28689575195312,14171753737.0,2783.360107421875,5208000000,127.092041015625,5164100,98.5659408569336,4367400,140.78271484375,10027800
2020-04-16,7116.80419921875,46783242377.0,172.15737915039062,22910469236.0,2799.550048828125,5228810000,127.6882553100586,5301200,98.6920394897461,4744700,142.38168334960938,8265400
2020-04-17,7096.1845703125,32513423567.0,171.63858032226562,16714684266.0,2874.56005859375,5804810000,131.30250549316406,6411200,98.57437896728516,4949800,140.47312927246094,8612100
2020-04-20,6881.95849609375,37747113936.0,172.2971649169922,21266681335.0,2823.159912109375,5228630000,129.17434692382812,5414000,98.43146514892578,3847900,141.6031494140625,6462600
2020-04-21,6880.3232421875,32589741511.0,172.73770141601562,16458767984.0,2736.56005859375,5121010000,125.16568756103516,6367500,98.48187255859375,4660500,143.3861541748047,7850700
2020-04-22,7117.20751953125,33249153866.0,182.59957885742188,17994666395.0,2799.31005859375,5084920000,127.990966796875,6340900,98.48187255859375,4647200,141.9212646484375,6230200
2020-04-23,7429.724609375,43500782316.0,185.02867126464844,21275740032.0,2797.800048828125,5773530000,128.0093536376953,6198300,98.71726989746094,4331100,142.6746063232422,5968600
2020-04-24,7550.90087890625,34636526286.0,189.2369384765625,16788555028.0,2836.739990234375,5382810000,129.91732788085938,4403600,98.66682434082031,3161600,143.00946044921875,6211800
2020-04-27,7795.60107421875,36162144725.0,197.22471618652344,18670194595.0,2878.47998046875,5203930000,132.21974182128906,4968200,98.21282196044922,5576300,140.3474884033203,9039500
2020-04-28,7807.05859375,33187959921.0,198.41539001464844,18217507467.0,2863.389892578125,5691160000,131.80694580078125,3594500,98.59955596923828,5889800,141.96311950683594,9905400
2020-04-29,8801.0380859375,60201052203.0,216.96823120117188,26397548759.0,2939.510009765625,6645640000,135.54037475585938,4990900,98.66682434082031,4653100,141.22647094726562,8619600
2020-04-30,8658.5537109375,66964629541.0,207.60205078125,28089191904.0,2912.429931640625,6544980000,133.7791748046875,4228800,98.44822692871094,10487500,139.57736206054688,11606100
2020-05-01,8864.7666015625,44068389997.0,214.21910095214844,20816320834.0,2830.7099609375,4759810000,130.08245849609375,4232500,98.45330047607422,6099500,140.77267456054688,10209400
2020-05-04,8912.654296875,45718796276.0,208.17401123046875,22602446422.0,2842.739990234375,4735930000,130.5777587890625,4741200,98.53753662109375,3684100,140.1104736328125,8300900
2020-05-05,9003.0703125,43148462663.0,206.77439880371094,19004689099.0,2868.43994140625,5140290000,131.7886199951172,3665900,98.46173095703125,4611500,139.21356201171875,7831800
2020-05-06,9268.76171875,49371886931.0,204.0557861328125,20343543799.0,2848.419921875,4892570000,131.06394958496094,3927300,98.06578826904297,6394900,136.96731567382812,14721500
2020-05-07,9951.5185546875,61112700562.0,212.28941345214844,23594744655.0,2881.18994140625,5178790000,132.77932739257812,3796300,98.3690185546875,3786700,139.25555419921875,9164800
2020-05-08,9842.666015625,51780748042.0,212.9915771484375,20445139356.0,2929.800048828125,4876030000,135.27438354492188,4248400,98.10791015625,3241500,137.44503784179688,8129800
2020-05-11,8601.7958984375,57119858802.0,185.912841796875,20054601647.0,2930.18994140625,4819730000,135.29270935058594,4240900,97.81307220458984,5249500,136.3721923828125,8713500
2020-05-12,8804.4775390625,42142717533.0,189.3125,15899726284.0,2870.1201171875,5119630000,132.41241455078125,4864400,98.06578826904297,6161500,137.77194213867188,10057300
2020-05-13,9269.9873046875,45558144023.0,199.1932830810547,17054662289.0,2820.0,6151650000,129.75218200683594,5862100,98.2258529663086,4425900,138.73580932617188,13305600
2020-05-14,9733.7216796875,56426907637.0,202.9490966796875,20150524861.0,2852.5,5651130000,131.14649963378906,7561000,98.52912902832031,5698900,140.09376525878906,10080000
2020-05-15,9328.197265625,48158802327.0,195.62266540527344,16602342092.0,2863.699951171875,5507700000,131.93540954589844,3845600,98.58807373046875,5897900,139.7333221435547,7225600
2020-05-18,9726.5751953125,41827139896.0,214.52505493164062,17411566928.0,2953.909912109375,6373670000,136.3109130859375,4557800,98.44487762451172,5037100,136.6655731201172,10073100
2020-05-19,9729.0380859375,39254288955.0,213.45111083984375,14346192779.0,2922.93994140625,4984330000,134.86158752441406,3180900,98.55440521240234,4929500,137.17681884765625,8639100
2020-05-20,9522.9814453125,36546239703.0,210.09674072265625,12730175511.0,2971.610107421875,5005380000,137.3566436767578,3894000,98.80711364746094,4579200,137.5875244140625,10927300
2020-05-21,9081.76171875,39326160532.0,199.88360595703125,13308321229.0,2948.510009765625,4976620000,136.5310821533203,3419200,98.8829574584961,5143700,137.9312744140625,8920000
2020-05-22,9182.5771484375,29810773699.0,207.169189453125,12041592114.0,2955.449951171875,3970860000,136.91632080078125,3003000,98.93347930908203,2794000,138.76095581054688,4956700
2020-05-26,8835.052734375,29584186947.0,201.90231323242188,10159741290.0,2991.77001953125,5848500000,138.82431030273438,4197500,98.7734146118164,6164700,136.9002685546875,8098900
2020-05-27,9181.017578125,32740536902.0,208.86343383789062,10631034756.0,3036.1298828125,6398000000,141.01666259765625,5077700,98.91661834716797,4772900,136.64883422851562,8047400
2020-05-28,9525.7509765625,34367073114.0,219.84042358398438,12212469604.0,3029.72998046875,5447020000,140.53045654296875,4601500,98.84925079345703,11140200,136.14585876464844,10272600
2020-05-29,9439.1240234375,32896642044.0,220.6751251220703,12265816557.0,3044.31005859375,7297550000,140.9983367919922,4776100,99.11038208007812,9228700,137.11814880371094,14632700
2020-06-01,10167.2685546875,35198901068.0,246.99176025390625,13951727936.0,3055.72998046875,4684170000,141.95230102539062,3478900,99.05467224121094,5580000,136.1949005126953,13341400
2020-06-02,9529.8037109375,39137252109.0,237.21905517578125,13782107567.0,3080.820068359375,5197150000,143.0255126953125,4157200,99.13909912109375,4286800,135.69979858398438,11517100
2020-06-03,9656.7177734375,25007459262.0,244.1793212890625,9861760817.0,3122.8701171875,6005560000,145.25460815429688,9496400,98.89434051513672,6077600,133.89541625976562,12255700
2020-06-04,9800.63671875,25921805072.0,244.4263916015625,10170414304.0,3112.35009765625,6451290000,144.79595947265625,5629200,98.59896850585938,5002700,131.95668029785156,14038600
2020-06-05,9665.533203125,23509628646.0,241.22198486328125,9293963914.0,3193.929931640625,8639300000,148.51100158691406,4373400,98.65804290771484,5166300,131.0166778564453,17778500
2020-06-08,9771.4892578125,21486346312.0,246.30990600585938,8076783299.0,3232.389892578125,8498300000,150.5290985107422,5851300,98.76773834228516,8551800,131.5203094482422,10346700
2020-06-09,9795.7001953125,23717842783.0,244.9114532470703,8446545788.0,3207.179931640625,6410930000,149.15316772460938,3200400,98.89434051513672,5512300,133.01416015625,9095300
2020-06-10,9870.0947265625,25706567601.0,247.4449462890625,8792990206.0,3190.139892578125,6598870000,148.043212890625,4292900,99.29942321777344,4680800,134.98646545410156,13135500
2020-06-11,9321.78125,30247143440.0,231.70266723632812,12356528860.0,3002.10009765625,7037320000,139.3105010986328,12504600,99.13062286376953,7438800,137.537841796875,17086400
2020-06-12,9480.84375,22610564515.0,237.4932098388672,8868955009.0,3041.31005859375,5845330000,141.23681640625,6882100,99.23194122314453,4571800,136.21177673339844,9716100
2020-06-15,9450.7021484375,26699704768.0,229.9289093017578,10536099884.0,3066.590087890625,5757480000,142.7503662109375,4859200,99.5610580444336,5870000,136.2873077392578,7759800
2020-06-16,9538.0244140625,21565537209.0,234.41616821289062,7965648016.0,3124.739990234375,5845810000,145.49307250976562,4581200,99.36695861816406,5327400,134.19754028320312,13698900
2020-06-17,9480.2548828125,20177709879.0,233.0282745361328,7701391592.0,3113.489990234375,4560450000,144.78675842285156,3702200,99.28257751464844,3696000,134.75144958496094,7113900
2020-06-18,9411.8408203125,17770083003.0,232.10116577148438,6713800872.0,3115.340087890625,4448690000,144.90606689453125,2797800,99.38384246826172,3356800,136.17822265625,7691400
2020-06-19,9288.0185546875,19632223107.0,227.13829040527344,6946372590.0,3097.739990234375,8346650000,144.08963012695312,3824900,99.4176025390625,2917400,136.2873077392578,8565500
2020-06-22,9648.7177734375,21104009514.0,242.53318786621094,9079586552.0,3117.860107421875,4686690000,145.08949279785156,2561300,99.39228057861328,3445700,136.3040771484375,9319700
2020-06-23,9629.658203125,17006433272.0,244.14215087890625,6624530348.0,3131.2900390625,4711850000,145.65821838378906,2555100,99.37539672851562,3991400,135.3725128173828,9088600
2020-06-24,9313.6103515625,18961716076.0,235.7724609375,8815030025.0,3050.330078125,5597680000,141.70465087890625,3729100,99.35848999023438,5040100,136.82443237304688,11436500
2020-06-25,9264.8134765625,18616048626.0,232.94448852539062,7010426122.0,3083.760009765625,4847690000,143.41856384277344,4029200,99.47669219970703,4723300,137.21881103515625,10968000
2020-06-26,9162.91796875,18341465837.0,229.6680450439453,7187490226.0,3009.050048828125,8107850000,140.0828094482422,3508500,99.59484100341797,5683400,138.6875762939453,12119300
2020-06-29,9190.8544921875,16460547078.0,228.1948699951172,6726164653.0,3053.239990234375,4473970000,142.1377410888672,3161600,99.67926788330078,3517200,138.2511444091797,7274400
2020-06-30,9137.9931640625,15735797744.0,226.31500244140625,6094093001.0,3100.2900390625,4705850000,144.23870849609375,4317400,99.7636489868164,7451100,137.57972717285156,14841700
2020-07-01,9228.3251953125,15971550355.0,231.11341857910156,6463737443.0,3115.860107421875,4449230000,145.07723999023438,3640900,99.81692504882812,6746500,137.31251525878906,13181000
2020-07-02,9123.41015625,16338916796.0,229.39219665527344,6212210566.0,3130.010009765625,4197720000,145.6577606201172,3181600,99.935302734375,3614300,137.45542907714844,7599800
2020-07-06,9375.474609375,17889263252.0,241.51022338867188,8782917553.0,3179.719970703125,4759160000,147.95225524902344,3307600,99.92679595947266,5945100,136.89242553710938,7972700
2020-07-07,9252.27734375,13839652595.0,239.07553100585938,6441497597.0,3145.320068359375,4571330000,146.45021057128906,2357400,100.07899475097656,5454700,138.816650390625,12791900
2020-07-08,9428.3330078125,19702359883.0,246.67001342773438,9892586411.0,3169.93994140625,4937310000,147.64817810058594,2434900,100.04517364501953,5026800,138.26202392578125,7253900
2020-07-09,9277.9677734375,18000702524.0,243.01596069335938,8429099199.0,3152.050048828125,4843650000,146.73590087890625,2465200,100.30728912353516,3804000,140.4634552001953,13373100
2020-07-10,9278.8076171875,16860035605.0,240.9849853515625,7281370522.0,3185.0400390625,4524190000,148.31161499023438,2391800,100.18895721435547,3133900,139.7576446533203,8478000
2020-07-13,9243.6142578125,17519821266.0,239.60458374023438,7787751468.0,3155.219970703125,4902440000,146.708251953125,4694700,100.18046569824219,4803200,140.2198028564453,8054000
2020-07-14,9243.2138671875,18085038362.0,240.21148681640625,7357458555.0,3197.52001953125,4507140000,148.6341094970703,3221300,100.34114074707031,3986700,140.42141723632812,11344600
2020-07-15,9192.8369140625,15844731575.0,238.42352294921875,6189328448.0,3226.56005859375,4686830000,150.4771270751953,3747800,100.34959411621094,3403600,139.76608276367188,7840300
2020-07-16,9132.2275390625,15713967523.0,233.64088439941406,5832057567.0,3215.570068359375,3972860000,149.80441284179688,2190700,100.41720581054688,3526900,140.42991638183594,9107400
2020-07-17,9151.392578125,13944570749.0,232.77308654785156,5859850529.0,3224.72998046875,4012850000,150.37574768066406,2141100,100.51868438720703,2549100,140.13575744628906,8549900
2020-07-20,9164.2314453125,13755604146.0,236.15316772460938,5600686192.0,3251.840087890625,3979340000,151.52761840820312,3113200,100.62860870361328,3989200,140.48033142089844,6907200
2020-07-21,9374.8876953125,18069581956.0,245.0167236328125,6806696015.0,3257.300048828125,4556610000,151.9606475830078,2345600,100.68778991699219,6098200,140.56430053710938,8454400
2020-07-22,9525.36328125,16532254884.0,262.1906433105469,7702077383.0,3276.02001953125,4267160000,152.7531280517578,2723200,100.77234649658203,6296600,140.98439025878906,6592100
2020-07-23,9581.072265625,18146399002.0,274.6890563964844,10281309262.0,3235.659912109375,4296760000,151.0852813720703,3114900,100.89073944091797,12117200,142.6312713623047,10471800
2020-07-24,9536.892578125,16552768325.0,279.2154235839844,9466060358.0,3215.6298828125,3689410000,149.9149932861328,2360800,100.8569107055664,11071700,142.62294006347656,7520700
2020-07-27,10990.873046875,35359749590.0,321.51409912109375,15644257058.0,3239.409912109375,3970310000,151.20504760742188,2423500,100.78925323486328,5606100,142.093505859375,6146400
2020-07-28,10912.8232421875,28766551142.0,316.6572570800781,12357108065.0,3218.43994140625,4053180000,150.09930419921875,1904900,100.8569107055664,6080700,143.07662963867188,8520700
2020-07-29,11100.4677734375,24617249715.0,318.1908874511719,10878845706.0,3258.43994140625,4478200000,152.08969116210938,2153300,100.97529602050781,9727900,142.83294677734375,6733700
2020-07-30,11111.2138671875,22857247901.0,334.5866394042969,11827689045.0,3246.219970703125,4264920000,151.7487030029297,2473300,101.05137634277344,3052800,143.77406311035156,9376100
2020-07-31,11323.466796875,23160469766.0,345.5546569824219,12030600492.0,3271.1201171875,5007530000,152.52276611328125,3159700,101.09363555908203,5277900,143.6815643310547,8886000
2020-08-03,11246.3486328125,20271713443.0,386.295166015625,12834648062.0,3294.610107421875,4438940000,153.8496856689453,4341600,101.13346862792969,13013600,142.95814514160156,9066200
2020-08-04,11205.892578125,21250197042.0,389.87548828125,14086704221.0,3306.510009765625,4414380000,154.4578857421875,2811700,101.32828521728516,10935200,144.32090759277344,9878900
2020-08-05,11747.0224609375,24411254471.0,401.590576171875,12875466638.0,3327.77001953125,4535060000,155.5820770263672,2683000,101.13346862792969,17345700,143.05908203125,6954100
2020-08-06,11779.7734375,23400740340.0,394.9619445800781,11304626458.0,3349.159912109375,4278930000,156.3376922607422,2150900,101.2774429321289,4608600,143.8582763671875,9481800
2020-08-07,11601.47265625,23132312867.0,379.5128479003906,12751687084.0,3351.280029296875,4110030000,156.4667205810547,2194200,101.15888214111328,5559100,142.8993377685547,8176900
2020-08-10,11878.111328125,26114112569.0,395.8875732421875,11685827893.0,3360.469970703125,4327920000,156.89981079101562,2496700,101.06572723388672,5152700,142.260009765625,6408500
2020-08-11,11410.525390625,27039782640.0,380.3840637207031,12792218737.0,3333.68994140625,4880540000,155.63731384277344,3124600,100.78620910644531,7809900,140.56924438476562,19234200
2020-08-12,11584.9345703125,25064548486.0,391.024169921875,12408772745.0,3380.35009765625,3772250000,157.71990966796875,3364900,100.5829086303711,5524500,139.29063415527344,11744800
2020-08-13,11784.1376953125,27522199497.0,428.7417907714844,18480303526.0,3373.429931640625,3438730000,157.60009765625,2247200,100.2102279663086,8023700,137.80177307128906,12744700
2020-08-14,11768.87109375,24237958589.0,437.3978271484375,15064589987.0,3372.85009765625,3200060000,157.5540313720703,2213900,100.11705780029297,4556500,137.26339721679688,6398100
2020-08-17,12254.40234375,28227687027.0,429.53125,13227089410.0,3381.989990234375,3460330000,158.2267303466797,3422400,100.25257110595703,4523900,137.6083221435547,6901500
2020-08-18,11991.2333984375,26043227672.0,423.6693115234375,11978984079.0,3389.780029296875,3669550000,158.46629333496094,3551400,100.39657592773438,4765800,138.59246826171875,8140600
2020-08-19,11758.283203125,24502851117.0,406.4637756347656,13137391167.0,3374.85009765625,3679480000,157.8489227294922,2291000,100.24410247802734,4541000,137.7261199951172,12497700
2020-08-20,11878.3720703125,20175242945.0,416.4397888183594,10043032427.0,3385.510009765625,3431040000,158.3004150390625,2184400,100.42198181152344,4487500,138.97100830078125,10319900
2020-08-21,11592.4892578125,23762425999.0,389.1263427734375,11781796374.0,3397.159912109375,3505010000,158.69668579101562,2284500,100.52362823486328,6373300,139.8037567138672,6836000
2020-08-24,11774.595703125,20681511755.0,408.1441955566406,10328860398.0,3431.280029296875,3743410000,160.2171173095703,2467500,100.48126220703125,4620900,139.5767059326172,6490600
2020-08-25,11366.134765625,26301509932.0,384.00103759765625,12428442042.0,3443.6201171875,3627650000,160.75155639648438,5162700,100.26951599121094,4002300,138.5083465576172,10518300
2020-08-26,11488.36328125,22466660958.0,386.46612548828125,9967343483.0,3478.72998046875,3780530000,162.20750427246094,2441100,100.25257110595703,5139800,137.97842407226562,8276600
2020-08-27,11323.3974609375,23240415076.0,382.63262939453125,10457777652.0,3484.550048828125,3955890000,162.59454345703125,3435300,99.90530395507812,5609400,135.6315460205078,19860100
2020-08-28,11542.5,19807127588.0,395.8746643066406,9120674421.0,3508.010009765625,3868510000,163.72793579101562,4163100,100.04085540771484,6467400,135.53054809570312,8415400
2020-08-31,11680.8203125,22285928250.0,435.0797424316406,12774741797.0,3500.31005859375,4348280000,163.3593292236328,3189600,100.26104736328125,10894500,136.4306640625,11388100
2020-09-01,11970.478515625,27311555343.0,477.0519104003906,18862763756.0,3526.64990234375,4101490000,164.80606079101562,2877700,100.46892547607422,9843200,137.9910888671875,10587000
2020-09-02,11414.0341796875,28037405299.0,440.0404968261719,19691854014.0,3580.840087890625,4295640000,167.00839233398438,4021900,100.6725082397461,4838500,139.3048095703125,15167700
2020-09-03,10245.296875,31927261555.0,385.67193603515625,19622845896.0,3455.06005859375,4911830000,161.2030792236328,5341400,100.69798278808594,6856700,139.7006378173828,16416600
2020-09-04,10511.8134765625,29965130374.0,388.24114990234375,16747106257.0,3426.9599609375,4438720000,159.83009338378906,4379900,100.19739532470703,5366800,137.0479278564453,13780300
2020-09-08,10131.5166015625,33430927462.0,337.60211181640625,17991403432.0,3331.840087890625,4694330000,155.3424835205078,3976000,100.3077163696289,8894000,137.8900909423828,13790400
2020-09-09,10242.34765625,24128292755.0,351.1100158691406,14547933520.0,3398.9599609375,3932520000,158.3833465576172,4290400,100.29920959472656,7824800,137.51953125,9558900
2020-09-10,10363.138671875,54406443211.0,368.1018981933594,31421134556.0,3339.18994140625,4208630000,155.78477478027344,3507600,100.3077163696289,4932600,138.21852111816406,8847700
2020-09-11,10400.9150390625,45201121775.0,374.6955871582031,27296269329.0,3340.969970703125,3710090000,155.84007263183594,3407700,100.42649841308594,8200400,138.51315307617188,5458200
2020-09-14,10680.837890625,35453581940.0,377.26885986328125,17536695361.0,3383.5400390625,3839580000,158.27276611328125,3080800,100.43496704101562,6394200,138.50482177734375,4274900
2020-09-15,10796.951171875,32509451925.0,364.8392028808594,16140584321.0,3401.199951171875,4057190000,159.17584228515625,2129700,100.44342803955078,4163000,138.1680145263672,6928500
2020-09-16,10974.9052734375,30769986455.0,365.8122863769531,16107612177.0,3385.489990234375,4718900000,158.65057373046875,2826900,100.3925552368164,6452500,137.7552032470703,8815200
2020-09-17,10948.990234375,38151810523.0,389.01922607421875,19899531080.0,3357.010009765625,4379840000,157.34207153320312,2780400,100.41796875,4882200,138.1763916015625,7813900
2020-09-18,10944.5859375,26341903912.0,384.3645324707031,14108357740.0,3319.469970703125,7076400000,155.8124542236328,3178000,100.29920959472656,5149400,137.7469024658203,7246300
2020-09-21,10462.259765625,28884999244.0,341.78607177734375,17398267133.0,3281.06005859375,4836070000,153.93263244628906,4175300,100.31620025634766,6191900,138.44581604003906,11086900
2020-09-22,10538.4599609375,23621787804.0,344.503173828125,12732578043.0,3315.570068359375,3974510000,155.4622802734375,2090900,100.3925552368164,4390200,138.33641052246094,10524100
2020-09-23,10246.1865234375,23788661867.0,321.1163024902344,12899346599.0,3236.919921875,4378650000,151.7118682861328,2071400,100.180419921875,5392900,138.52163696289062,6224800
2020-09-24,10760.06640625,47144380902.0,349.3555908203125,15714304470.0,3246.590087890625,4601920000,152.0343780517578,3792200,100.18891906738281,4145000,139.05223083496094,8278100
2020-09-25,10692.716796875,39348590957.0,352.1832580566406,14381086966.0,3298.4599609375,3803330000,154.48080444335938,2986000,100.22288513183594,5138200,139.05223083496094,5140300
2020-09-28,10709.65234375,47762394731.0,355.159423828125,14258455166.0,3351.60009765625,3950910000,157.28431701660156,3291300,100.3077163696289,5830400,138.65640258789062,4470100
2020-09-29,10844.640625,46582396602.0,359.75738525390625,11600013236.0,3335.469970703125,3661590000,156.40528869628906,2120600,100.32467651367188,5301700,138.81642150878906,10297600
2020-09-30,10784.4912109375,44171073700.0,359.9378662109375,11818610610.0,3363.0,4738640000,157.58038330078125,4786400,100.1634750366211,6090800,137.48585510253906,12971000
2020-10-01,10619.4521484375,40023134100.0,353.2059020996094,14679481911.0,3380.800048828125,4076340000,158.89419555664062,3234100,100.30116271972656,9741800,137.7126007080078,11523900
2020-10-02,10575.974609375,48661453918.0,346.2389221191406,14215390463.0,3348.419921875,3975180000,157.65440368652344,2325600,100.19915008544922,5599500,137.19834899902344,8828800
2020-10-05,10793.33984375,47537578009.0,353.956787109375,11809507622.0,3408.60009765625,3692720000,160.49496459960938,2574200,99.87622833251953,4890800,134.51751708984375,14726000
2020-10-06,10604.40625,42623695307.0,340.81585693359375,12830796112.0,3360.969970703125,4453390000,158.51487731933594,2803300,99.96122741699219,4338600,135.24258422851562,22419400
2020-10-07,10668.96875,37799458436.0,341.80865478515625,11929918060.0,3419.43994140625,3814750000,161.2814178466797,1952400,99.89320373535156,4801700,134.25628662109375,9429200
2020-10-08,10915.685546875,63314794397.0,350.7661437988281,13461017711.0,3446.830078125,3867640000,162.69705200195312,2335200,100.02072143554688,4236000,134.9812774658203,8431500
2020-10-09,11064.4580078125,22799117613.0,365.5904846191406,13043501763.0,3477.139892578125,3944090000,164.06646728515625,2489200,100.04618835449219,2909300,134.95590209960938,8441500
2020-10-12,11555.36328125,26163972642.0,387.73126220703125,15867455424.0,3534.219970703125,3435760000,166.49986267089844,2895800,100.24168395996094,2999300,135.38597106933594,3962000
2020-10-13,11425.8994140625,24241420251.0,381.1907653808594,14226744838.0,3511.929931640625,3611100000,165.620849609375,2448900,100.26718139648438,3421700,136.3553924560547,7914300
2020-10-14,11429.5068359375,24103426719.0,379.4840393066406,13918846567.0,3488.669921875,3858510000,164.51980590820312,2155600,100.32666778564453,4919700,136.66729736328125,6954800
2020-10-15,11495.349609375,24487233058.0,377.44183349609375,14964182545.0,3483.340087890625,3724550000,164.5753173828125,2865300,100.24168395996094,5459200,136.4311981201172,9458800
2020-10-16,11322.123046875,25635480772.0,366.22900390625,14670784817.0,3483.81005859375,4688030000,164.2792205810547,1910200,100.19066619873047,3931500,136.05191040039062,8416300
2020-10-19,11742.037109375,23860769928.0,379.93560791015625,12811242092.0,3426.919921875,4091080000,161.92909240722656,2713800,100.0716552734375,4685000,135.5376434326172,9286600
2020-10-20,11916.3349609375,30915821592.0,369.13690185546875,13741586582.0,3443.1201171875,3917850000,162.49346923828125,2622900,99.98670959472656,4013600,134.2478485107422,11189000
2020-10-21,12823.689453125,43414712626.0,392.1899719238281,20241324322.0,3435.56005859375,4103960000,161.93832397460938,3237200,99.86771392822266,3688300,133.78421020507812,10453700
2020-10-22,12965.8916015625,34729759598.0,413.7729797363281,15772846485.0,3453.489990234375,4172060000,163.0856475830078,3762200,99.68922424316406,4801000,132.39328002929688,12664900
2020-10-23,12931.5390625,28974975003.0,409.7666931152344,14256222052.0,3465.389892578125,3651600000,163.62229919433594,2412700,99.83370971679688,3878700,133.2025604248047,8783800
2020-10-26,13075.248046875,29461458313.0,393.8883056640625,15155684229.0,3400.969970703125,4002210000,160.65225219726562,3873600,99.96974182128906,4962500,134.4417266845703,7227300
2020-10-27,13654.21875,33749878156.0,403.9970397949219,13940434102.0,3390.679931640625,3962400000,160.00454711914062,2525200,100.19915008544922,5694100,135.34375,6062300
2020-10-28,13271.28515625,35867318895.0,388.6507568359375,15276441134.0,3271.030029296875,5139970000,154.70286560058594,4617500,100.05469512939453,7329200,135.47018432617188,11765800
2020-10-29,13437.8828125,56499499598.0,386.7301025390625,12920477749.0,3310.110107421875,4911860000,156.1647491455078,3101000,99.87622833251953,11775800,134.15513610839844,11932400
2020-10-30,13546.5224609375,30581485201.0,382.8199768066406,13688056970.0,3269.9599609375,4843930000,154.508544921875,3990400,99.60426330566406,10610000,132.83168029785156,13095400
2020-11-02,13550.4892578125,30771455468.0,383.15673828125,13997574252.0,3310.239990234375,4314690000,156.11846923828125,3741600,99.78473663330078,6667900,133.82652282714844,10810500
2020-11-03,13950.30078125,29869951617.0,387.6021728515625,12588494762.0,3369.159912109375,4241380000,159.11630249023438,4096000,99.7421875,7519700,133.0502471923828,16228700
2020-11-04,14133.70703125,35116364962.0,402.1419982910156,15126077675.0,3443.43994140625,4790400000,162.58604431152344,3632100,100.40616607666016,5308700,135.93643188476562,21570800
2020-11-05,15579.8486328125,40856321439.0,414.0673522949219,15440711038.0,3510.449951171875,4858150000,165.94471740722656,3678100,100.49978637695312,5293900,136.17259216308594,18537500
2020-11-06,15565.880859375,39837841971.0,454.71929931640625,16738305610.0,3509.43994140625,4842460000,165.86143493652344,3222100,100.27847290039062,5929700,134.52699279785156,12408400
2020-11-09,15332.3154296875,34149115566.0,444.1630554199219,13704320630.0,3550.5,8570510000,167.83221435546875,5549800,99.81024169921875,6625300,131.69993591308594,23245000
2020-11-10,15290.90234375,25574938143.0,449.67962646484375,12090381666.0,3545.530029296875,6037470000,167.5546417236328,5609200,99.64852142333984,5146300,130.9404296875,12561000
2020-11-11,15701.33984375,29772374934.0,462.9605407714844,14075403511.0,3572.659912109375,4635560000,168.914794921875,2878800,99.70811462402344,3044300,131.41302490234375,5888200
2020-11-12,16276.34375,34175758344.0,461.0052795410156,12877327234.0,3537.010009765625,4909660000,167.24928283691406,3325700,100.12525177001953,7740800,133.64938354492188,15999700
2020-11-13,16317.80859375,31599492172.0,474.6264343261719,13191505725.0,3585.14990234375,4719580000,169.61801147460938,4769900,100.14227294921875,5125300,133.47219848632812,7344600
2020-11-16,16716.111328125,31526766675.0,459.9403076171875,11441239444.0,3626.909912109375,5295510000,171.6905517578125,6214800,100.1337890625,7951400,133.15150451660156,6310400
2020-11-17,17645.40625,39006849170.0,480.3600769042969,14593057877.0,3609.530029296875,4812180000,171.30194091796875,5733100,100.33805084228516,4650100,134.02061462402344,7444600
2020-11-18,17804.005859375,49064800278.0,479.48406982421875,17880199224.0,3567.7900390625,5284810000,169.48843383789062,3281900,100.40616607666016,6191100,134.408935546875,10333300
2020-11-19,17817.08984375,36985055355.0,471.63043212890625,12473929218.0,3581.8701171875,4363370000,170.43215942382812,3038500,100.59345245361328,6680800,135.10086059570312,10637200
2020-11-20,18621.314453125,36992873940.0,509.74456787109375,18629943296.0,3557.5400390625,4236370000,169.53469848632812,2785700,100.69557189941406,7217400,136.2992401123047,7246800
2020-11-23,18364.12109375,42741112308.0,608.4540405273438,27272302872.0,3577.590087890625,5057550000,170.92254638671875,4390900,100.67005920410156,4739000,135.6747589111328,11300000
2020-11-24,19107.46484375,51469565009.0,603.8977661132812,23281758100.0,3635.409912109375,6280290000,173.56881713867188,5378100,100.53382110595703,4696800,134.32443237304688,10891700
2020-11-25,18732.12109375,43710357371.0,570.6866455078125,20088492893.0,3629.64990234375,4910440000,173.5040283203125,3459400,100.49978637695312,4125000,133.91098022460938,9145800
2020-11-27,17108.40234375,38886494645.0,517.4937133789062,16831105703.0,3638.35009765625,2778390000,174.11468505859375,1742500,100.67005920410156,3436200,135.21063232421875,4708200
2020-11-30,19625.8359375,47728480399.0,614.842529296875,20276867833.0,3621.6298828125,6308410000,172.74534606933594,3721800,100.80622863769531,8688500,135.0418243408203,13071600
2020-12-01,18802.998046875,49633658712.0,587.3241577148438,27178964465.0,3662.449951171875,5418480000,174.9381866455078,3867300,100.4873275756836,5190800,133.05075073242188,13662800
2020-12-02,19201.091796875,37387697139.0,598.3523559570312,16883292129.0,3669.010009765625,5041250000,175.0862274169922,3831400,100.3764419555664,6121000,131.9947052001953,12114300
2020-12-03,19445.3984375,31930317405.0,616.708740234375,16146190946.0,3666.719970703125,5065340000,175.43780517578125,4408600,100.54700469970703,5198400,133.0592041015625,9626500
2020-12-04,18699.765625,33872388058.0,569.3541870117188,16337589997.0,3699.1201171875,5099620000,177.19583129882812,4401400,100.2741470336914,5896100,131.1077880859375,12734500
2020-12-07,19191.630859375,26896357742.0,591.8433837890625,10720480962.0,3691.9599609375,4804500000,177.00149536132812,4319700,100.42765808105469,6127800,132.2904815673828,9316100
2020-12-08,18321.14453125,31692288756.0,554.8277587890625,14398919320.0,3702.25,4584390000,177.76950073242188,3449000,100.43614959716797,6807000,132.91554260253906,7397200
2020-12-09,18553.916015625,34420373071.0,573.4791259765625,15855915840.0,3672.820068359375,5232800000,176.020751953125,4470500,100.2911605834961,6975700,132.47628784179688,7750100
2020-12-10,18264.9921875,25547132265.0,559.6785278320312,11672582040.0,3668.10009765625,4658480000,176.27980041503906,3223500,100.53845977783203,6192200,133.6504669189453,10025100
2020-12-11,18058.904296875,27919640985.0,545.79736328125,11098819124.0,3663.4599609375,4375470000,175.9652099609375,3463000,100.64934539794922,5636100,134.12350463867188,8135900
2020-12-14,19246.64453125,22473997681.0,586.0111694335938,8125837102.0,3647.489990234375,4623850000,175.46559143066406,3530500,100.58964538574219,4705600,133.75192260742188,7535900
2020-12-15,19417.076171875,26741982541.0,589.3555908203125,9326645840.0,3694.6201171875,4387080000,177.87130737304688,3226100,100.64934539794922,4217800,133.30416870117188,6847500
2020-12-16,21310.59765625,44409011479.0,636.1818237304688,15817248373.0,3701.169921875,4067040000,178.12106323242188,2983900,100.60672760009766,4467900,132.9492645263672,9954200
2020-12-17,22805.162109375,71378606374.0,642.8689575195312,25479532147.0,3722.47998046875,4192810000,179.51821899414062,4132800,100.60243225097656,6610400,132.5975341796875,9422700
2020-12-18,23137.9609375,40387896275.0,654.8119506835938,15756303983.0,3709.409912109375,7097100000,179.00933837890625,4542100,100.55121612548828,3874700,132.20008850097656,6505000
2020-12-21,22803.08203125,45852713981.0,609.81787109375,14419493621.0,3694.919921875,4748580000,178.49118041992188,5011900,100.55121612548828,4818300,132.7244110107422,8988200
2020-12-22,23783.029296875,44171632681.0,634.8541870117188,14745890080.0,3687.260009765625,4053310000,178.52816772460938,4336000,100.69633483886719,4516500,133.4093780517578,7370800
2020-12-23,23241.345703125,51146161904.0,583.714599609375,15261413038.0,3690.010009765625,3779160000,178.83349609375,3451400,100.62803649902344,4157700,132.4875946044922,9266600
2020-12-24,23735.94921875,41080759713.0,611.607177734375,14317413703.0,3703.06005859375,1883780000,179.13270568847656,1744000,100.72193908691406,2214500,133.01187133789062,3117100
2020-12-28,27084.80859375,49056742893.0,730.3973388671875,24222565862.0,3735.360107421875,3535460000,180.2660369873047,3780500,100.73900604248047,4567200,133.07113647460938,7791100
2020-12-29,27362.4375,45265946774.0,731.5201416015625,18710683199.0,3727.0400390625,3393290000,179.51356506347656,4606200,100.75608825683594,4300100,132.90199279785156,9030900
2020-12-30,28840.953125,51287442704.0,751.6189575195312,17294574210.0,3732.0400390625,3154850000,179.99667358398438,4314000,100.81584167480469,2762200,133.1894989013672,9097300
2020-12-31,29001.720703125,46754964848.0,737.8034057617188,13926846861.0,3756.070068359375,3179040000,180.82351684570312,3746400,100.89269256591797,4834700,133.38401794433594,7742100
2021-01-04,31971.9140625,81163475344.0,1040.2330322265625,56945985763.0,3700.64990234375,5015000000,178.2500762939453,8825800,100.76461029052734,6414100,133.22332763671875,13152900
2021-01-05,33992.4296875,67547324782.0,1100.006103515625,41535932781.0,3726.860107421875,4591020000,179.6900634765625,3894000,100.66218566894531,7477900,132.2339324951172,10458100
2021-01-06,36824.36328125,75289433811.0,1207.1121826171875,44699914188.0,3748.139892578125,6064110000,181.30654907226562,6175700,100.16707611083984,10687200,129.5193634033203,22827300
2021-01-07,39371.04296875,84762141031.0,1225.6781005859375,40468027280.0,3803.7900390625,5099160000,184.21434020996094,4830900,100.06462860107422,6639400,128.377685546875,14651900
2021-01-08,40797.609375,88107519480.0,1224.1971435546875,44334826666.0,3824.679931640625,4773040000,185.1062469482422,7538700,99.94512176513672,7335700,127.96338653564453,13622500
2021-01-11,35566.65625,123320567399.0,1090.1453857421875,60733630300.0,3799.610107421875,4465430000,184.00067138671875,3858600,99.78289794921875,8610100,127.75198364257812,8370700
2021-01-12,33922.9609375,74773277909.0,1043.4345703125,37494601692.0,3801.18994140625,4994950000,184.65101623535156,3874100,99.86827850341797,7269600,127.6504898071289,12186300
2021-01-13,37316.359375,69364315979.0,1130.7393798828125,30109792795.0,3809.840087890625,4602510000,184.8553924560547,3465800,100.18411254882812,6788500,129.08810424804688,12533300
2021-01-14,39187.328125,63615990033.0,1218.4530029296875,33410915929.0,3795.5400390625,5198480000,184.6788787841797,4289000,99.98778533935547,6610500,127.87882232666016,14835500
2021-01-15,36825.3671875,67760757881.0,1171.8345947265625,35972039310.0,3768.25,5369820000,183.07168579101562,3444800,100.09021759033203,6447700,128.38623046875,11624700
2021-01-19,36069.8046875,57244195486.0,1377.2958984375,47195935190.0,3798.909912109375,5014440000,184.74391174316406,4153700,100.22681427001953,7601100,128.8006134033203,9575600
2021-01-20,35547.75,66834573161.0,1382.2740478515625,46784030909.0,3851.85009765625,4566190000,187.07571411132812,5224900,100.23534393310547,6229100,128.9274444580078,5368900
2021-01-21,30825.69921875,75643067688.0,1121.5709228515625,45932464754.0,3853.070068359375,4501760000,186.93638610839844,2960600,100.09021759033203,8301000,128.0225830078125,8162700
2021-01-22,33005.76171875,77207272511.0,1236.51220703125,43918338506.0,3841.469970703125,5110890000,186.6298065185547,3045900,100.09021759033203,3513700,128.43695068359375,9507200
2021-01-25,32366.392578125,59897054838.0,1324.414794921875,43565777745.0,3855.360107421875,7000840000,187.15933227539062,5323200,100.3463363647461,4049000,129.95068359375,8712600
2021-01-26,32569.849609375,60255421470.0,1357.05810546875,41572917750.0,3849.6201171875,6137500000,186.48118591308594,4046900,100.31216430664062,3639500,129.7054901123047,7690300
2021-01-27,30432.546875,62576762015.0,1253.1871337890625,39394416990.0,3750.77001953125,9976520000,182.00332641601562,6727700,100.32073211669922,3619100,130.03526306152344,7895200
2021-01-28,33466.09765625,76517157706.0,1332.4921875,34637234789.0,3787.3798828125,6992770000,183.4340057373047,5310100,100.25244903564453,6176500,129.31640625,10667800
2021-01-29,34316.38671875,117894572511.0,1382.5228271484375,53611955259.0,3714.239990234375,6643370000,180.21963500976562,8315700,100.1414794921875,12164800,128.5384063720703,14965900
2021-02-01,33537.17578125,61400400660.0,1369.04052734375,29210670920.0,3773.860107421875,5436230000,183.29466247558594,3900700,100.23723602294922,6621900,128.68748474121094,8165500
2021-02-02,35510.2890625,63088585433.0,1515.1937255859375,45437142801.0,3826.31005859375,5514090000,185.92376708984375,3278700,100.08330535888672,7323400,127.85773468017578,9177500
2021-02-03,37472.08984375,61166818159.0,1660.9095458984375,41874566399.0,3830.169921875,4864870000,186.2024688720703,2905600,99.9636001586914,5492400,126.72325897216797,9633100
2021-02-04,36926.06640625,68838074392.0,1594.7626953125,44396871836.0,3871.739990234375,4879240000,188.5621795654297,2746400,99.92084503173828,5287400,126.38459777832031,8262600
2021-02-05,38144.30859375,58598066402.0,1718.65087890625,40108628454.0,3886.830078125,4879470000,189.62123107910156,3127200,99.79258728027344,3446600,125.32637786865234,10258900
2021-02-08,46196.46484375,101467222687.0,1746.6168212890625,48012285956.0,3915.590087890625,4648360000,191.32135009765625,3676700,99.89521789550781,4704200,125.87661743164062,11574800
2021-02-09,46481.10546875,91809846886.0,1768.0350341796875,44180727529.0,3911.22998046875,4568320000,191.3956756591797,3384800,99.93795013427734,4533400,125.96979522705078,5218300
2021-02-10,44918.18359375,87301089896.0,1744.243408203125,41916084617.0,3909.8798828125,4837070000,191.31204223632812,3682400,100.0320053100586,4378300,126.80792999267578,8079800
2021-02-11,47909.33203125,81388911810.0,1783.7979736328125,36021495262.0,3916.3798828125,4590960000,191.76730346679688,2630000,99.91228485107422,3470800,126.11373901367188,11962700
2021-02-12,47504.8515625,76555041196.0,1843.5325927734375,37905036865.0,3934.830078125,4135060000,192.76133728027344,2416700,99.68143463134766,3284900,124.54739379882812,14088400
2021-02-16,49199.87109375,77049582886.0,1781.0675048828125,34269369268.0,3932.590087890625,5058990000,192.41757202148438,4955700,99.21117401123047,5682700,122.65095520019531,17789100
2021-02-17,52149.0078125,80820545404.0,1848.458251953125,35955412703.0,3931.330078125,4730650000,192.01808166503906,4484000,99.4078140258789,6304100,123.42988586425781,11199100
2021-02-18,51679.796875,52054723579.0,1937.44921875,28255902969.0,3913.969970703125,4793650000,190.91258239746094,3658900,99.35650634765625,5333500,122.93032836914062,10755300
2021-02-19,55888.1328125,63495496918.0,1960.164794921875,26268814253.0,3906.7099609375,4845320000,191.34915161132812,4921800,99.0487060546875,4673100,121.29638671875,12741700
2021-02-22,54207.3203125,92052420332.0,1781.992919921875,42409646036.0,3876.5,5917100000,189.5283203125,4400300,98.74089050292969,4894200,120.37352752685547,13203900
2021-02-23,48824.42578125,106102492824.0,1570.2039794921875,52029864713.0,3881.3701171875,6296610000,189.50047302246094,5707900,98.76654815673828,6035200,120.02641296386719,12658500
2021-02-24,49705.33203125,63695521388.0,1626.57568359375,31329000537.0,3925.429931640625,6012790000,191.62791442871094,3722800,98.73233795166016,6232300,119.23909759521484,17363100
2021-02-25,47093.8515625,54506565949.0,1475.7037353515625,24481681873.0,3829.340087890625,6547470000,186.6204833984375,7581100,97.82599639892578,14926900,117.29182434082031,52621700
2021-02-26,46339.76171875,350967941479.0,1446.03369140625,31435997881.0,3811.14990234375,6526070000,185.87733459472656,6324600,98.62120056152344,11333400,121.16938018798828,45423300
2021-03-01,49631.2421875,53891300112.0,1564.7076416015625,24032838645.0,3901.820068359375,5114820000,190.65245056152344,4691800,98.56976318359375,13018100,119.56904602050781,22048000
2021-03-02,48378.98828125,47530897720.0,1492.6087646484375,22523669722.0,3870.2900390625,5536010000,188.85940551757812,4859000,98.58692169189453,10111300,119.57750701904297,12482200
2021-03-03,50538.2421875,53220811975.0,1575.8531494140625,22674780680.0,3819.719970703125,6173660000,186.13746643066406,4334000,98.22720336914062,10317500,118.28057098388672,19763700
2021-03-04,48561.16796875,52343816680.0,1541.914306640625,22906118718.0,3768.469970703125,7195400000,183.1924591064453,7198800,97.94459533691406,5953600,117.51766967773438,22366600
2021-03-05,48927.3046875,48625928883.0,1533.2750244140625,21067146937.0,3841.93994140625,6851070000,186.499755859375,6614800,97.8760757446289,8675700,117.74658203125,20598000
2021-03-08,52246.5234375,48597428048.0,1834.7279052734375,27630991158.0,3821.35009765625,5871710000,185.58934020996094,4281400,97.49066925048828,5639400,116.83113098144531,15236600
2021-03-09,54824.1171875,50912227385.0,1868.048828125,23461244507.0,3875.43994140625,5513560000,188.4692840576172,4116100,97.85891723632812,5676800,118.45012664794922,14463400
2021-03-10,56008.55078125,57295577614.0,1799.166259765625,25154173185.0,3898.81005859375,5847380000,189.8163299560547,4133800,98.02165222167969,6936900,118.6874771118164,12387600
2021-03-11,57805.12109375,56772343595.0,1826.1949462890625,24013132909.0,3939.340087890625,5312880000,192.29681396484375,4102700,98.01309967041016,8827800,117.83137512207031,14150700
2021-03-12,57332.08984375,55689944702.0,1772.1024169921875,22435821312.0,3943.340087890625,4476280000,192.6776885986328,4069000,97.45640563964844,5066800,115.33081817626953,20402700
2021-03-15,55907.19921875,66419369890.0,1791.7022705078125,26244738810.0,3968.93994140625,4900100000,194.0247802734375,3421900,97.55915832519531,5000500,116.00889587402344,11366500
2021-03-16,56804.90234375,59749798599.0,1806.9718017578125,23828509590.0,3962.7099609375,4613080000,193.24441528320312,4599900,97.52490997314453,3990900,115.54275512695312,15567900
2021-03-17,58870.89453125,60258313191.0,1823.4493408203125,24512917348.0,3974.1201171875,4561660000,193.9783172607422,3347000,97.51634979248047,6229800,114.6781005859375,27107500
2021-03-18,57858.921875,55746041000.0,1782.8551025390625,23263845504.0,3915.4599609375,5118590000,190.44808959960938,3641900,97.1395034790039,6222200,113.51680755615234,21615100
2021-03-19,58346.65234375,49063873786.0,1817.6241455078125,21249297710.0,3913.10009765625,7757420000,190.68960571289062,3871000,97.21659088134766,4701400,114.22037506103516,18685000
2021-03-22,54529.14453125,56521454974.0,1691.333984375,23599296129.0,3940.590087890625,4316260000,191.72076416015625,3603900,97.4050064086914,5468600,115.50032806396484,17047500
2021-03-23,54738.9453125,56435023914.0,1678.650146484375,21998237965.0,3910.52001953125,4669010000,189.53759765625,4764800,97.65335083007812,5524900,116.5429458618164,16768400
2021-03-24,52774.265625,70567223787.0,1593.4134521484375,31228051473.0,3889.139892578125,4783020000,187.96759033203125,4014500,97.77328491210938,6352600,117.1701889038086,13863000
2021-03-25,51704.16015625,67999812841.0,1595.3592529296875,29650328701.0,3909.52001953125,4948340000,189.3583526611328,4976800,97.72190856933594,5178000,116.24626159667969,20782000
2021-03-26,55137.3125,56652197978.0,1702.842041015625,22548516548.0,3974.5400390625,5483160000,192.45289611816406,3554900,97.55915832519531,4333900,115.83937072753906,8433300
2021-03-29,57750.19921875,57625587027.0,1819.6849365234375,22796570548.0,3971.090087890625,4628180000,191.5487823486328,4562900,97.39646911621094,7630800,114.85615539550781,13968100
2021-03-30,58917.69140625,54414116432.0,1846.03369140625,22512781703.0,3958.550048828125,4121510000,191.49285888671875,3960500,97.4735107421875,4996900,115.45794677734375,15020800
2021-03-31,58918.83203125,65520826225.0,1918.362060546875,30226902621.0,3972.889892578125,4578050000,192.65798950195312,5494800,97.49066925048828,6309200,114.81375122070312,19271300
2021-04-01,59095.80859375,61669163792.0,1977.27685546875,30914259795.0,4019.8701171875,4162130000,195.07211303710938,4543300,97.81832885742188,10767200,116.71927642822266,14885900
2021-04-05,59057.87890625,60706272115.0,2107.88720703125,28889391170.0,4077.909912109375,4005030000,197.3464813232422,5941400,97.62100982666016,9230100,116.21001434326172,8243000
2021-04-06,58192.359375,66058027988.0,2118.37890625,29222865881.0,4073.93994140625,4081270000,197.42108154296875,4029900,97.96414184570312,4864100,116.99945068359375,9282400
2021-04-07,56048.9375,75645303584.0,1971.0772705078125,36116271935.0,4079.949951171875,4120810000,197.2532501220703,3299100,97.8097152709961,4505600,116.18461608886719,11052700
2021-04-08,58323.953125,53053855641.0,2088.57373046875,25312956529.0,4097.169921875,3907100000,198.39979553222656,3628900,98.0499267578125,4932100,117.14369201660156,7847900
2021-04-09,58245.00390625,46655208546.0,2072.10888671875,19812472092.0,4128.7998046875,3640390000,199.6021728515625,3559100,97.93842315673828,7467100,116.71927642822266,8717800
2021-04-12,59893.453125,51828688519.0,2139.353271484375,21727936609.0,4127.990234375,3588900000,199.6581573486328,3882800,97.91268920898438,3844900,116.66837310791016,7659000
2021-04-13,63503.45703125,69983454362.0,2299.187744140625,29456642939.0,4141.58984375,3734720000,200.2173614501953,4056900,98.19574737548828,4040500,117.54263305664062,13232800
2021-04-14,63109.6953125,77451779687.0,2435.10498046875,35592822986.0,4124.66015625,3985350000,199.7699737548828,3765600,98.11853790283203,3620500,117.16919708251953,7293200
2021-04-15,63314.01171875,60954381579.0,2519.1162109375,32325606817.0,4170.419921875,4033420000,201.8951873779297,5439600,98.50453186035156,6753200,119.1299057006836,23896700
2021-04-16,61572.7890625,84293007468.0,2431.946533203125,36196928256.0,4185.47021484375,4163820000,202.4078369140625,4306000,98.24718475341797,3663600,118.20472717285156,15238400
2021-04-19,55724.265625,65344865159.0,2166.188720703125,34060654971.0,4163.259765625,3810290000,201.08425903320312,3986900,98.17001342773438,5072800,117.86519622802734,13886800
2021-04-20,56473.03125,67849323955.0,2330.2109375,39433483315.0,4134.93994140625,4342650000,199.23867797851562,5210300,98.32437896728516,4322200,118.40843200683594,11476500
2021-04-21,53906.08984375,54926612466.0,2364.751708984375,38899067643.0,4173.419921875,3887250000,201.6156005859375,3167900,98.4187240600586,5511300,118.64612579345703,11902200
2021-04-22,51762.2734375,74798630778.0,2403.53515625,53575904724.0,4134.97998046875,4245140000,200.04029846191406,4394800,98.44446563720703,4570700,119.16382598876953,14156400
2021-04-23,51093.65234375,86668667320.0,2363.586181640625,55413933925.0,4180.169921875,3569880000,202.4637908935547,4374300,98.42731475830078,3620700,118.88372802734375,12302200
2021-04-26,54021.75390625,58284039825.0,2534.481689453125,35208325408.0,4187.6201171875,3748320000,203.20013427734375,3202500,98.34156799316406,3480300,118.71398162841797,9103500
2021-04-27,55033.1171875,49448222757.0,2662.865234375,32275969215.0,4186.72021484375,3710700000,203.10691833496094,2670000,98.10137176513672,3823300,117.67840576171875,14137300
2021-04-28,54824.703125,48000572955.0,2746.380126953125,34269031076.0,4183.18017578125,3787360000,203.0789337158203,2603900,98.1528549194336,7078600,117.75485229492188,15263700
2021-04-29,53555.109375,46088929780.0,2756.876953125,32578127990.0,4211.47021484375,4298680000,203.85263061523438,4178800,98.10137176513672,6254100,117.40682220458984,17178200
2021-04-30,57750.17578125,52395931985.0,2773.20703125,29777179889.0,4181.169921875,4300880000,202.3612518310547,3256600,98.20430755615234,6469500,117.67840576171875,15692000
2021-05-03,57200.29296875,51713139031.0,3431.086181640625,49174290212.0,4192.66015625,4070220000,202.71543884277344,3846300,98.26702880859375,5939500,117.7490234375,16447700
2021-05-04,53333.5390625,68564706967.0,3253.62939453125,62402045158.0,4164.66015625,4452460000,201.19610595703125,4900000,98.38729858398438,6291300,118.54804229736328,18639700
2021-05-05,57424.0078125,69241316747.0,3522.783203125,48334198383.0,4167.58984375,4230920000,201.15878295898438,2032600,98.46463012695312,3329000,118.74349975585938,11127900
2021-05-06,56396.515625,69523285106.0,3490.88037109375,44300394788.0,4201.6201171875,4511000000,202.18414306640625,4131200,98.4817886352539,4739400,118.93900299072266,21907600
2021-05-07,57356.40234375,68434023376.0,3484.72900390625,39607240515.0,4232.60009765625,4016080000,203.89920043945312,3868100,98.45602416992188,7005200,118.35258483886719,18346900
2021-05-10,55859.796875,71776546298.0,3952.2939453125,62691789007.0,4188.43017578125,4560700000,201.50369262695312,4443800,98.30140686035156,5576500,117.15394592285156,15146200
2021-05-11,56704.57421875,61308396325.0,4168.701171875,52679737865.0,4152.10009765625,4870710000,199.88185119628906,5959900,98.08663177490234,6161400,116.49090576171875,15158600
2021-05-12,49150.53515625,75215403907.0,3785.8486328125,69023382175.0,4063.0400390625,4733070000,195.3797149658203,5788400,97.74300384521484,7000800,115.26685333251953,20859400
2021-05-13,49716.19140625,96721152926.0,3715.1484375,78398214539.0,4112.5,4779540000,197.53292846679688,4970900,97.96636199951172,6772300,115.44536590576172,13073900
2021-05-14,49880.53515625,55737497453.0,4079.057373046875,48174271215.0,4173.85009765625,4008880000,200.9071502685547,4292600,98.18968963623047,3985500,116.52496337890625,17566700
2021-05-17,43537.51171875,74903638450.0,3282.397705078125,54061732774.0,4163.2900390625,4125050000,200.47837829589844,4063200,98.10380554199219,4926600,116.27843475341797,6113800
2021-05-18,42909.40234375,56187365084.0,3380.070068359375,40416525218.0,4127.830078125,4398150000,198.91246032714844,3173100,97.98355865478516,3674600,115.98094177246094,11423100
2021-05-19,37002.44140625,126358098747.0,2460.67919921875,84482912776.0,4115.68017578125,4247450000,198.3345489501953,6015000,97.84612274169922,6892400,115.70040130615234,14296000
2021-05-20,40782.73828125,88281943359.0,2784.294189453125,67610826680.0,4159.1201171875,3978880000,200.48768615722656,3478300,98.1811294555664,6243300,116.65239715576172,13310500
2021-05-21,37304.69140625,82051616861.0,2430.621337890625,53774070802.0,4155.85986328125,3995250000,200.37586975097656,3623300,98.22406005859375,3873200,117.02645874023438,10171600
2021-05-24,38705.98046875,67359584098.0,2643.591064453125,53697121740.0,4197.0498046875,3684800000,202.39854431152344,2873700,98.31856536865234,3867700,117.4599838256836,6868700
2021-05-25,38402.22265625,56211915803.0,2706.62890625,49558333256.0,4188.1298828125,4182250000,201.83926391601562,3700600,98.55908203125,6351700,118.54804229736328,12346900
2021-05-26,39294.19921875,51346735160.0,2888.69873046875,42499766020.0,4195.990234375,4420890000,202.56626892089844,3258100,98.52473449707031,3969400,118.34400939941406,9793700
2021-05-27,38436.96875,43210968721.0,2736.488525390625,33373635283.0,4200.8798828125,6406310000,202.93914794921875,2617200,98.40449523925781,5072300,117.86801147460938,10695200
2021-05-28,35697.60546875,55200191952.0,2419.90625,39999114805.0,4204.10986328125,4649250000,203.2840118408203,2635700,98.40449523925781,6768200,117.68098449707031,10258000
2021-06-01,36684.92578125,34639423297.0,2633.518310546875,27363223090.0,4202.0400390625,5074670000,203.367919921875,3805700,98.35888671875,6209800,117.65459442138672,11778500
2021-06-02,37575.1796875,33070867190.0,2706.125,27723267359.0,4208.1201171875,5833670000,203.6382598876953,3599400,98.4879379272461,6103900,117.9270248413086,7347900
2021-06-03,39208.765625,35460750427.0,2855.12646484375,30038207402.0,4192.85009765625,5587970000,202.73406982421875,2967000,98.2556381225586,3464300,117.4843521118164,10994000
2021-06-04,36894.40625,41831090187.0,2688.195068359375,34173841611.0,4229.89013671875,4139790000,204.49578857421875,2287100,98.65998840332031,4535800,119.09326171875,15773700
2021-06-07,33560.70703125,33683936663.0,2590.26318359375,30600111277.0,4226.52001953125,4476920000,204.6636199951172,2762800,98.59111785888672,3728400,118.72724151611328,7799800
2021-06-08,33472.6328125,49902050442.0,2517.438720703125,41909736778.0,4227.259765625,4659620000,205.08302307128906,2831700,98.77180480957031,4395100,119.56145477294922,11230900
2021-06-09,37345.12109375,53972919008.0,2608.26708984375,36075832186.0,4219.5498046875,4713260000,204.50511169433594,2688600,98.96968841552734,3643100,120.61705017089844,12768300
2021-06-10,36702.59765625,43576032854.0,2471.5185546875,28753626390.0,4239.18017578125,4408210000,205.4092559814453,2936700,99.17615509033203,4021900,121.34063720703125,19698300
2021-06-11,37334.3984375,38699736985.0,2353.768798828125,24832564195.0,4247.43994140625,3815010000,206.01510620117188,2837200,99.13314819335938,3781900,121.14485168457031,8646700
2021-06-14,40218.4765625,43148914673.0,2537.89111328125,26964576331.0,4255.14990234375,4151200000,206.33201599121094,3189400,98.88367462158203,3270800,120.21697998046875,9401300
2021-06-15,40406.26953125,46420149185.0,2610.936767578125,29005279219.0,4246.58984375,4048940000,205.79144287109375,3094000,98.92666625976562,8230400,120.0722885131836,18207300
2021-06-16,38347.0625,39211635100.0,2367.66357421875,24101926180.0,4223.7001953125,4538350000,204.76611328125,3459600,98.60833740234375,8654200,119.9701156616211,19676300
2021-06-17,38053.50390625,37096670047.0,2372.001953125,21871633186.0,4221.85986328125,5312680000,204.5703582763672,3002900,98.9180908203125,7641700,121.76628875732422,35225800
2021-06-18,35787.24609375,36200887275.0,2231.733154296875,22752818388.0,4166.4501953125,6817010000,202.03500366210938,4538300,99.18475341796875,5690400,124.05622100830078,26616900
2021-06-21,31676.693359375,52809038594.0,1888.447509765625,33745173825.0,4224.7900390625,4128950000,204.82203674316406,3870000,98.92666625976562,6875500,121.97905731201172,16485000
2021-06-22,32505.66015625,58964353058.0,1874.9500732421875,35547251725.0,4246.43994140625,3828390000,205.9871826171875,2684300,99.02989196777344,6485100,122.27708435058594,14530200
2021-06-23,33723.02734375,46317108925.0,1989.736328125,28408659206.0,4241.83984375,3730350000,205.90325927734375,2662200,98.97826385498047,5070500,121.96212005615234,12040900
2021-06-24,34662.4375,33123368116.0,1988.456298828125,20272845769.0,4266.490234375,3816660000,207.301025390625,2931600,99.0126724243164,8357900,122.15786743164062,8788400
2021-06-25,31637.779296875,40230904226.0,1813.21728515625,22774334998.0,4280.7001953125,7341450000,208.0771026611328,2801300,98.81484985351562,6496600,120.88948822021484,15562200
2021-06-28,34434.3359375,33892523752.0,2079.657470703125,25514602841.0,4290.60986328125,4147890000,208.31080627441406,3094900,99.0987319946289,5739000,122.13236236572266,11460700
2021-06-29,35867.77734375,37901460044.0,2160.768310546875,24815124419.0,4291.7998046875,3707150000,208.32015991210938,4068000,99.15035247802734,5097100,122.33660125732422,11217900
2021-06-30,35040.8359375,34059036099.0,2274.547607421875,25828056268.0,4297.5,4266040000,208.32952880859375,3041700,99.21918487548828,6653100,122.88143920898438,15708900
2021-07-01,33572.1171875,37838957079.0,2113.60546875,29061701793.0,4319.93994140625,3788230000,209.4608154296875,3836000,99.1640396118164,4744900,122.88827514648438,10810000
2021-07-02,33897.046875,38728974942.0,2150.040283203125,31796212554.0,4352.33984375,3225840000,210.62017822265625,3026400,99.37942504882812,4312800,123.62980651855469,9650200
2021-07-06,34235.1953125,26501259870.0,2324.679443359375,20891861314.0,4343.5400390625,4309570000,210.1620330810547,4147200,99.69817352294922,7372900,125.07887268066406,20037200
2021-07-07,33855.328125,24796027477.0,2315.161865234375,22398345285.0,4358.1298828125,4037380000,210.44253540039062,4042200,99.87044525146484,7786400,126.18698120117188,20964400
2021-07-08,32877.37109375,29910396946.0,2120.0263671875,23188123689.0,4320.81982421875,4347500000,208.66604614257812,4486100,99.98246002197266,6538400,126.681396484375,17487800
2021-07-09,33798.01171875,27436021028.0,2146.6923828125,23029574602.0,4369.5498046875,3531120000,211.1905517578125,3886600,99.65509033203125,4750800,124.89987182617188,14483600
2021-07-12,33155.84765625,24321499537.0,2036.7210693359375,17768129077.0,4384.6298828125,3384460000,211.77951049804688,3294600,99.59478759765625,4266600,124.73798370361328,10610400
2021-07-13,32702.025390625,19120856669.0,1940.083984375,16621628658.0,4369.2099609375,3695430000,210.60147094726562,4668400,99.37942504882812,5145200,123.78327178955078,23340200
2021-07-14,32822.34765625,21376531210.0,1994.331298828125,17342819679.0,4374.2998046875,4006370000,210.3116455078125,2830200,99.71539306640625,4977400,125.18968200683594,16038600
2021-07-15,31780.73046875,21300524237.0,1911.1756591796875,15688092552.0,4360.02978515625,3905230000,209.57302856445312,3276500,99.93074035644531,4480900,126.57051086425781,18462400
2021-07-16,31421.5390625,23699476918.0,1880.3829345703125,14884569147.0,4327.16015625,3985700000,207.92745971679688,3203300,99.84463500976562,3869500,126.33187866210938,12787900
2021-07-19,30817.83203125,20434789545.0,1817.296630859375,14157735481.0,4258.490234375,5157660000,204.9729766845703,6966200,100.37010955810547,6688100,129.1022186279297,40203900
2021-07-20,29807.34765625,23148267245.0,1787.5107421875,17368597636.0,4323.06005859375,4438270000,208.51649475097656,5362900,100.27535247802734,8474800,127.8576431274414,25674800
2021-07-21,32110.693359375,28203024559.0,1990.9708251953125,21253359756.0,4358.68994140625,3810280000,210.38644409179688,2542500,99.94801330566406,9686100,126.23812103271484,19988900
2021-07-22,32313.10546875,19555230518.0,2025.2027587890625,17495480331.0,4367.47998046875,3358300000,210.56407165527344,2236200,100.18058013916016,8176300,127.43144989013672,18136900
2021-07-23,33581.55078125,22552046192.0,2124.776611328125,16200392492.0,4411.7900390625,4540070000,212.66775512695312,2982700,100.1116943359375,4441000,126.5790786743164,12639300
2021-07-26,37337.53515625,51022126212.0,2233.36669921875,29614324233.0,4422.2998046875,4275630000,213.09783935546875,2849700,100.02552032470703,7127400,126.20398712158203,10737700
2021-07-27,39406.94140625,35097370560.0,2298.33349609375,23067480378.0,4401.4599609375,4241950000,211.94784545898438,4169600,100.25813293457031,5423800,127.55081939697266,13036500
2021-07-28,39995.90625,38702404695.0,2296.54541015625,18991302378.0,4400.64013671875,4215290000,212.27505493164062,3306700,100.35287475585938,5463600,127.55929565429688,14346700
2021-07-29,40008.421875,27167146027.0,2380.956787109375,16313373113.0,4419.14990234375,4044600000,213.21005249023438,2960900,100.18920135498047,6629500,126.85184478759766,11532000
2021-07-30,42235.546875,33072782960.0,2466.96142578125,20212848934.0,4395.259765625,3956740000,211.94784545898438,2846800,100.32703399658203,5552100,127.448486328125,14342100
2021-08-02,39201.9453125,25595265436.0,2610.1533203125,22162754104.0,4387.16015625,3724090000,211.64865112304688,3558100,100.54010009765625,5753800,128.5852508544922,21232700
2021-08-03,38152.98046875,26189830450.0,2502.349609375,22696753413.0,4423.14990234375,3965190000,213.16329956054688,3245400,100.57461547851562,3715300,128.65354919433594,13361900
2021-08-04,39747.50390625,25372562724.0,2724.619873046875,25038698173.0,4402.66015625,4260760000,212.20960998535156,3374500,100.56596374511719,4654300,128.91807556152344,18267900
2021-08-05,40869.5546875,35185031017.0,2827.328857421875,31057928075.0,4429.10009765625,3769410000,213.7242889404297,2461700,100.3416976928711,3283100,128.26101684570312,15345400
2021-08-06,42816.5,38226483046.0,2890.941650390625,26528577879.0,4436.52001953125,3451870000,213.986083984375,2343100,99.89309692382812,3812000,126.11886596679688,21144300
2021-08-09,46365.40234375,38734079049.0,3167.856201171875,31983260936.0,4432.35009765625,3449280000,213.9019317626953,3295500,99.7119369506836,5298600,125.66655731201172,12942400
2021-08-10,45585.03125,33546019517.0,3141.691162109375,27605221710.0,4436.75,3886610000,214.0421600341797,2946700,99.5824966430664,7332100,125.08623504638672,13716900
2021-08-11,45593.63671875,34319709073.0,3164.2451171875,26729035052.0,4442.41015625,3532560000,214.46292114257812,3051400,99.67741394042969,6674600,125.00946807861328,17227600
2021-08-12,44428.2890625,33723620826.0,3043.414306640625,25403699845.0,4460.830078125,3375310000,215.06124877929688,2746000,99.68602752685547,5017300,124.80458068847656,14709400
2021-08-13,47793.3203125,31744259539.0,3322.211669921875,23868866254.0,4468.0,3016470000,215.1828155517578,2516000,100.04839324951172,4599800,126.77596282958984,18653800
2021-08-16,46004.484375,32776876610.0,3156.509521484375,23080039949.0,4479.7099609375,3370640000,215.2669677734375,3193200,100.10014343261719,3693600,127.08321380615234,19170900
2021-08-17,44695.359375,33451362600.0,3014.845947265625,25509056745.0,4448.080078125,3836960000,213.66818237304688,3735100,100.02251434326172,5469200,127.03202819824219,14126900
2021-08-18,44801.1875,32194123075.0,3020.08984375,21539248425.0,4400.27001953125,3755590000,211.53643798828125,3194100,100.0311508178711,3981900,127.45877838134766,13144000
2021-08-19,46717.578125,37204312299.0,3182.7021484375,19546290360.0,4405.7998046875,4398410000,211.37750244140625,3964500,100.20367431640625,4581300,128.39756774902344,15474300
2021-08-20,49339.17578125,34706867452.0,3286.935302734375,20885619828.0,4441.669921875,3652610000,213.27548217773438,2655100,100.2123031616211,2897800,128.4828338623047,12388400
2021-08-23,49546.1484375,34305053719.0,3319.25732421875,20511110509.0,4479.52978515625,3576530000,215.34178161621094,3180600,100.2123031616211,6585300,128.39756774902344,10615000
2021-08-24,47706.1171875,35361168834.0,3172.456298828125,20131028906.0,4486.22998046875,3979220000,216.10842895507812,2772300,100.06562042236328,5875400,127.39903259277344,13835900
2021-08-25,48960.7890625,32646349931.0,3224.915283203125,18902728235.0,4496.18994140625,3444700000,216.72552490234375,2897000,99.87582397460938,5452000,126.34076690673828,16743800
2021-08-26,46942.21875,32666549568.0,3100.325439453125,17405668117.0,4470.0,3263980000,215.2763214111328,3352000,99.88445281982422,4879200,126.69068908691406,16657400
2021-08-27,49058.66796875,34511076995.0,3270.600830078125,18489602004.0,4509.3701171875,3331200000,217.5950469970703,3749800,100.16053771972656,5545600,127.55265045166016,15384700
2021-08-30,47054.984375,31847007016.0,3224.374267578125,19306924485.0,4528.7900390625,3168660000,218.4178466796875,3194000,100.27269744873047,3706000,127.88542938232422,10596300
2021-08-31,47166.6875,34730363427.0,3433.732666015625,27280502987.0,4522.68017578125,4290710000,218.00640869140625,3099400,100.12602233886719,6763900,127.01496887207031,15262400
2021-09-01,48847.02734375,39139399125.0,3834.828125,30070890104.0,4524.08984375,4057340000,218.3897705078125,3533100,100.15799713134766,4154000,127.22775268554688,10807100
2021-09-02,49327.72265625,39508070319.0,3790.989990234375,24387397330.0,4536.9501953125,3735990000,219.12838745117188,3274600,100.26166534423828,5427300,127.78319549560547,9765900
2021-09-03,50025.375,43206179619.0,3940.61474609375,26207765094.0,4535.43017578125,3217530000,219.0535888671875,2484200,100.08888244628906,5274300,126.62106323242188,12928000
2021-09-07,46811.12890625,65210059683.0,3426.394287109375,39131346397.0,4520.02978515625,3822960000,218.10926818847656,3256800,99.82105255126953,3579900,125.55288696289062,15547800
2021-09-08,46091.390625,49007762488.0,3497.315185546875,31738430771.0,4514.06982421875,3750880000,217.5950469970703,3027600,99.98519897460938,3417500,126.40744018554688,14533700
2021-09-09,46391.421875,38672657013.0,3427.340087890625,24118055831.0,4493.27978515625,3735390000,216.83773803710938,3265900,100.30487823486328,3332600,127.93695831298828,20324600
2021-09-10,44883.91015625,39154666597.0,3211.505859375,22355974097.0,4458.580078125,3623180000,215.1173553466797,3385600,100.10616302490234,3957300,126.80899810791016,14894600
2021-09-13,44963.07421875,40969943253.0,3285.51171875,22721552948.0,4468.72998046875,3914220000,215.6035919189453,3312700,100.23573303222656,3954100,127.57805633544922,15036100
2021-09-14,47092.4921875,38652152880.0,3429.169677734375,19125420848.0,4443.0498046875,3670460000,214.30393981933594,3158900,100.46038818359375,4183600,129.12477111816406,19918400
2021-09-15,48176.34765625,30484496466.0,3615.28271484375,17548551804.0,4480.7001953125,4032020000,216.07106018066406,2598900,100.36531829833984,3448500,128.67189025878906,11940300
2021-09-16,47783.359375,31764293754.0,3571.294921875,20093903064.0,4473.75,3984560000,215.8747100830078,2537200,100.19255065917969,4265500,128.082275390625,13328900
2021-09-17,47267.51953125,28727713711.0,3398.538818359375,17722363229.0,4432.990234375,7289530000,214.14500427246094,3078200,100.10616302490234,5742500,127.46704864501953,13782900
2021-09-20,42843.80078125,43909845642.0,2958.993408203125,27371684581.0,4357.72998046875,4898070000,210.43321228027344,7749300,100.29621124267578,5464700,129.0478515625,14660400
2021-09-21,40693.67578125,48701090088.0,2764.43115234375,30405062665.0,4354.18994140625,3920920000,210.41448974609375,4564400,100.33942413330078,5225200,128.93678283691406,10035800
2021-09-22,43574.5078125,38139709246.0,3077.867919921875,23742102645.0,4395.64013671875,3939170000,212.536865234375,4187300,100.37397003173828,7139900,129.70582580566406,22277800
2021-09-23,44895.09765625,34244064430.0,3155.523681640625,18516291047.0,4448.97998046875,3916350000,215.12673950195312,3778100,99.88153076171875,8265000,126.77483367919922,23853300
2021-09-24,42839.75,42839345714.0,2931.669189453125,25595422789.0,4455.47998046875,3384290000,215.38369750976562,3122800,99.7087631225586,4461900,125.53575897216797,20203900
2021-09-27,42235.73046875,30980029059.0,2934.138916015625,19164053681.0,4443.10986328125,4058650000,214.91477966308594,2856700,99.57048034667969,5630600,125.07441711425781,13464300
2021-09-28,41034.54296875,30214940550.0,2807.296630859375,16895079070.0,4352.6298828125,4416550000,210.41273498535156,5078600,99.15579223632812,7017100,123.12611389160156,26613500
2021-09-29,41564.36328125,30602359905.0,2853.143310546875,15763456158.0,4359.4599609375,3712660000,210.553466796875,4585500,99.22492218017578,6161300,123.33970642089844,23569400
2021-09-30,43790.89453125,31141681925.0,3001.678955078125,17661065099.0,4307.5400390625,4448140000,208.27427673339844,5080200,99.2076416015625,5348800,123.32266235351562,22567600
2021-10-01,48116.94140625,42850641582.0,3307.51611328125,22307625573.0,4357.0400390625,4010370000,211.1443328857422,5148600,99.51049041748047,7064500,124.36046600341797,26151800
2021-10-04,49112.90234375,33383173002.0,3380.089111328125,17747154101.0,4300.4599609375,4307870000,207.96473693847656,4984000,99.4412612915039,4180600,124.04386901855469,28027600
2021-10-05,51514.8125,35873904236.0,3518.5185546875,16632591670.0,4345.72021484375,3902890000,209.90626525878906,3568200,99.20764923095703,7421900,122.84605407714844,22659200
2021-10-06,55361.44921875,49034730168.0,3580.56201171875,21855226591.0,4363.5498046875,4009630000,210.7785186767578,3076000,99.25086975097656,4893400,123.53911590576172,18696500
2021-10-07,53805.984375,36807860413.0,3587.974853515625,19090322927.0,4399.759765625,3843740000,212.80445861816406,3081300,98.97399139404297,4456100,122.24720764160156,14856000
2021-10-08,53967.84765625,34800873924.0,3563.75927734375,16222029488.0,4391.33984375,3280160000,212.33546447753906,1922600,98.75769805908203,4581900,121.39156341552734,17257800
2021-10-11,57484.7890625,42637331698.0,3545.35400390625,18579189588.0,4361.18994140625,3281970000,210.8066864013672,2354900,98.60193634033203,2178400,121.08354187011719,7213400
2021-10-12,56041.05859375,41083758949.0,3492.5732421875,18109578443.0,4350.64990234375,3558450000,210.65660095214844,2898400,98.96534729003906,3688400,123.15406799316406,17968700
2021-10-13,57401.09765625,41684252783.0,3606.20166015625,16211275589.0,4363.7998046875,3620070000,211.61328125,3179500,99.19031524658203,5522700,124.3519515991211,23584600
2021-10-14,57321.5234375,36615791366.0,3786.01416015625,19443499909.0,4438.259765625,3598280000,215.1304473876953,2688800,99.38070678710938,4094500,124.81388854980469,12946400
2021-10-15,61593.94921875,51780081801.0,3862.634765625,20966841512.0,4471.3701171875,3819380000,216.40603637695312,2717900,99.1384048461914,4644800,124.08671569824219,11811500
2021-10-18,62026.078125,38055562075.0,3748.76025390625,17386204158.0,4486.4599609375,3662010000,217.1938934326172,3078300,99.0691909790039,5575100,124.66844940185547,12115900
2021-10-19,64261.9921875,40471196346.0,3877.65087890625,15998757133.0,4519.6298828125,3459130000,218.7789764404297,2683100,98.78365325927734,5041000,122.94869995117188,12156300
2021-10-20,65992.8359375,40788955582.0,4155.9921875,20338319988.0,4536.18994140625,3670760000,219.6324920654297,2838400,98.71439361572266,6183700,122.11878204345703,12782500
2021-10-21,62210.171875,45908121370.0,4054.32275390625,28220661820.0,4549.77978515625,3822330000,220.23275756835938,2839800,98.50675964355469,5228300,121.9733657836914,13660000
2021-10-22,60692.265625,38434082775.0,3970.181884765625,19432937968.0,4544.89990234375,3758220000,219.81069946289062,2144500,98.69709777832031,3528600,123.31663513183594,13740000
2021-10-25,63039.82421875,31064911614.0,4217.876953125,15995727040.0,4566.47998046875,3899400000,221.1613006591797,2170100,98.79228210449219,8569600,123.1283950805664,8137900
2021-10-26,60363.79296875,34878965587.0,4131.10205078125,17157714562.0,4574.7900390625,3879740000,221.076904296875,2759900,98.97399139404297,5429800,124.14659118652344,13671000
2021-10-27,58482.38671875,43657076893.0,3930.25732421875,26219530404.0,4551.68017578125,4226050000,219.5668182373047,3409600,99.30284118652344,8048500,126.40533447265625,22092300
2021-10-28,60622.13671875,45257083247.0,4287.31884765625,25958154575.0,4596.419921875,4132950000,221.91163635253906,2104900,99.22492980957031,5916000,125.97753143310547,17497600
2021-10-29,62227.96484375,36856881767.0,4414.74658203125,22967641914.0,4605.3798828125,4510200000,222.20237731933594,3565900,99.198974609375,10047900,126.362548828125,19087300
2021-11-01,61004.40625,36150572843.0,4324.626953125,17985288261.0,4613.669921875,3971540000,223.30911254882812,3967500,99.13829803466797,6197900,125.4527587890625,18035500
2021-11-02,63226.40234375,37746665647.0,4584.798828125,20794448222.0,4630.64990234375,3975250000,224.00320434570312,4004800,99.3376693725586,5317000,126.00962829589844,9836700
2021-11-03,62970.046875,36124731509.0,4607.19384765625,21220463155.0,4660.56982421875,4319660000,225.58827209472656,3704400,99.13829803466797,6421700,124.70743560791016,20639400
2021-11-04,61452.23046875,32615846901.0,4537.32421875,18415244464.0,4680.06005859375,4462300000,226.44175720214844,3557000,99.4676513671875,6618100,126.01818084716797,15922400
2021-11-05,61125.67578125,30605102446.0,4486.2431640625,15086003586.0,4697.52978515625,4467180000,227.31407165527344,3919400,99.857666015625,7283100,127.90284729003906,21513000
2021-11-08,67566.828125,41125608330.0,4812.08740234375,19290896267.0,4701.7001953125,4269710000,227.689208984375,3401400,99.67562866210938,4922800,127.66302490234375,12083800
2021-11-09,66971.828125,42357991721.0,4735.06884765625,20834172627.0,4685.25,4117080000,227.03262329101562,2764100,99.95301055908203,8960500,129.32501220703125,23430200
2021-11-10,64995.23046875,48730828378.0,4636.17431640625,22748160545.0,4646.7099609375,4503720000,224.80039978027344,3356500,99.27698516845703,11620300,126.96051788330078,28170600
2021-11-11,64949.9609375,35880633236.0,4730.38427734375,17933201129.0,4649.27001953125,3926870000,225.07240295410156,2277100,99.09500122070312,3937100,126.77207946777344,5552500
2021-11-12,64155.94140625,36084893887.0,4667.115234375,18316060208.0,4682.85009765625,3728600000,226.74192810058594,2419900,99.0776596069336,4554700,126.21517181396484,12712000
2021-11-15,63557.87109375,30558763548.0,4557.50390625,16275851299.0,4682.7998046875,3488410000,226.74192810058594,3630500,98.7136459350586,6405000,124.63036346435547,15232700
2021-11-16,60161.24609375,46844335592.0,4216.365234375,27417502801.0,4700.89990234375,3972640000,227.71730041503906,2947400,98.67898559570312,7484000,124.31336975097656,12998700
2021-11-17,60368.01171875,39178392930.0,4287.59375,22183461850.0,4688.669921875,3969070000,226.77943420410156,2809000,98.9129867553711,7173100,125.29852294921875,14239900
2021-11-18,56942.13671875,41388338699.0,4000.65087890625,21383250893.0,4704.5400390625,4226410000,227.13583374023438,3507700,98.99967193603516,4226900,125.76973724365234,11054600
2021-11-19,58119.578125,38702407772.0,4298.306640625,20626269711.0,4697.9599609375,4253180000,226.48867797851562,3353800,99.1902847290039,5685900,127.09761810302734,14022100
2021-11-22,56289.2890625,35036121783.0,4088.457763671875,19752218877.0,4682.93994140625,4441100000,225.40072631835938,3902900,98.7136459350586,6995300,125.6069564819336,15266000
2021-11-23,57569.07421875,37485803899.0,4340.763671875,22133497059.0,4690.7001953125,4277590000,225.47569274902344,3826200,98.32363891601562,6268600,123.7907943725586,15318500
2021-11-24,56280.42578125,36635566789.0,4239.9814453125,21838037128.0,4701.4599609375,3418430000,226.23545837402344,2195400,98.54898071289062,8472400,125.77831268310547,13769700
2021-11-26,53569.765625,41810748221.0,4030.908935546875,26281795488.0,4594.6201171875,3517700000,221.33950805664062,5730300,99.2509765625,3258900,128.9565887451172,20064800
2021-11-29,57806.56640625,32370840356.0,4445.10498046875,19086475837.0,4655.27001953125,4336410000,223.42169189453125,4789200,99.30299377441406,8982800,127.9200210571289,23234200
2021-11-30,57005.42578125,36708594618.0,4631.47900390625,28626354111.0,4567.0,6625990000,218.95713806152344,7231400,99.4676513671875,13109000,129.86471557617188,31481100
2021-12-01,57229.828125,36858195307.0,4586.990234375,27634826695.0,4513.0400390625,5366730000,215.87142944335938,5274700,99.48673248291016,12772700,130.6658172607422,30826500
2021-12-02,56477.81640625,32379968686.0,4511.30224609375,21502671027.0,4577.10009765625,5077180000,219.37925720214844,4257400,99.46939849853516,7759700,130.82879638671875,17754200
2021-12-03,53598.24609375,39789134215.0,4220.7060546875,25879591528.0,4538.43017578125,5240070000,216.83750915527344,5821900,99.86861419677734,7600800,132.38983154296875,34427100
2021-12-06,50582.625,37707308001.0,4358.7373046875,28229518513.0,4591.669921875,4770800000,219.6230926513672,4210600,99.521484375,9416700,130.5714569091797,30924200
2021-12-07,50700.0859375,33676814852.0,4315.0615234375,22366213354.0,4686.75,4492400000,224.32208251953125,4284700,99.365234375,6786900,129.51641845703125,22115900
2021-12-08,50504.796875,28479699446.0,4439.35791015625,18704315119.0,4701.2099609375,4234600000,225.28814697265625,3417400,99.10487365722656,8050100,127.27779388427734,33633900
2021-12-09,47672.12109375,29603577251.0,4119.81591796875,22296131874.0,4667.4501953125,3903840000,223.1403045654297,2853800,99.1135482788086,8646500,127.98968505859375,17544900
2021-12-10,47243.3046875,30966005122.0,3908.49609375,28014595631.0,4712.02001953125,3870110000,224.6597442626953,2610800,99.13961029052734,6501300,127.68091583251953,14298700
2021-12-13,46737.48046875,32166727776.0,3784.226806640625,23999841386.0,4668.97021484375,4397230000,222.6150665283203,5839100,99.48673248291016,8659300,129.5679168701172,17860500
2021-12-14,46612.6328125,34638619079.0,3745.4404296875,23836759957.0,4634.08984375,4485430000,220.945556640625,3360400,99.2957992553711,7503600,129.25914001464844,14015500
2021-12-15,48896.72265625,36541828520.0,4018.388671875,26411188833.0,4709.85009765625,4910130000,224.3502197265625,3720700,99.21768188476562,7459100,128.0154571533203,25383900
2021-12-16,47665.42578125,27268150947.0,3962.4697265625,19825531254.0,4668.669921875,4829500000,221.8365936279297,3876100,99.3541030883789,7566600,128.0652313232422,18677900
2021-12-17,46202.14453125,32902725329.0,3879.486572265625,23143541098.0,4620.64013671875,7987090000,220.8236541748047,4455100,99.47572326660156,7428000,129.51638793945312,18093500
2021-12-20,46880.27734375,30961902129.0,3933.844482421875,21589690675.0,4568.02001953125,4635700000,217.71914672851562,5839800,99.32805633544922,7382600,128.5460968017578,17147300
2021-12-21,48936.61328125,27055803928.0,4020.260009765625,16388555198.0,4649.22998046875,4072430000,221.9866485595703,4158800,99.2498550415039,12970200,128.056640625,16598200
2021-12-22,48628.51171875,24447979559.0,3982.099609375,13921756199.0,4696.56005859375,3319610000,224.1814422607422,3202900,99.33672332763672,6171700,128.64915466308594,12253900
2021-12-23,50784.5390625,28223878108.0,4108.015625,18007273742.0,4725.7900390625,2913040000,225.72897338867188,2925100,99.21512603759766,5506700,127.53282165527344,11642500
2021-12-27,50640.41796875,24324345758.0,4037.547607421875,11424360002.0,4791.18994140625,2770290000,228.6930389404297,4395100,99.26721954345703,5436800,127.84197235107422,7821800
2021-12-28,47588.85546875,33430376883.0,3800.89306640625,17299472803.0,4786.35009765625,2707920000,228.22244262695312,3960900,99.22379302978516,5253800,127.3353500366211,9174600
2021-12-29,46444.7109375,30049226299.0,3628.53173828125,15722555672.0,4793.06005859375,2963310000,228.35418701171875,3044300,98.92838287353516,5933800,125.94427490234375,11771200
2021-12-30,47178.125,26686491018.0,3713.85205078125,12925377999.0,4778.72998046875,3124950000,227.98707580566406,4501500,99.14558410644531,5455400,127.00041198730469,10355000
2021-12-31,46306.4453125,36974172400.0,3682.6328125,14157285268.0,4766.18017578125,2677820000,227.2622833251953,3499900,99.11083984375,7989500,127.24944305419922,13402300
2022-01-03,46458.1171875,33071628362.0,3761.38037109375,12080777893.0,4796.56005859375,3831020000,228.70245361328125,4204000,98.43318939208984,9399200,123.90914916992188,33860400
2022-01-04,45897.57421875,42494677905.0,3794.056640625,14030925983.0,4793.5400390625,4683170000,228.26950073242188,4217000,98.42447662353516,7772100,123.39393615722656,21996400
2022-01-05,43569.00390625,36851084859.0,3550.386962890625,18061338502.0,4700.580078125,4887960000,223.31837463378906,4878300,98.12040710449219,8530900,122.72415924072266,20911700
2022-01-06,43160.9296875,30208048289.0,3418.408203125,24293791313.0,4696.0498046875,4295280000,223.26187133789062,4519200,98.01618957519531,8866500,123.04190063476562,18996400
2022-01-07,41557.90234375,84196607520.0,3193.21044921875,24494179209.0,4677.02978515625,4181510000,222.2452850341797,3580200,97.7294692993164,9018900,122.15743255615234,18756800
2022-01-10,41821.26171875,32104232331.0,3083.097900390625,19535744145.0,4670.2900390625,4511810000,221.85935974121094,5819600,97.64259338378906,8074900,122.45796966552734,13775800
2022-01-11,42735.85546875,26327648900.0,3238.111572265625,15211447193.0,4713.06982421875,4101590000,224.07138061523438,3524800,97.8250503540039,6728600,123.27371978759766,24388700
2022-01-12,43949.1015625,33499938689.0,3372.25830078125,16662871689.0,4726.35009765625,4048220000,224.41964721679688,4033100,97.8250503540039,6713200,122.80142974853516,14440600
2022-01-13,42591.5703125,47691135082.0,3248.28857421875,15294466275.0,4659.02978515625,4251730000,221.1345977783203,4049300,97.99878692626953,8454300,123.89201354980469,15166000
2022-01-14,43099.69921875,23577403399.0,3310.00146484375,13562957230.0,4662.85009765625,4338490000,221.21929931640625,3829900,97.45147705078125,9113400,122.02008819580078,22997500
2022-01-18,42375.6328125,22417209227.0,3164.025146484375,13024154091.0,4577.10986328125,4748700000,216.91761779785156,6511600,96.86067962646484,7943800,120.30271911621094,21171700
2022-01-19,41744.328125,23091543258.0,3095.825927734375,13187424144.0,4532.759765625,4465740000,214.63973999023438,4868100,97.0691909790039,8321000,121.13553619384766,17930500
2022-01-20,40680.41796875,20382033940.0,3001.1201171875,10645922764.0,4482.72998046875,4640870000,212.13595581054688,5175100,97.121337890625,7186400,121.8826675415039,13959000
2022-01-21,36457.31640625,43011992031.0,2557.931640625,26796291874.0,4397.93994140625,5589100000,207.9378204345703,8582600,97.50359344482422,8679600,123.3338851928711,28916600
2022-01-24,36654.328125,41856658597.0,2440.352294921875,28220804648.0,4410.1298828125,6928110000,209.27444458007812,22004300,97.39064025878906,12131400,122.32054901123047,25001600
2022-01-25,36954.00390625,26428189594.0,2455.93505859375,16179776932.0,4356.4501953125,5145050000,206.3471221923828,6600400,97.29508209228516,9541000,122.12307739257812,15599000
2022-01-26,36852.12109375,31324598034.0,2468.0302734375,21229909340.0,4349.93017578125,5570640000,205.54701232910156,7096400,96.74774169921875,10729400,120.64615631103516,23655500
2022-01-27,37138.234375,25041426629.0,2423.001220703125,16126522783.0,4326.509765625,5214200000,204.0221405029297,5789200,97.0691909790039,6146800,122.86151885986328,21501800
2022-01-28,37784.33203125,22238830523.0,2547.092041015625,14666227351.0,4431.85009765625,5031090000,209.04855346679688,4961200,97.13871002197266,10855600,122.90445709228516,12826500
2022-01-31,38483.125,20734730465.0,2688.27880859375,13778234614.0,4515.5498046875,5098610000,213.49136352539062,5306400,97.1300048828125,12837400,122.2690658569336,13998400
2022-02-01,38743.2734375,20288500328.0,2792.1171875,13194846235.0,4546.5400390625,4816830000,215.11981201171875,4697600,97.09607696533203,10356000,121.86317443847656,20806100
2022-02-02,36952.984375,19155189416.0,2682.85400390625,13876301217.0,4589.3798828125,4481580000,216.54115295410156,4048200,97.20046997070312,7967900,122.27597045898438,18404600
2022-02-03,37154.6015625,18591534769.0,2679.16259765625,12755505065.0,4477.43994140625,4401970000,211.39234924316406,4217700,96.80895233154297,10290400,121.32147216796875,17234100
2022-02-04,41500.875,29412210792.0,2983.5869140625,18987223729.0,4500.52978515625,4706290000,212.7948760986328,3585300,96.19994354248047,6967200,119.5329360961914,23609800
2022-02-07,43840.28515625,28641855926.0,3142.470703125,15197063785.0,4483.8701171875,4228480000,212.25833129882812,2757300,96.28694152832031,6723400,119.6103286743164,12962400
2022-02-08,44118.4453125,33079398868.0,3122.608642578125,17136080906.0,4521.5400390625,4459620000,214.20675659179688,3075500,95.99112701416016,7987000,118.81061553955078,16269200
2022-02-09,44338.796875,23245887300.0,3239.45703125,13951308490.0,4587.18017578125,4524350000,217.68951416015625,3698700,96.05204010009766,9194400,119.0341567993164,14349100
2022-02-10,43565.11328125,32142048537.0,3077.482177734375,18629485080.0,4504.080078125,5314860000,213.99966430664062,3511200,95.16458129882812,10761200,117.14237976074219,30896200
2022-02-11,42407.9375,26954925781.0,2927.383544921875,16043881065.0,4418.64013671875,5251500000,209.84864807128906,4839800,95.79102325439453,13868300,118.87938690185547,43210300
2022-02-14,42586.91796875,20827783012.0,2933.47900390625,12164552172.0,4401.669921875,4600390000,209.0767822265625,4402100,95.23418426513672,8843700,117.4003677368164,23157400
2022-02-15,44575.203125,22721659051.0,3179.877197265625,13921257873.0,4471.06982421875,4430830000,212.7948760986328,4406200,95.07760620117188,5820200,116.0675277709961,18198500
2022-02-16,43961.859375,19792547657.0,3127.830078125,12352406833.0,4475.009765625,4283640000,212.99253845214844,4812400,95.19071960449219,8116000,116.75548553466797,16473700
2022-02-17,40538.01171875,26246662813.0,2881.48193359375,15860206214.0,4380.259765625,4539420000,208.15435791015625,5784600,95.39078521728516,10217000,117.62396240234375,24508200
2022-02-18,40030.9765625,23310007704.0,2785.7275390625,15748173433.0,4348.8701171875,4708060000,206.48826599121094,7007900,95.59093475341797,7110900,118.8621597290039,17522600
2022-02-22,38286.02734375,25493150450.0,2639.29931640625,16360200507.0,4304.759765625,5121900000,204.1162567138672,7748900,95.48651123046875,7604400,119.17174530029297,19534000
2022-02-23,37296.5703125,21849073843.0,2590.359619140625,13382637240.0,4225.5,4797430000,200.36053466796875,7684500,95.06019592285156,11732100,117.52935028076172,17757800
2022-02-24,38332.609375,46383802093.0,2598.067138671875,29312342666.0,4288.7001953125,6752130000,203.8715057373047,10471000,95.23418426513672,12372100,117.60676574707031,28150400
2022-02-25,39214.21875,26545599159.0,2764.53564453125,17208902048.0,4384.64990234375,5177060000,208.4084930419922,4615100,95.32991027832031,10089100,117.69277954101562,15025400
2022-02-28,43193.234375,35690014104.0,2919.201171875,19266124733.0,4373.93994140625,6071370000,208.18255615234375,4219800,96.01721954345703,16594600,120.27241516113281,25817700
2022-03-01,44354.63671875,32479047645.0,2972.485107421875,18757425786.0,4306.259765625,5846230000,204.93515014648438,4765000,96.55833435058594,14355100,121.66297149658203,35664400
2022-03-02,43924.1171875,29183112630.0,2950.118408203125,16636517503.0,4386.5400390625,5337870000,208.82264709472656,3884900,95.39948272705078,9028800,117.50423431396484,30397400
2022-03-03,42451.7890625,24967782593.0,2834.468994140625,13091199728.0,4363.490234375,5039890000,207.23190307617188,4161700,95.72184753417969,15802600,118.70106506347656,20649100
2022-03-04,39137.60546875,28516271427.0,2617.156005859375,14496939024.0,4328.8701171875,5797380000,205.16107177734375,4518100,96.10521697998047,7838500,120.7502670288086,25853100
2022-03-07,38062.0390625,28546143503.0,2497.771240234375,14594098731.0,4201.08984375,6940470000,198.835693359375,7953400,95.54761505126953,12740600,119.82898712158203,23710900
2022-03-08,38737.26953125,25776583476.0,2576.74755859375,13922922903.0,4170.7001953125,7243120000,197.71554565429688,6132200,95.20777893066406,9933700,118.62351989746094,28331300
2022-03-09,41982.92578125,32284121034.0,2729.783447265625,14173665398.0,4277.8798828125,5662670000,203.20321655273438,4558400,95.00739288330078,11192300,117.46119689941406,18819200
2022-03-10,39437.4609375,31078064711.0,2608.048583984375,13292477213.0,4259.52001953125,4980830000,202.29019165039062,5271300,94.47590637207031,16234900,115.7735366821289,26868900
2022-03-11,38794.97265625,26364890465.0,2559.56298828125,12382419582.0,4204.31005859375,4938640000,199.54165649414062,5511000,94.4584732055664,11997800,116.16098022460938,15583800
2022-03-14,39666.75390625,24322159070.0,2590.696044921875,11244398839.0,4173.10986328125,5574920000,197.57437133789062,6284200,93.5436019897461,10961600,113.44876861572266,24385000
2022-03-15,39338.78515625,23934000868.0,2620.149658203125,12861105614.0,4262.4501953125,5392470000,201.6971893310547,6491000,93.75270080566406,14001200,113.25077056884766,17518800
2022-03-16,41143.9296875,39616916192.0,2772.0556640625,17915109769.0,4357.85986328125,6309750000,206.74241638183594,4863500,93.8224105834961,16805400,114.36149597167969,25857700
2022-03-17,40951.37890625,22009601093.0,2814.8544921875,12685265194.0,4411.669921875,4985090000,209.5098114013672,6570100,93.979248046875,8035400,113.50907135009766,19330600
2022-03-18,41801.15625,34421564942.0,2945.343017578125,15830879093.0,4463.1201171875,8278430000,211.9570770263672,3425100,94.1883544921875,7864100,114.8952865600586,55891700
2022-03-21,41077.99609375,24615543271.0,2897.9765625,15206116098.0,4461.18017578125,4869820000,211.7594451904297,2802200,93.26476287841797,8024800,112.2347412109375,26122000
2022-03-22,42358.80859375,32004652376.0,2973.131103515625,16830539230.0,4511.60986328125,4754840000,214.3573455810547,3269300,93.01209259033203,16120500,110.79682922363281,21830900
2022-03-23,42892.95703125,25242943069.0,3031.067138671875,16008767658.0,4456.240234375,4550670000,211.43783569335938,2695400,93.39547729492188,9060700,113.22488403320312,21266100
2022-03-24,43960.93359375,31042992291.0,3108.06201171875,18070503166.0,4520.16015625,4131390000,214.44989013671875,2375100,93.18637084960938,7480500,112.3380355834961,17141600
2022-03-25,44348.73046875,30574413034.0,3106.67138671875,17030503831.0,4543.06005859375,4305020000,215.3657989501953,3851100,92.44574737548828,10538700,110.77960205078125,25684500
2022-03-28,47128.00390625,36362175703.0,3336.634521484375,20620450770.0,4575.52001953125,4312260000,216.76321411132812,6799400,92.67230224609375,8540500,111.72669982910156,17657800
2022-03-29,47465.73046875,31397059069.0,3401.98779296875,19533323636.0,4631.60009765625,5085910000,220.04905700683594,4470500,93.1079330444336,11396500,112.57051086425781,19319700
2022-03-30,47062.6640625,29333883962.0,3385.157958984375,15302506131.0,4602.4501953125,4385570000,218.2645263671875,3436400,93.3606185913086,11544400,113.44876861572266,16310200
2022-03-31,45538.67578125,33327427106.0,3281.642822265625,17685495686.0,4530.41015625,4823020000,214.96920776367188,4087000,93.31704711914062,13799100,113.72431182861328,19901000
2022-04-01,46281.64453125,38162644287.0,3449.55224609375,20982988937.0,4545.85986328125,4562940000,215.82846069335938,3456400,93.15127563476562,11581600,114.15719604492188,23489700
2022-04-04,46622.67578125,32499785455.0,3521.2412109375,18209969743.0,4582.64013671875,4547350000,217.6602325439453,3241100,93.22980499267578,9956400,113.36385345458984,13609900
2022-04-05,45555.9921875,29640604055.0,3411.79248046875,16681503199.0,4525.1201171875,4800620000,214.4781951904297,3268800,92.28738403320312,11028300,110.80266571044922,25196900
2022-04-06,43206.73828125,39393395788.0,3171.69189453125,25632563639.0,4481.14990234375,4986830000,212.01382446289062,4122000,92.05179595947266,13116000,109.90583038330078,22952000
2022-04-07,43503.84765625,26101973106.0,3233.274658203125,16745496605.0,4500.2099609375,4821490000,212.81640625,4347500,91.85105895996094,7922500,109.07799530029297,23458800
2022-04-08,42287.6640625,27215995394.0,3192.073974609375,17557050669.0,4488.27978515625,4083200000,212.1554718017578,2954800,91.38859558105469,6503200,107.89656829833984,26859200
2022-04-11,39521.90234375,33949912166.0,2981.05224609375,21891804831.0,4412.52978515625,4266290000,208.8412628173828,2942200,90.99591064453125,8381800,106.18914031982422,30020700
2022-04-12,40127.18359375,30991500854.0,3030.37646484375,20235707410.0,4397.4501953125,4152090000,208.1991729736328,3164200,91.28387451171875,8498700,106.04255676269531,23124200
2022-04-13,41166.73046875,27691105228.0,3118.34423828125,16088473629.0,4446.58984375,3828150000,210.92796325683594,2404600,91.46711730957031,6801000,106.25811767578125,17189500
2022-04-14,39935.515625,24342001973.0,3019.909423828125,15821419931.0,4392.58984375,4083090000,208.35972595214844,2465500,90.72538757324219,8510100,104.12812805175781,34274500
2022-04-18,40826.21484375,33705182072.0,3057.606689453125,18629381299.0,4391.68994140625,3910490000,208.00086975097656,3674400,90.44617462158203,8633000,103.61072540283203,18784300
2022-04-19,41502.75,25303206547.0,3104.1064453125,14156035096.0,4462.2099609375,4108120000,211.66445922851562,2631200,89.89641571044922,7847500,102.8346176147461,26012300
2022-04-20,41374.37890625,27819532341.0,3077.745849609375,15547362265.0,4459.4501953125,4290450000,211.39065551757812,2933200,90.4112548828125,8460900,104.90422821044922,31423200
2022-04-21,40527.36328125,35372786395.0,2987.480712890625,20783591093.0,4393.66015625,4636890000,207.93479919433594,3172100,89.91383361816406,11395800,104.12812805175781,23323200
2022-04-22,39740.3203125,28011716745.0,2964.835693359375,16782795477.0,4271.77978515625,4651940000,202.26954650878906,6361400,89.82662200927734,9159000,103.4727554321289,19773400
2022-04-25,40458.30859375,35445730570.0,3009.3935546875,22332690614.0,4296.1201171875,5240040000,203.37425231933594,9271800,90.42870330810547,8777500,104.507568359375,25418900
2022-04-26,38117.4609375,34569088416.0,2808.29833984375,19052045399.0,4175.2001953125,4689970000,197.57679748535156,6891100,90.70795440673828,8535100,105.55962371826172,26931300
2022-04-27,39241.12109375,30981015184.0,2888.9296875,17419284041.0,4183.9599609375,4769680000,197.96392822265625,4955900,90.34146881103516,11185400,104.20576477050781,14560500
2022-04-28,39773.828125,33903704907.0,2936.94091796875,18443524633.0,4287.5,4854180000,202.78884887695312,3767700,90.30653381347656,10372200,104.36096954345703,16892500
2022-04-29,38609.82421875,30882994649.0,2815.601806640625,18771041399.0,4131.93017578125,5084030000,195.3390350341797,7330500,89.76553344726562,9924100,103.00711059570312,26153400
2022-05-02,38529.328125,32922642426.0,2857.410400390625,18609741545.0,4155.3798828125,5163790000,196.8119659423828,10630500,89.27684783935547,12729000,101.22159576416016,29233900
2022-05-03,37750.453125,27326943244.0,2783.476318359375,13026093219.0,4175.47998046875,4582050000,197.7467803955078,3901800,89.47792053222656,12165300,101.90399169921875,21256700
2022-05-04,39698.37109375,36754404490.0,2940.644775390625,18186749944.0,4300.169921875,5136360000,203.54421997070312,3870600,90.05486297607422,14656400,102.46546936035156,25575700
2022-05-05,36575.140625,43106256317.0,2749.213134765625,22642925048.0,4146.8701171875,5077030000,196.03770446777344,5186700,89.16323852539062,17474400,99.65807342529297,48384500
2022-05-06,36040.921875,37795577489.0,2694.979736328125,21027599270.0,4123.33984375,5116940000,194.46090698242188,5193900,88.78734588623047,8314100,98.18961334228516,32790500
2022-05-09,30296.953125,63355494961.0,2245.430419921875,36333567678.0,3991.239990234375,5954520000,187.568115234375,9551400,89.22443389892578,8640900,99.05339813232422,26773000
2022-05-10,31022.90625,59811038817.0,2343.510986328125,38202099639.0,4001.050048828125,5885820000,187.94580078125,7605000,89.49540710449219,18465000,99.95175170898438,33640800
2022-05-11,28936.35546875,70388855818.0,2072.108642578125,45743399154.0,3935.179931640625,5816140000,184.546630859375,6365500,89.82759094238281,16462000,101.87808990478516,34173600
2022-05-12,29047.751953125,66989173272.0,1961.7015380859375,42463486402.0,3930.080078125,6286450000,184.74493408203125,7964900,89.99365234375,9015300,101.68803405761719,26405700
2022-05-13,29283.103515625,42841124537.0,2014.418212890625,24816096567.0,4023.889892578125,5183340000,189.69259643554688,4543200,89.60904693603516,6715600,100.18502044677734,20782700
2022-05-16,29862.91796875,32613897286.0,2022.7259521484375,21459552191.0,4008.010009765625,4415030000,188.75782775878906,4479400,89.81010437011719,7239200,100.08134460449219,11050600
2022-05-17,30425.857421875,29101473475.0,2090.4091796875,18509929297.0,4088.85009765625,4841410000,192.78964233398438,3954500,89.32058715820312,6559000,98.87200927734375,15040800
2022-05-18,28720.271484375,31285268319.0,1916.6561279296875,17740965589.0,3923.679931640625,5103220000,185.24537658691406,4712200,89.67899322509766,6093800,100.97972869873047,21337300
2022-05-19,30314.333984375,33773447707.0,2018.336181640625,18734247914.0,3900.7900390625,5113550000,184.42388916015625,5710900,89.90628814697266,10504300,101.22159576416016,21937500
2022-05-20,29200.740234375,30749382605.0,1961.315673828125,15892482289.0,3901.360107421875,5130730000,184.42388916015625,5153300,90.17725372314453,6731400,102.37046813964844,22780900
2022-05-23,29098.91015625,31483454557.0,1972.181884765625,16434529708.0,3973.75,4420030000,187.57757568359375,5018000,89.88005065917969,8007200,100.68602752685547,15925200
2022-05-24,29655.5859375,26616506245.0,1978.9827880859375,13057109007.0,3941.47998046875,4923190000,185.6985626220703,4788700,90.57061767578125,10332300,102.67282104492188,23388200
2022-05-25,29562.361328125,27525063551.0,1944.827880859375,13364545730.0,3978.72998046875,4802560000,187.76641845703125,4921900,90.94650268554688,7718100,103.07878875732422,14410800
2022-05-26,29267.224609375,36774325352.0,1803.913330078125,23458681818.0,4057.840087890625,4709970000,191.60934448242188,4216700,90.87660217285156,5720000,102.6123275756836,14912900
2022-05-27,28627.57421875,36582005748.0,1724.9228515625,25470760032.0,4158.240234375,4375620000,196.46261596679688,4381100,91.02518463134766,5496300,102.86280822753906,11190400
2022-05-31,31792.310546875,33538210634.0,1942.3280029296875,18363115560.0,4132.14990234375,6822640000,194.84800720214844,4100900,90.44825744628906,10491700,100.68602752685547,28393700
2022-06-01,29799.080078125,41135817341.0,1823.5693359375,21037797760.0,4101.22998046875,4531800000,193.5638885498047,3087800,90.07694244384766,8056700,100.57093048095703,15544800
2022-06-02,30467.48828125,29083562061.0,1834.1505126953125,17065041354.0,4176.81982421875,4405790000,197.5106658935547,2977800,90.1907730102539,7456800,100.62283325195312,9832000
2022-06-03,29704.390625,26175547452.0,1775.07861328125,14878001811.0,4108.5400390625,3711110000,194.35704040527344,2694100,90.04190063476562,6561100,100.40652465820312,15330400
2022-06-06,31370.671875,31947336829.0,1859.2896728515625,16518471852.0,4121.43017578125,4332700000,194.93301391601562,2745500,89.4902114868164,5144500,98.5546646118164,20815400
2022-06-07,31155.478515625,40770974039.0,1814.04833984375,24020076750.0,4160.68017578125,4248210000,197.04803466796875,3350500,89.83171844482422,5620200,99.6190414428711,14278700
2022-06-08,30214.35546875,30242059107.0,1793.572265625,18041476023.0,4115.77001953125,4159470000,194.83856201171875,2187200,89.46393585205078,4150800,98.73639678955078,11476100
2022-06-09,30111.998046875,21692004719.0,1789.8260498046875,12013083393.0,4017.820068359375,4134170000,190.1741485595703,3061100,89.36759948730469,5423500,99.0652084350586,15527300
2022-06-10,29083.8046875,29867476527.0,1665.042236328125,18504740451.0,3900.860107421875,4889640000,184.5277557373047,5703800,88.67578887939453,7830000,98.45082092285156,21917100
2022-06-13,22487.388671875,68204556440.0,1204.582763671875,45162788786.0,3749.6298828125,5636890000,176.99293518066406,10468300,87.2220687866211,9479000,95.36151123046875,36968300
2022-06-14,22206.79296875,50913575242.0,1211.662841796875,33327826525.0,3735.47998046875,5153890000,176.49249267578125,7045900,86.70537567138672,10943400,94.15868377685547,21865900
2022-06-15,22572.83984375,54912007015.0,1233.2064208984375,37539999450.0,3789.989990234375,5530480000,179.06076049804688,5011700,87.66867065429688,10979000,95.91535949707031,25202800
2022-06-16,20381.650390625,31183975654.0,1067.730712890625,18907671369.0,3666.77001953125,5644930000,172.81005859375,8225100,87.87886810302734,9329900,96.67687225341797,26067300
2022-06-17,20471.482421875,27132421514.0,1086.519287109375,14591486540.0,3674.840087890625,8520740000,173.4615936279297,5252700,87.8700942993164,9892200,96.9884033203125,21614300
2022-06-21,20710.59765625,28970212744.0,1124.8245849609375,15632089439.0,3764.7900390625,5292260000,177.66336059570312,6103400,87.51980590820312,9022500,95.34423065185547,17663800
2022-06-22,19987.029296875,28574793478.0,1051.421875,15010593493.0,3759.889892578125,5058990000,177.63499450683594,7321300,88.26417541503906,9437000,97.96623229980469,23703800
2022-06-23,21085.876953125,26188097173.0,1143.38671875,14657862919.0,3795.72998046875,5098640000,179.24560546875,6675800,88.63198852539062,7773900,98.77099609375,20669200
2022-06-24,21231.65625,24957784918.0,1226.8447265625,16981552654.0,3911.739990234375,8120260000,185.037841796875,3856400,88.49186706542969,7389600,97.40373992919922,18161300
2022-06-27,20735.478515625,20965695707.0,1193.6806640625,12492225250.0,3900.110107421875,4325310000,184.46900939941406,5950400,88.09778594970703,8319700,96.57301330566406,12053000
2022-06-28,20280.634765625,21381535161.0,1144.5792236328125,14023205651.0,3821.550048828125,4270120000,180.66757202148438,6012700,88.13282012939453,6540000,97.02297973632812,13706600
2022-06-29,20104.0234375,23552740328.0,1098.94384765625,15386286815.0,3818.830078125,4211240000,180.36424255371094,4155800,88.6407470703125,7326500,98.537353515625,12925400
2022-06-30,19784.7265625,26267239923.0,1067.298828125,16350755497.0,3785.3798828125,4840070000,178.80953979492188,4250300,89.0435562133789,7521300,99.40272521972656,25802100
2022-07-01,19269.3671875,30767551159.0,1059.767333984375,17499453625.0,3825.330078125,4046950000,180.6959991455078,3223100,89.78578186035156,7393100,100.42324829101562,21858800
2022-07-05,20190.115234375,26715546990.0,1134.541015625,16195518291.0,3831.389892578125,5076590000,181.34063720703125,3986100,89.9524917602539,6813100,101.2122802734375,16689700
2022-07-06,20548.24609375,24598943708.0,1186.9739990234375,15373536703.0,3845.080078125,4417720000,181.70089721679688,2981000,89.34713745117188,6647700,99.51285552978516,20205400
2022-07-07,21637.587890625,25814972520.0,1237.5933837890625,14230795894.0,3902.6201171875,4057770000,184.69654846191406,2919300,89.14533996582031,8226500,98.6370849609375,13088000
2022-07-08,21731.1171875,49899834488.0,1222.5062255859375,16315929082.0,3899.3798828125,3521620000,184.5069580078125,2799200,88.81197357177734,5270100,97.54459381103516,15320000
2022-07-11,19970.556640625,24150249025.0,1097.236572265625,12064180410.0,3854.429931640625,3423480000,182.17491149902344,3033800,89.22432708740234,5758400,99.2266845703125,13639900
2022-07-12,19323.9140625,25810220018.0,1038.191650390625,12583282453.0,3818.800048828125,3817210000,180.6011962890625,2640300,89.34713745117188,6690500,99.8163070678711,18547300
2022-07-13,20212.07421875,33042430345.0,1113.587158203125,18302588147.0,3801.780029296875,4109390000,179.81442260742188,3322400,89.67176055908203,6534700,100.96080780029297,20594800
2022-07-14,20569.919921875,31158743333.0,1191.5262451171875,16688640823.0,3790.3798828125,4199690000,179.01809692382812,3355600,89.35591888427734,6233300,100.1371078491211,15665000
2022-07-15,20836.328125,25905575359.0,1233.129150390625,17411448225.0,3863.159912109375,4143800000,182.4972381591797,2914600,89.70683288574219,8640400,100.70069885253906,16022600
2022-07-18,22485.689453125,39974475562.0,1578.7178955078125,27440420623.0,3830.85009765625,4046870000,181.23638916015625,3974200,89.41732788085938,6006400,99.65157318115234,15838300
2022-07-19,23389.43359375,48765202697.0,1542.9752197265625,27753529276.0,3936.68994140625,4041070000,186.29864501953125,3287500,89.29446411132812,5936200,99.11397552490234,9276800
2022-07-20,23231.732421875,42932549127.0,1520.20068359375,22942708340.0,3959.89990234375,4185300000,187.8059539794922,3332400,89.23308563232422,6124000,99.37409210205078,9117300
2022-07-21,23164.62890625,33631012204.0,1576.74951171875,20009556587.0,3998.949951171875,4132790000,189.66403198242188,2929300,89.97879791259766,5920000,101.09086608886719,14754900
2022-07-22,22714.978515625,31421555646.0,1537.4051513671875,18926100582.0,3961.6298828125,3979240000,187.60684204101562,2717400,90.68069458007812,7323100,102.7903060913086,17715300
2022-07-25,21361.701171875,35574561406.0,1445.3834228515625,20585056021.0,3966.840087890625,3568340000,187.86285400390625,2997100,90.3472900390625,3729500,101.78453063964844,24868100
2022-07-26,21239.75390625,28624673855.0,1441.8067626953125,18238563509.0,3921.050048828125,3778950000,185.54029846191406,2918500,90.32976531982422,6312200,101.8625717163086,13536000
2022-07-27,22930.548828125,31758955233.0,1636.232666015625,23007524016.0,4023.610107421875,4112180000,190.4129180908203,2902200,90.64559936523438,5431400,101.29029846191406,15725600
2022-07-28,23843.88671875,40212386158.0,1725.4681396484375,27231399966.0,4072.429931640625,4413000000,192.89663696289062,2670700,91.2947769165039,6473800,102.09667205810547,16637900
2022-07-29,23804.6328125,35887249746.0,1727.406982421875,23249531113.0,4130.2900390625,4616360000,195.52261352539062,3342400,91.30355834960938,7674600,101.8192138671875,16655900
2022-08-01,23314.19921875,25849159141.0,1635.19580078125,16191371176.0,4118.6298828125,4202810000,195.06753540039062,3531500,91.62000274658203,7733700,104.27136993408203,17974600
2022-08-02,22978.1171875,28389250717.0,1632.9454345703125,20426082309.0,4091.18994140625,4727710000,194.0153045654297,3020900,90.6794662475586,6869400,102.0650405883789,17896300
2022-08-03,22846.5078125,26288169966.0,1618.87451171875,16786218830.0,4155.169921875,4351760000,197.13417053222656,2827100,91.08382415771484,6261700,103.67202758789062,16731200
2022-08-04,22630.95703125,25120229769.0,1608.205810546875,14467440626.0,4151.93994140625,4283320000,196.94454956054688,2261800,91.3035888671875,5199700,103.63726043701172,11003000
2022-08-05,23289.314453125,28881249043.0,1732.254638671875,18546491876.0,4145.18994140625,4085940000,196.878173828125,2758900,90.2839126586914,4847100,101.17034912109375,19492300
2022-08-08,23809.486328125,28575544847.0,1775.51611328125,16841424404.0,4140.06005859375,4221090000,197.0583038330078,3024200,90.69705200195312,3425000,102.80338287353516,17476300
2022-08-09,23164.318359375,23555719219.0,1703.0250244140625,16368619692.0,4122.47021484375,3913090000,195.8164520263672,1829500,90.494873046875,3854000,102.40382385253906,8223200
2022-08-10,23947.642578125,32837431722.0,1851.74267578125,23512477984.0,4210.240234375,4546010000,200.281494140625,2878200,90.72342681884766,7156200,101.73495483398438,14665300
2022-08-11,23957.529296875,37127036580.0,1881.22412109375,23826986482.0,4207.27001953125,4630200000,200.2909698486328,2835000,90.2399673461914,8518200,99.36357879638672,20663800
2022-08-12,24402.818359375,27265804688.0,1957.2464599609375,17168141904.0,4280.14990234375,3788010000,203.7606201171875,2366500,90.64429473876953,3643400,100.37118530273438,12178400
2022-08-15,24136.97265625,35123501685.0,1904.2281494140625,20349931313.0,4297.14013671875,3696830000,204.5569305419922,4479200,90.75860595703125,3782900,100.2843017578125,9031800
2022-08-16,23883.291015625,27753685646.0,1878.139404296875,15637578930.0,4305.2001953125,4329820000,204.99298095703125,2835600,90.62671661376953,4976100,100.70130157470703,11066000
2022-08-17,23335.998046875,30931623076.0,1832.9996337890625,20308508124.0,4274.0400390625,3885030000,203.1538848876953,4007900,90.09053039550781,7222300,99.65021514892578,14131300
2022-08-18,23212.73828125,23747613147.0,1847.0078125,14999352229.0,4283.740234375,3340330000,203.684814453125,1640200,90.2839126586914,4260600,99.79788208007812,10738200
2022-08-19,20877.552734375,40509610260.0,1612.9873046875,25906358731.0,4228.47998046875,3761340000,200.7744140625,2555000,89.65099334716797,4575500,98.1908950805664,16330900
2022-08-22,21398.908203125,31666498758.0,1622.505859375,18557078599.0,4137.990234375,3907430000,196.4800262451172,3142900,89.2642593383789,7133200,97.86083984375,10457200
2022-08-23,21528.087890625,31878280659.0,1662.7698974609375,18322041914.0,4128.72998046875,3823520000,196.11033630371094,2856400,89.22908782958984,7369600,97.32225799560547,17813200
2022-08-24,21395.01953125,31962253368.0,1657.0592041015625,16780932907.0,4140.77001953125,3583630000,196.93508911132812,1790900,88.99176025390625,6318900,96.61000061035156,13971600
2022-08-25,21600.904296875,31028679593.0,1696.45703125,14818795695.0,4199.1201171875,3566870000,199.7884979248047,1874100,89.48402404785156,8217300,97.95638275146484,21429700
2022-08-26,20260.01953125,42326789564.0,1507.7828369140625,26713710143.0,4057.659912109375,3832750000,193.17156982421875,3550200,89.31698608398438,5584800,98.6947250366211,18764400
2022-08-29,20297.994140625,32637854078.0,1553.037353515625,17965837488.0,4030.610107421875,3396510000,191.75904846191406,3529100,88.88629913330078,7509000,97.87820434570312,14278300
2022-08-30,19796.80859375,34483360283.0,1523.8388671875,21835784470.0,3986.159912109375,3835860000,189.6260986328125,4799400,89.00055694580078,6573600,98.12139892578125,14346600
2022-08-31,20049.763671875,33225232872.0,1553.6849365234375,20591680941.0,3955.0,4542490000,188.2325439453125,2911400,88.52588653564453,6116500,97.18328094482422,13623500
2022-09-01,20127.140625,30182031010.0,1586.1767578125,16434276817.0,3966.85009765625,4152250000,188.3463134765625,4555800,88.14186096191406,8961600,95.40404510498047,22490400
2022-09-02,19969.771484375,29123998928.0,1577.220458984375,17708478709.0,3924.260009765625,3665850000,186.478759765625,3810400,88.39725494384766,5966800,95.94374084472656,13024400
2022-09-06,18837.66796875,43403978910.0,1561.74853515625,22946059125.0,3908.18994140625,4127340000,185.72039794921875,5382900,87.56932830810547,5341300,93.56733703613281,24648500
2022-09-07,19290.32421875,35239757134.0,1629.9063720703125,19560363854.0,3979.8701171875,3890320000,189.15208435058594,3032400,88.17705535888672,3607100,95.04714965820312,17050100
2022-09-08,19329.833984375,32194477850.0,1635.34765625,17621046717.0,4006.179931640625,3966850000,190.64991760253906,2971300,87.89521026611328,5546200,94.07218933105469,14671400
2022-09-09,21381.15234375,48469528171.0,1719.08544921875,20242323690.0,4067.360107421875,3901940000,193.8162078857422,2953400,87.88642883300781,7496100,94.28112030029297,12529800
2022-09-12,22370.44921875,50212088965.0,1713.7652587890625,17688391310.0,4110.41015625,3814200000,195.90176391601562,2736900,87.75430297851562,8535500,93.50643157958984,14806900
2022-09-13,20296.70703125,51091116622.0,1580.7879638671875,23066821734.0,3932.68994140625,4224550000,187.483642578125,5190300,87.26105499267578,4957400,93.72402954101562,22158900
2022-09-14,20241.08984375,37872380889.0,1634.7550048828125,17897150206.0,3946.010009765625,4293240000,188.21359252929688,2793400,87.37554931640625,7557300,94.04609680175781,13077800
2022-09-15,19701.2109375,36389011503.0,1471.6934814453125,26946275878.0,3901.35009765625,4441830000,186.20384216308594,2491000,87.11132049560547,6016600,93.98516845703125,10260200
2022-09-16,19772.583984375,30123362273.0,1432.44775390625,16764804299.0,3873.330078125,7954650000,184.5069580078125,4966100,87.04964447021484,6965400,93.20174407958984,18903800
2022-09-19,19544.12890625,40177002624.0,1377.5413818359375,18712714223.0,3899.889892578125,3766850000,185.815185546875,3346700,86.91753387451172,5982200,93.41936492919922,11084400
2022-09-20,18890.7890625,36791346508.0,1324.38818359375,14722317220.0,3855.929931640625,4058050000,183.6537628173828,3244200,86.5300064086914,11271700,92.48793029785156,20133800
2022-09-21,18547.400390625,46363793975.0,1252.6077880859375,20643507800.0,3789.929931640625,4078330000,180.5159149169922,3060200,86.80304718017578,7094400,94.03738403320312,23132900
2022-09-22,19413.55078125,41135767926.0,1327.68017578125,18461527259.0,3757.989990234375,4284600000,178.49668884277344,5279700,85.87820434570312,7092400,91.63487243652344,29030600
2022-09-23,19297.638671875,38896078052.0,1328.259521484375,18771106339.0,3693.22998046875,5144270000,175.4178924560547,8249900,85.61393737792969,11059300,92.0091781616211,23042200
2022-09-26,19222.671875,44148798321.0,1335.3201904296875,16034549271.0,3655.0400390625,4886140000,173.49485778808594,6603500,84.512939453125,9009900,90.25083923339844,25104600
2022-09-27,19110.546875,58571439619.0,1330.127685546875,17870598937.0,3647.2900390625,4577740000,173.23777770996094,6910700,84.15182495117188,11440200,87.8744125366211,34609500
2022-09-28,19426.720703125,53071298734.0,1337.410888671875,18994979566.0,3719.0400390625,4684850000,176.88400268554688,6929100,85.50823211669922,10539800,90.81661224365234,39283100
2022-09-29,19573.05078125,41037843771.0,1335.65234375,13796915736.0,3640.469970703125,4681810000,173.20924377441406,8241100,85.05904388427734,8666100,90.34660339355469,19127100
2022-09-30,19431.7890625,43975248085.0,1327.9786376953125,14250100093.0,3585.6201171875,5645360000,170.85777282714844,8431700,84.85645294189453,14376300,89.18016815185547,26485700
2022-10-03,19623.580078125,30484729489.0,1323.439208984375,10153070907.0,3678.429931640625,4806680000,175.19891357421875,7321600,85.5458984375,9617900,90.59718322753906,27192200
2022-10-04,20336.84375,35887278685.0,1362.1265869140625,10139774963.0,3790.929931640625,5146580000,180.8253631591797,6212800,85.775390625,6964200,90.34415435791016,13788700
2022-10-05,20160.716796875,33223790572.0,1352.837158203125,9774451820.0,3783.280029296875,4293180000,180.4826202392578,4548100,85.32520294189453,9512800,89.48030090332031,20522100
2022-10-06,19955.443359375,34711412966.0,1351.70947265625,12033514861.0,3744.52001953125,4252100000,178.75949096679688,3784100,84.98975372314453,5625100,88.98295593261719,13965700
2022-10-07,19546.849609375,29227315390.0,1332.5169677734375,10061619355.0,3639.659912109375,4449660000,173.64715576171875,4780100,84.53956604003906,6149600,88.11912536621094,14814800
2022-10-10,19141.484375,27425022774.0,1291.337646484375,8794491050.0,3612.389892578125,3834320000,172.26673889160156,4304000,84.15998077392578,4074700,86.74919891357422,15652600
2022-10-11,19051.41796875,28711532910.0,1279.57568359375,9274845260.0,3588.840087890625,4759030000,171.1623992919922,4419100,84.21293640136719,8892800,87.13312530517578,33246700
2022-10-12,19157.4453125,24950173846.0,1294.9063720703125,8355638578.0,3577.030029296875,4006830000,170.69593811035156,5016700,84.2835922241211,5651200,87.5606689453125,21447600
2022-10-13,19382.904296875,44219840004.0,1288.1239013671875,17499038202.0,3669.909912109375,5021680000,174.93238830566406,5626900,84.01876068115234,6254400,86.72303771972656,30292500
2022-10-14,19185.65625,38452356727.0,1297.422119140625,13113767755.0,3583.070068359375,4243030000,170.81016540527344,3798800,83.55972290039062,8580700,86.00751495361328,18728200
2022-10-17,19550.7578125,27472552998.0,1331.713623046875,9401189650.0,3677.949951171875,4352780000,175.37030029296875,4025800,83.73626708984375,5460600,85.58871459960938,18969900
2022-10-18,19334.416015625,30580012344.0,1310.447021484375,10416747806.0,3719.97998046875,4483740000,177.5123291015625,3906800,83.87748718261719,6389100,85.78938293457031,16931500
2022-10-19,19139.53515625,22425387184.0,1285.7442626953125,8350692785.0,3695.159912109375,4223800000,175.9986114501953,2589100,83.15365600585938,6316100,84.22753143310547,25431600
2022-10-20,19053.740234375,24493974420.0,1283.200927734375,9009111996.0,3665.780029296875,4496620000,174.4753875732422,2636200,82.65052032470703,9012900,82.78780364990234,25434900
2022-10-21,19172.46875,32459287866.0,1299.9464111328125,10412565245.0,3752.75,5078020000,178.492919921875,3381200,82.77407836914062,8371100,81.29576110839844,46280300
2022-10-24,19345.572265625,30202235805.0,1344.99853515625,13092820173.0,3797.340087890625,4747930000,180.41595458984375,4527800,82.65933227539062,6090400,80.62389373779297,31332600
2022-10-25,20095.857421875,47761524910.0,1461.6654052734375,25367291294.0,3859.110107421875,4843120000,183.68136596679688,3287100,83.4714126586914,11710400,82.97103881835938,31213100
2022-10-26,20770.44140625,58895950537.0,1566.566650390625,32705548427.0,3830.60009765625,4817310000,182.5484619140625,4091100,83.84217071533203,7884100,84.16643524169922,24843900
2022-10-27,20285.8359375,49625110402.0,1514.3748779296875,22813499245.0,3807.300048828125,4687320000,181.69166564941406,3556300,84.26590728759766,6913500,85.04774475097656,20270000
2022-10-28,20595.3515625,43994715910.0,1555.4779052734375,19974623205.0,3901.06005859375,4459410000,185.91860961914062,3178800,84.05403900146484,6229200,84.46309661865234,22244100
2022-10-31,20495.7734375,45668466815.0,1572.7144775390625,19306919714.0,3871.97998046875,4820620000,184.7190704345703,5053900,83.77157592773438,10946400,83.86104583740234,23956700
2022-11-01,20485.2734375,39819303159.0,1579.70458984375,14507311208.0,3856.10009765625,4481210000,184.1478729248047,9873800,83.92729187011719,8096800,84.644775390625,17585100
2022-11-02,20159.50390625,55552169483.0,1519.7117919921875,23254218281.0,3759.68994140625,4899000000,179.30209350585938,4686000,83.7857437133789,8584100,84.27739715576172,25010500
2022-11-03,20209.98828125,43228750179.0,1531.541748046875,14248351007.0,3719.889892578125,4625290000,177.58848571777344,3935600,83.4760513305664,9314800,83.82255554199219,29097500
2022-11-04,21147.23046875,64072727950.0,1645.0933837890625,20806964347.0,3770.550048828125,5400180000,179.8733673095703,3586200,83.46720123291016,6918300,82.4142837524414,23561400
2022-11-07,20602.81640625,53510852236.0,1568.59130859375,15279963349.0,3806.800048828125,4341620000,181.5107879638672,3420000,83.20177459716797,7597200,81.59209442138672,14522800
2022-11-08,18541.271484375,118992465607.0,1332.8355712890625,42048003440.0,3828.110107421875,4607640000,182.4628143310547,4847500,83.55569458007812,5834900,82.48428344726562,20360600
2022-11-09,15880.7802734375,102905151606.0,1100.1697998046875,38864492427.0,3748.570068359375,4645010000,178.53097534179688,13959600,83.65300750732422,6694200,82.7553939819336,15637500
2022-11-10,17586.771484375,83202283721.0,1299.464599609375,28581002122.0,3956.3701171875,5781260000,188.6318359375,3981600,85.44905090332031,8494800,85.9393539428711,45380900
2022-11-11,17034.29296875,55871616488.0,1287.2210693359375,20920539099.0,3992.929931640625,5593310000,190.55491638183594,4550200,85.38712310791016,4953100,85.62447357177734,15943100
2022-11-14,16618.19921875,49630243054.0,1241.604248046875,15028035663.0,3957.25,4561930000,188.83177185058594,4248200,85.14823150634766,7457600,85.41454315185547,13741100
2022-11-15,16884.61328125,36599436183.0,1251.7362060546875,11798011594.0,3991.72998046875,5015310000,190.74530029296875,4606200,85.77641296386719,7962000,86.79654693603516,26608200
2022-11-16,16669.439453125,33925512989.0,1215.6025390625,11939561598.0,3958.7900390625,4165320000,188.80322265625,2905000,86.3072509765625,11075000,88.69465637207031,28507700
2022-11-17,16687.517578125,27868914022.0,1200.80859375,9723646871.0,3946.56005859375,4051780000,188.01304626464844,3704700,85.94449615478516,6889000,87.75872802734375,24528900
2022-11-18,16697.77734375,26862218609.0,1212.30029296875,7979913378.0,3965.340087890625,4037360000,188.89842224121094,3039000,85.82064819335938,4714900,87.15516662597656,14941300
2022-11-21,15787.2841796875,37429485518.0,1108.35302734375,14080099208.0,3949.93994140625,3850690000,188.0986785888672,2961700,85.76757049560547,6829100,87.5225601196289,15534000
2022-11-22,16189.76953125,30726828760.0,1135.1734619140625,12040670755.0,4003.580078125,3887990000,190.56443786621094,3390300,86.20997619628906,8039000,88.76463317871094,18103100
2022-11-23,16610.70703125,32958875628.0,1183.1995849609375,11242676044.0,4027.260009765625,3279720000,191.7258758544922,2685700,86.72309112548828,5885600,90.31285858154297,23234600
2022-11-25,16521.841796875,18678255976.0,1198.9259033203125,5483308196.0,4026.1201171875,1706460000,191.86866760253906,1289100,86.74079132080078,2718600,90.00669860839844,9486100
2022-11-28,16217.322265625,27743025156.0,1170.086181640625,7275411870.0,3963.93994140625,3615430000,188.75559997558594,3365800,86.5992202758789,7920700,90.2603530883789,14563200
2022-11-29,16444.982421875,23581685468.0,1216.9012451171875,7639405818.0,3957.6298828125,3546040000,188.4604949951172,2640700,86.28958892822266,6643300,89.20198059082031,16576400
2022-11-30,17168.56640625,29523576583.0,1295.6885986328125,9836925304.0,4080.110107421875,6579360000,194.2677459716797,4201300,86.96195983886719,8963500,89.85800170898438,21581700
2022-12-01,16967.1328125,22895392882.0,1276.27392578125,6857935276.0,4076.570068359375,4527130000,194.38201904296875,4354300,87.68560028076172,12471300,92.72860717773438,53156800
2022-12-02,17088.66015625,19539705127.0,1294.3033447265625,6213645709.0,4071.699951171875,4012620000,194.2010955810547,2917100,88.0491943359375,6368000,93.89470672607422,24479500
2022-12-05,16974.826171875,22209086834.0,1259.6767578125,6120359523.0,3998.840087890625,4280820000,190.38352966308594,3840500,87.35749816894531,8072500,92.57954406738281,20159700
2022-12-06,17089.50390625,19889922369.0,1271.65380859375,5089212680.0,3941.260009765625,4368380000,187.5275115966797,3901000,87.61466217041016,7660100,93.7719497680664,21754500
2022-12-07,16848.126953125,19675404389.0,1232.4375,5752205180.0,3933.919921875,4118050000,187.22288513183594,3438100,88.39501953125,6752900,95.9814682006836,30546700
2022-12-08,17233.474609375,20496603770.0,1281.1163330078125,6227269815.0,3963.510009765625,4006900000,188.84129333496094,3982600,88.12899780273438,6307200,95.71842193603516,13377300
2022-12-09,17133.15234375,20328426366.0,1264.2847900390625,5706183865.0,3934.3798828125,3888260000,187.26097106933594,3784900,87.60578918457031,8994400,93.22836303710938,25872200
2022-12-12,17206.4375,19617581341.0,1274.6190185546875,5151109364.0,3990.56005859375,3904130000,189.95513916015625,3931600,87.62352752685547,10384200,93.52645874023438,16897100
2022-12-13,17781.318359375,26634741631.0,1320.5491943359375,8812883119.0,4019.64990234375,5079360000,191.37364196777344,4191900,88.20882415771484,9120600,94.42955017089844,23854700
2022-12-14,17815.650390625,25534481470.0,1309.3287353515625,7830915428.0,3995.320068359375,4472340000,190.30740356445312,3331200,88.40389251708984,10624000,94.8328628540039,19517500
2022-12-15,17364.865234375,20964448341.0,1266.3538818359375,6032859783.0,3895.75,4493900000,185.5663299560547,5537100,88.53366088867188,9423900,95.2029037475586,20246200
2022-12-16,16647.484375,24031608960.0,1168.2593994140625,9297811507.0,3852.360107421875,7493660000,183.44337463378906,4755400,88.3026123046875,7546100,94.13941955566406,20838300
2022-12-19,16439.6796875,17221074814.0,1167.60986328125,4943628091.0,3817.659912109375,3969610000,181.59645080566406,6433800,87.76040649414062,10351000,92.55741119384766,26126800
2022-12-20,16906.3046875,22722096615.0,1217.70361328125,6684951715.0,3821.6201171875,3985370000,181.97727966308594,5637800,87.16492462158203,10282200,90.91386413574219,28869000
2022-12-21,16817.53515625,14882945045.0,1213.5999755859375,4217182733.0,3878.43994140625,3775200000,184.7285919189453,4973400,87.40489959716797,8489300,91.14236450195312,15894100
2022-12-22,16830.341796875,16441573050.0,1218.18212890625,5297471739.0,3822.389892578125,3956950000,182.1084747314453,5153500,87.37820434570312,8267800,91.12478637695312,11322500
2022-12-23,16796.953125,15329265213.0,1220.159423828125,4835831923.0,3844.820068359375,2819280000,183.1129150390625,4214400,87.07601928710938,4823400,89.78884887695312,15408900
2022-12-27,16717.173828125,15748580239.0,1212.7916259765625,4091530737.0,3829.25,3030300000,182.34756469726562,6037700,86.44496154785156,7925700,88.0134506225586,26475700
2022-12-28,16552.572265625,17005713920.0,1189.986083984375,4991669631.0,3783.219970703125,3083520000,180.05177307128906,5711900,86.29386138916016,12131200,87.49491882324219,17302900
2022-12-29,16642.341796875,14472237479.0,1201.5953369140625,4132233940.0,3849.280029296875,3003680000,183.3616180419922,5425700,86.61384582519531,7763300,88.48807525634766,16593000
2022-12-30,16602.5859375,15929162910.0,1199.2327880859375,4055668253.0,3839.5,2979870000,182.8928680419922,5979800,86.20499420166016,8469000,87.50369262695312,20810200
2023-01-03,16679.857421875,13903079207.0,1214.77880859375,3392972131.0,3824.139892578125,3959140000,182.14674377441406,4092500,86.71160888671875,19930800,89.17361450195312,25313200
2023-01-04,16863.23828125,18421743322.0,1256.526611328125,6404416893.0,3852.969970703125,4414080000,183.7633819580078,3852500,87.19157409667969,10080100,90.39529418945312,21678200
2023-01-05,16836.736328125,13692758566.0,1250.4385986328125,4001786456.0,3808.10009765625,3893450000,181.6110076904297,4150000,87.1204605102539,9682000,90.77322387695312,14771100
2023-01-06,16951.96875,14413662913.0,1269.3790283203125,4977252792.0,3895.080078125,3923560000,185.61917114257812,3184300,88.07148742675781,8503000,92.44314575195312,27473700
2023-01-09,17196.5546875,18624736866.0,1321.5389404296875,7990438824.0,3892.090087890625,4311770000,185.69569396972656,3888300,88.29366302490234,7849600,92.93531799316406,21472200
2023-01-10,17446.29296875,15808338949.0,1336.5860595703125,5830173253.0,3919.25,3851030000,187.15933227539062,2963500,87.9559326171875,7291300,91.39723205566406,20545200
2023-01-11,17934.896484375,18372283782.0,1387.9327392578125,6314904311.0,3969.610107421875,4303360000,189.62734985351562,3435300,88.49809265136719,6102900,92.8825912475586,18794000
2023-01-12,18869.587890625,34971338710.0,1417.9384765625,12230193038.0,3983.169921875,4440260000,190.5457000732422,3552700,89.13805389404297,8342700,94.710693359375,32029600
2023-01-13,19909.57421875,29225029694.0,1451.6148681640625,7684148212.0,3999.090087890625,3939700000,191.35877990722656,2798600,88.80919647216797,6719000,93.82301330566406,17750800
2023-01-17,21161.51953125,24999983362.0,1567.8460693359375,7599462786.0,3990.969970703125,4235560000,191.1005096435547,5426700,88.6491928100586,8174700,93.21656799316406,13911700
2023-01-18,20688.78125,30005625418.0,1515.5069580078125,10354880595.0,3928.860107421875,4298710000,188.08721923828125,3890200,89.52912139892578,7779300,95.47535705566406,35497200
2023-01-19,21086.79296875,21152848261.0,1552.5565185546875,6432638856.0,3898.85009765625,3991500000,186.556640625,2282400,89.3246841430664,8633700,94.87767791748047,17194700
2023-01-20,22676.552734375,28799154319.0,1659.754150390625,8528894754.0,3972.610107421875,4013360000,190.13433837890625,2429300,88.96028900146484,6095800,93.33961486816406,22754100
2023-01-23,22934.431640625,26518700512.0,1628.2510986328125,8264507375.0,4019.81005859375,3945210000,192.54498291015625,3438100,88.7380599975586,6573200,92.90018463134766,12961500
2023-01-24,22636.46875,26405069715.0,1556.604248046875,8180274691.0,4016.949951171875,3320430000,192.22930908203125,2679400,89.12916564941406,6538600,94.2361068725586,16417200
2023-01-25,23117.859375,30685366709.0,1611.7110595703125,10598973448.0,4016.219970703125,3724020000,192.32498168945312,2802000,89.23582458496094,5431000,94.4646224975586,11906500
2023-01-26,23032.77734375,26357839322.0,1603.10595703125,8395315241.0,4060.429931640625,3809590000,194.30516052246094,2806200,89.0847396850586,5399100,94.02517700195312,15549400
2023-01-27,23078.728515625,25383335641.0,1598.156494140625,8124465373.0,4070.56005859375,3907760000,195.0895538330078,4521900,88.9513931274414,5123100,93.78784942626953,11845500
2023-01-30,22840.138671875,27205595568.0,1567.3265380859375,9180418120.0,4017.77001953125,3802000000,192.47802734375,2992300,88.71143341064453,6822000,93.44509887695312,11459700
2023-01-31,23139.283203125,22837828665.0,1586.535400390625,6585191019.0,4076.60009765625,4679320000,195.55825805664062,4827600,89.07584381103516,12083600,94.19213104248047,13705300
2023-02-01,23723.76953125,26683255504.0,1641.792724609375,8116969489.0,4119.2099609375,4856930000,197.94020080566406,4385600,89.70399475097656,11593300,95.324462890625,25305800
2023-02-02,23471.87109375,32066936882.0,1643.2415771484375,10558081069.0,4179.759765625,5624360000,200.89610290527344,3730800,89.8019790649414,9197800,95.44784545898438,19548400
2023-02-03,23449.322265625,27083066007.0,1664.74560546875,8169519805.0,4136.47998046875,4694510000,198.8203125,2854200,88.9377212524414,9083000,94.02032470703125,20619500
2023-02-06,22760.109375,23825006542.0,1616.2470703125,6919871886.0,4111.080078125,4114240000,197.32798767089844,2841700,88.44766998291016,9198900,93.3241958618164,15182400
2023-02-07,23264.291015625,27187964471.0,1672.0035400390625,8030277434.0,4164.0,4355860000,199.81517028808594,3028100,88.29621124267578,6224800,92.57523345947266,18290300
2023-02-08,22939.3984375,25371367758.0,1650.716796875,7806089579.0,4117.85986328125,4029820000,197.68194580078125,2945400,88.42097473144531,4900600,93.01579284667969,13530700
2023-02-09,21819.0390625,32572572185.0,1546.438232421875,10524969124.0,4081.5,4270200000,195.75918579101562,2705900,88.073486328125,5594800,92.13462829589844,20469900
2023-02-10,21651.18359375,27078406594.0,1514.869140625,8397387897.0,4090.4599609375,3891520000,196.11314392089844,2159800,87.69034576416016,5068200,91.10367584228516,16598300
2023-02-13,21808.1015625,23918742607.0,1507.1658935546875,9363855114.0,4137.2900390625,3448620000,198.44720458984375,3467200,87.95762634277344,6832700,91.87031555175781,13134300
2023-02-14,22220.8046875,26792596581.0,1556.8751220703125,9249575045.0,4136.1298828125,3929200000,198.52377319335938,2743400,87.64582824707031,9559500,91.65882110595703,15440300
2023-02-15,24307.841796875,32483312909.0,1673.7459716796875,10015035156.0,4147.60009765625,4075980000,199.4134063720703,2001600,87.47649383544922,6486500,90.80406951904297,15246900
2023-02-16,23623.474609375,39316664596.0,1640.067626953125,12704861676.0,4090.409912109375,4143660000,196.75404357910156,2458800,87.11122131347656,5235600,89.517578125,19267300
2023-02-17,24565.6015625,41358451255.0,1694.7833251953125,9802443159.0,4079.090087890625,4045480000,196.18008422851562,2324000,87.31614685058594,5956300,90.21371459960938,19560900
2023-02-21,24436.353515625,31252098714.0,1658.036376953125,8721608198.0,3997.340087890625,4121590000,192.114501953125,3110800,86.49642181396484,8369600,88.46015930175781,22728000
2023-02-22,24188.84375,30199996781.0,1643.231689453125,9189387004.0,3991.050048828125,4079320000,191.951904296875,3011700,86.72809600830078,5862300,89.27083587646484,15165400
2023-02-23,23947.4921875,30476264066.0,1651.0738525390625,9013236167.0,4012.320068359375,3952940000,192.9754638671875,3440100,87.03993225097656,8527200,90.14322662353516,15829100
2023-02-24,23198.126953125,26811744928.0,1608.3731689453125,8909129423.0,3970.0400390625,3877700000,190.8231201171875,3020600,86.54094696044922,4866800,88.97125244140625,21403600
2023-02-27,23522.87109375,22660763494.0,1634.326416015625,7239824677.0,3982.239990234375,3836950000,191.50230407714844,2850300,86.71027374267578,5040000,89.2179946899414,14209200
2023-02-28,23147.353515625,20535363434.0,1605.8951416015625,6323676957.0,3970.14990234375,5043400000,190.86141967773438,2299100,86.70137023925781,8575000,89.62333679199219,14955700
2023-03-01,23646.55078125,24662841200.0,1663.4337158203125,7701847224.0,3951.389892578125,4249480000,191.32052612304688,4176000,86.20478820800781,9125300,88.66047668457031,19000000
2023-03-02,23475.466796875,20386398516.0,1647.3193359375,7080950926.0,3981.35009765625,4244900000,191.61709594726562,3364000,86.02616119384766,9247400,87.87430572509766,23763600
2023-03-03,22362.6796875,26062404610.0,1569.1676025390625,9922240199.0,4045.639892578125,4084730000,194.73561096191406,2484700,86.7049331665039,7267000,90.0031509399414,30877300
2023-03-06,22429.7578125,17353192895.0,1567.398681640625,5245153345.0,4048.419921875,4000870000,194.4773406982422,3812700,86.49059295654297,4188500,89.30529022216797,16631900
2023-03-07,22219.76953125,22765452204.0,1561.93310546875,6854058349.0,3986.3701171875,3922500000,191.57882690429688,3346700,86.3744888305664,6013200,89.85298156738281,23096500
2023-03-08,21718.080078125,22536575684.0,1534.0882568359375,7130327525.0,3992.010009765625,3535570000,191.82754516601562,1985900,86.28518676757812,8044000,89.94132995605469,20252400
2023-03-09,20363.021484375,30364664171.0,1438.6607666015625,9457897583.0,3918.320068359375,4445260000,188.0393829345703,2974300,86.59776306152344,7054400,90.16214752197266,21550400
2023-03-10,20187.244140625,39578257695.0,1429.1580810546875,12665194936.0,3861.590087890625,5518190000,184.87306213378906,6310500,87.60698699951172,7515700,93.2715072631836,43921500
2023-03-13,24197.533203125,49466362688.0,1680.3089599609375,15711468959.0,3855.760009765625,6558020000,184.10777282714844,6253700,88.30362701416016,10343900,93.48348999023438,51502500
2023-03-14,24746.07421875,54622230164.0,1703.507080078125,16159781303.0,3919.2900390625,5665870000,187.388916015625,4473800,87.78561401367188,8159800,91.9465103149414,38417800
2023-03-15,24375.9609375,43655701450.0,1656.1805419921875,12715339905.0,3891.929931640625,6594010000,185.94442749023438,3855400,88.66087341308594,11133700,93.72200012207031,45164100
2023-03-16,25052.7890625,33866061747.0,1677.2154541015625,9364980166.0,3960.280029296875,5695790000,189.15863037109375,3224900,88.31253814697266,15217800,92.98880004882812,43089300
2023-03-17,27423.9296875,50730261335.0,1792.485107421875,12467445117.0,3916.639892578125,9354280000,186.71926879882812,2902400,88.8663101196289,8277500,94.3844985961914,38129000
2023-03-20,27767.236328125,44774027664.0,1735.3212890625,10978325507.0,3951.570068359375,5347140000,188.3455352783203,2898100,88.50907135009766,6346400,93.55416870117188,24242800
2023-03-21,28175.81640625,36102192830.0,1806.7607421875,10758627746.0,4002.8701171875,4920240000,191.03355407714844,2421700,88.2411117553711,5499100,92.75032043457031,18934900
2023-03-22,27307.4375,33382021890.0,1737.717041015625,12484103560.0,3936.969970703125,4533010000,187.61846923828125,2187900,89.08959197998047,7585400,93.98699188232422,26388500
2023-03-23,28333.97265625,24220433689.0,1816.4051513671875,11012966854.0,3948.719970703125,4991600000,187.96038818359375,2629700,89.3039321899414,9949700,93.98699188232422,25475100
2023-03-24,27493.28515625,25980310960.0,1752.0447998046875,10913669383.0,3970.989990234375,4583970000,189.1417694091797,2324800,89.45576477050781,6217700,94.3844985961914,23652700
2023-03-27,27139.888671875,18188895178.0,1715.4608154296875,8585750760.0,3977.530029296875,4233540000,189.62196350097656,2425400,88.49119567871094,6823400,92.16731262207031,22224500
2023-03-28,27268.130859375,17783600385.0,1772.78564453125,8346890042.0,3971.27001953125,4014600000,189.35305786132812,3678600,88.35722351074219,6356200,92.33514404296875,17794300
2023-03-29,28348.44140625,20684945906.0,1793.0018310546875,9136176952.0,4027.81005859375,4145250000,192.0807647705078,3486500,88.46442413330078,5111300,92.149658203125,16804400
2023-03-30,28033.5625,22435349951.0,1792.7371826171875,9724496987.0,4050.830078125,3930860000,193.11805725097656,2259200,88.56265258789062,4251900,92.57366180419922,14315800
2023-03-31,28478.484375,19001327598.0,1822.0220947265625,9149379763.0,4109.31005859375,4525120000,196.02821350097656,2986300,88.99134826660156,8521600,93.96049499511719,25396700
2023-04-03,27790.220703125,19556501327.0,1810.297119140625,9643826401.0,4124.509765625,4234700000,196.54684448242188,3068200,89.37815856933594,7567100,94.40237426757812,18234800
2023-04-04,28168.08984375,15284538859.0,1871.005126953125,10398322335.0,4100.60009765625,4227800000,195.2310333251953,2881800,89.70945739746094,8925200,94.87175750732422,18052400
2023-04-05,28177.984375,17052315986.0,1909.114013671875,10319231689.0,4090.3798828125,3968020000,194.5203094482422,3119400,90.01387786865234,9883500,95.86360931396484,23047700
2023-04-06,28044.140625,13837809380.0,1872.922607421875,8263191830.0,4105.02001953125,3486690000,195.163818359375,1989800,89.93329620361328,6105200,96.11156463623047,16447300
2023-04-10,29652.98046875,19282400094.0,1911.20751953125,8380134275.0,4109.10986328125,3423650000,195.60560607910156,2545300,89.31548309326172,4478000,94.56181335449219,19134400
2023-04-11,30235.05859375,20121259843.0,1892.189697265625,8877222956.0,4108.93994140625,3665830000,195.8072967529297,3389300,89.36921691894531,4543800,94.7566146850586,13971200
2023-04-12,30139.052734375,18651929926.0,1920.68212890625,11010714187.0,4091.949951171875,3633120000,194.98130798339844,2431200,89.4766616821289,7226000,94.65919494628906,20563000
2023-04-13,30399.06640625,17487721001.0,2012.6346435546875,12546950499.0,4146.22021484375,3596590000,197.5168914794922,2197600,89.44082641601562,3964800,93.91534423828125,22079400
2023-04-14,30485.69921875,22659995079.0,2101.635498046875,16298099411.0,4137.64013671875,3575690000,196.9694366455078,4142000,89.00210571289062,4794100,93.05632019042969,19801900
2023-04-17,29445.044921875,17872186762.0,2076.242919921875,9648882546.0,4151.31982421875,3611180000,197.75698852539062,2780400,88.55438995361328,4441300,91.94937896728516,19528800
2023-04-18,30397.552734375,19480529496.0,2104.537353515625,9134015143.0,4154.8701171875,3536640000,197.85304260253906,2784500,88.67975616455078,4753000,92.27703094482422,15922600
2023-04-19,28822.6796875,24571565421.0,1936.4034423828125,13779745451.0,4154.52001953125,3572560000,197.94911193847656,2531400,88.54544067382812,3592900,92.1884536743164,16093900
2023-04-20,28245.98828125,21340360360.0,1943.09765625,11324135406.0,4129.7900390625,3772080000,196.71974182128906,2563100,88.94837188720703,5092400,92.97663879394531,16450100
2023-04-21,27276.91015625,20759504330.0,1849.9998779296875,12044274581.0,4133.52001953125,3611750000,196.89259338378906,2341600,88.79617309570312,5367300,92.45411682128906,15244700
2023-04-24,27525.33984375,17703288330.0,1842.7574462890625,8438191338.0,4137.0400390625,3290940000,196.9694366455078,3704400,89.14533996582031,3256900,93.34857940673828,17034300
2023-04-25,28307.59765625,17733373139.0,1866.753662109375,8677255481.0,4071.6298828125,3978640000,193.6846923828125,2606400,89.70049285888672,5065400,94.72122192382812,21899900
2023-04-26,28422.701171875,31854242019.0,1866.564208984375,14356524696.0,4055.989990234375,3837030000,192.81068420410156,2762300,89.36921691894531,3723600,93.71165466308594,19610400
2023-04-27,29473.787109375,27153445027.0,1908.786376953125,14008145806.0,4135.35009765625,3750550000,196.43161010742188,2254600,89.04686737060547,4018300,92.78180694580078,20247600
2023-04-28,29340.26171875,17544464887.0,1892.5128173828125,7691759733.0,4169.47998046875,4087800000,198.1411895751953,2309100,89.50350189208984,5469900,94.27842712402344,26954100
2023-05-01,28091.568359375,18655599976.0,1831.954833984375,8625783201.0,4167.8701171875,3321370000,198.04515075683594,2838500,88.5870361328125,10631600,91.55992889404297,32487300
2023-05-02,28680.537109375,16432924527.0,1870.789306640625,7536785767.0,4119.580078125,4486130000,195.62478637695312,2700600,89.44874572753906,6085800,93.84160614013672,30057800
2023-05-03,29006.30859375,19122972518.0,1904.65185546875,8306390869.0,4090.75,4246510000,194.4818878173828,2154000,89.84371948242188,5637200,94.36544036865234,23656200
2023-05-04,28847.7109375,15548678514.0,1877.7041015625,6578438233.0,4061.219970703125,4920090000,193.03155517578125,2577600,89.73600769042969,5262200,93.43323516845703,25110500
2023-05-05,29534.384765625,17936566518.0,1995.0609130859375,9498261360.0,4136.25,4186270000,196.5948944091797,1942300,89.44874572753906,4003000,93.12248992919922,15096500
2023-05-08,27694.2734375,19122903752.0,1849.042724609375,9895102899.0,4138.1201171875,3641640000,196.80615234375,2632600,88.95507049560547,5481300,91.81741333007812,20587000
2023-05-09,27658.775390625,14128593256.0,1848.6031494140625,6129516088.0,4119.169921875,3810140000,195.9993896484375,1802500,88.87430572509766,5712200,91.48890686035156,19182500
2023-05-10,27621.755859375,20656025026.0,1842.4014892578125,9945549603.0,4137.64013671875,4057160000,196.86383056640625,2677600,89.44874572753906,4803000,92.37673950195312,22886800
2023-05-11,27000.7890625,16724343943.0,1796.4906005859375,8353828312.0,4130.6201171875,3752900000,196.60446166992188,2108300,89.71803283691406,7703800,93.35332489013672,19147200
2023-05-12,26804.990234375,19313599897.0,1808.019775390625,9047198660.0,4124.080078125,3533740000,196.14344787597656,2252400,89.21537017822266,4285900,92.57203674316406,14198500
2023-05-15,27192.693359375,14413231792.0,1817.5499267578125,6748889346.0,4136.27978515625,3562170000,196.97903442382812,3240000,88.99095916748047,8532600,91.61321258544922,20085300
2023-05-16,27036.650390625,12732238816.0,1824.1214599609375,5595959668.0,4109.89990234375,3654200000,195.45191955566406,1884400,88.78451538085938,6728500,91.33798217773438,29251700
2023-05-17,27398.802734375,15140006925.0,1821.859619140625,6352161579.0,4158.77001953125,4039080000,197.987548828125,2650100,88.64987182617188,6318700,91.0716552734375,21340900
2023-05-18,26832.208984375,15222938600.0,1801.728515625,5673124255.0,4198.0498046875,3980500000,199.95643615722656,2370200,88.23695373535156,4811300,90.39691925048828,25536600
2023-05-19,26890.12890625,11258983301.0,1812.5894775390625,4796110259.0,4191.97998046875,4041900000,199.4761962890625,2683900,88.03948974609375,10285900,89.75768280029297,29038000
2023-05-22,26851.27734375,11056770492.0,1817.5347900390625,4534841049.0,4192.6298828125,3728520000,199.8219451904297,2229400,87.95867919921875,8551100,89.43807220458984,20131100
2023-05-23,27225.7265625,13697203143.0,1854.380615234375,6820047160.0,4145.580078125,4155320000,197.708984375,2386700,88.05741882324219,7641200,89.69551849365234,21749500
2023-05-24,26334.818359375,16299104428.0,1800.0999755859375,7101647419.0,4115.240234375,0,196.18186950683594,2083700,87.8330078125,7719200,89.25162506103516,18473400
2023-05-25,26476.20703125,13851122697.0,1805.9537353515625,6321689859.0,4151.27978515625,4147760000,197.5168914794922,2230400,87.50985717773438,5941300,89.02967071533203,22492800
2023-05-26,26719.291015625,12711619225.0,1828.689697265625,5451414258.0,4205.4501953125,3715460000,200.11972045898438,2347000,87.58170318603516,3889800,89.74880981445312,17030300
2023-05-30,27702.349609375,13251081851.0,1901.026611328125,5363439784.0,4205.52001953125,4228510000,200.1869659423828,2772300,88.16515350341797,7349900,90.6455078125,23125200
2023-05-31,27219.658203125,15656371534.0,1874.1304931640625,5984512548.0,4179.830078125,5980670000,198.98638916015625,2325400,88.47933197021484,10559900,91.43567657470703,23787000
2023-06-01,26819.97265625,14678970415.0,1862.201416015625,5640027197.0,4221.02001953125,4391860000,200.9745330810547,2696700,88.74750518798828,9029800,91.79435729980469,21040400
2023-06-02,27249.58984375,14837415000.0,1907.256591796875,6097746022.0,4282.3701171875,4454200000,204.29766845703125,3018700,88.279541015625,6877200,90.78849792480469,19136500
2023-06-05,25760.09765625,21513292646.0,1811.828369140625,9246593033.0,4273.7900390625,3813290000,203.75982666015625,2249400,88.2705307006836,7246200,90.61935424804688,14433200
2023-06-06,27238.783203125,21929670693.0,1884.494873046875,8704411776.0,4283.85009765625,3996560000,204.69146728515625,2227700,88.37850189208984,3816000,91.1534652709961,14332100
2023-06-07,26345.998046875,19530045082.0,1832.39599609375,7919894455.0,4267.52001953125,4537800000,204.2880859375,2272800,87.91050720214844,5131500,89.80040740966797,25251100
2023-06-08,26508.216796875,11904824295.0,1846.3018798828125,4536041931.0,4293.93017578125,3826740000,205.24853515625,1943100,88.37850189208984,5041900,90.85081481933594,23845100
2023-06-09,26480.375,11015551640.0,1840.2252197265625,4610831509.0,4298.85986328125,3786510000,205.46942138671875,2084600,88.17150115966797,7140700,90.72618865966797,22147400
2023-06-12,25902.5,11677889997.0,1742.5286865234375,6031384958.0,4338.93017578125,3945670000,207.31350708007812,2479900,88.32451629638672,5436300,90.99322509765625,19010300
2023-06-13,25918.728515625,14143474486.0,1739.03759765625,6214125203.0,4369.009765625,4275400000,208.84063720703125,4295700,87.91050720214844,9568100,90.0941390991211,25910800
2023-06-14,25124.67578125,14265717766.0,1650.519287109375,7462905534.0,4372.58984375,4252110000,208.84063720703125,4131000,87.99151611328125,8360100,90.81519317626953,29094200
2023-06-15,25576.39453125,15837384409.0,1665.519775390625,7328564880.0,4425.83984375,4176690000,211.3858184814453,2895100,88.60350799560547,7472000,91.68756866455078,25732000
2023-06-16,26327.462890625,16324646965.0,1716.6688232421875,6281023479.0,4409.58984375,6848600000,210.5886688232422,4763700,88.32451629638672,5653700,91.33149719238281,16759100
2023-06-20,28327.48828125,22211859147.0,1792.1199951171875,7171072578.0,4388.7099609375,4055790000,209.5513458251953,3156500,88.48649597167969,6694200,91.96353149414062,17162900
2023-06-21,30027.296875,33346760979.0,1891.0072021484375,11731457711.0,4365.68994140625,3709330000,208.3988037109375,2713400,88.63050842285156,5579900,92.18607330322266,19720100
2023-06-22,29912.28125,20653160491.0,1872.9429931640625,8477657143.0,4381.89013671875,3511000000,208.95590209960938,2669100,88.17150115966797,7147600,91.07334899902344,23630700
2023-06-23,30695.46875,24115570085.0,1892.862060546875,8290615074.0,4348.330078125,6053620000,207.2272186279297,3338400,88.43250274658203,4792900,91.9813461303711,22901900
2023-06-26,30271.130859375,16493186997.0,1859.432861328125,8619702292.0,4328.81982421875,3415030000,206.50411987304688,2846800,88.5405044555664,10632300,92.07926940917969,12894900
2023-06-27,30688.1640625,16428827944.0,1889.703369140625,7686042202.0,4378.41015625,3573500000,209.02047729492188,2653000,88.36951446533203,7803300,91.83887481689453,18105700
2023-06-28,30086.24609375,14571500779.0,1827.97119140625,7135265016.0,4376.85986328125,3739330000,209.1939697265625,4362100,88.63050842285156,8622900,92.2305908203125,23826800
2023-06-29,30445.3515625,13180860821.0,1852.227294921875,5677228612.0,4396.43994140625,3696660000,210.19668579101562,2857900,87.94654846191406,8877500,90.56594848632812,41091600
2023-06-30,30477.251953125,26387306197.0,1933.18896484375,12895131248.0,4450.3798828125,3923450000,212.3755645751953,3444100,88.15353393554688,13417300,91.6341781616211,32024900
2023-07-03,31156.439453125,15271884873.0,1955.38916015625,7858509087.0,4455.58984375,2034280000,213.01190185546875,2423600,88.04974365234375,3691600,91.11469268798828,16011800
2023-07-05,30514.166015625,12481622280.0,1910.5880126953125,6034088075.0,4446.81982421875,3482620000,212.36595153808594,3341400,87.65270233154297,6046200,90.24888610839844,28170300
2023-07-06,29909.337890625,21129219509.0,1848.636474609375,8905008384.0,4411.58984375,3682020000,210.4762725830078,3404300,87.08425903320312,9534200,88.97248840332031,41375700
2023-07-07,30342.265625,13384770155.0,1870.6025390625,6468885150.0,4398.9501953125,3630480000,210.21597290039062,2771700,87.1023178100586,8311000,88.43695068359375,28996500
2023-07-10,30414.470703125,14828209155.0,1880.556396484375,6336468234.0,4409.52978515625,3429600000,211.13192749023438,2080500,87.34591674804688,8827400,88.552978515625,24665200
2023-07-11,30620.951171875,12151839152.0,1878.3360595703125,4905225892.0,4439.259765625,3624220000,212.79019165039062,2155700,87.53543853759766,5978500,89.00818634033203,20485500
2023-07-12,30391.646484375,14805659717.0,1872.11376953125,6379007000.0,4472.16015625,3920290000,214.4195098876953,3030200,88.24826049804688,7189100,89.99895477294922,31928000
2023-07-13,31476.048828125,23686079548.0,2006.511474609375,11114853969.0,4510.0400390625,3839530000,216.2320556640625,4113300,88.7987060546875,7458500,90.94510650634766,32441500
2023-07-14,30334.068359375,20917902660.0,1939.3470458984375,10627449471.0,4505.419921875,3647450000,215.9138946533203,2914100,88.37460327148438,7208400,90.40953826904297,18569000
2023-07-17,30145.888671875,13240156074.0,1911.6461181640625,6678090758.0,4522.7900390625,3538240000,216.73342895507812,2688200,88.47386169433594,4689500,90.45416259765625,18822000
2023-07-18,29856.5625,13138897269.0,1897.5992431640625,5814708445.0,4554.97998046875,4090010000,218.45916748046875,2916500,88.54605102539062,5593200,90.86475372314453,15407400
2023-07-19,29913.923828125,12128602812.0,1889.0079345703125,6018487800.0,4565.72021484375,4115670000,219.0279541015625,3106700,88.81671905517578,7467900,91.89122009277344,27192500
2023-07-20,29792.015625,14655207121.0,1890.9691162109375,7366830684.0,4534.8701171875,3761770000,217.4468231201172,2651700,88.3565444946289,12562400,90.7754898071289,56951200
2023-07-21,29908.744140625,10972789818.0,1892.080078125,4668158260.0,4536.33984375,3570190000,217.42759704589844,2296800,88.41970825195312,7605200,90.80225372314453,20657500
2023-07-24,29176.916015625,15395817395.0,1850.0020751953125,6344373569.0,4554.64013671875,3856250000,218.19886779785156,2291700,88.2573013305664,6656600,90.4720230102539,17546700
2023-07-25,29227.390625,10266772793.0,1857.741943359375,4163381707.0,4567.4599609375,3812470000,218.74842834472656,2084400,88.15803527832031,5794800,90.30241394042969,17160600
2023-07-26,29354.97265625,13497554655.0,1872.159912109375,5781548155.0,4566.75,3990290000,218.91229248046875,1985600,88.44679260253906,5907400,90.39169311523438,19310700
2023-07-27,29210.689453125,10770779217.0,1860.357177734375,4291339248.0,4537.41015625,4553210000,217.22511291503906,4730600,87.68882751464844,6937900,88.63330078125,44794400
2023-07-28,29319.24609375,11218474952.0,1874.744873046875,3800973336.0,4582.22998046875,3981010000,219.49075317382812,2257600,88.03169250488281,9233600,89.08853912353516,27434000
2023-07-31,29230.111328125,11656781982.0,1856.162353515625,4391613314.0,4588.9599609375,4503600000,220.1560516357422,2658500,88.13999938964844,11079100,89.302734375,28663800
2023-08-01,29675.732421875,18272392391.0,1871.7921142578125,7634860636.0,4576.72998046875,4042370000,219.5582733154297,2809500,87.55640411376953,8810400,87.83932495117188,34943400
2023-08-02,29151.958984375,19212655598.0,1839.0897216796875,6448512422.0,4513.39013671875,4270710000,216.44418334960938,4239000,87.34828186035156,8551900,86.89954376220703,38121300
2023-08-03,29178.6796875,12780357746.0,1835.136474609375,4710581074.0,4501.89013671875,4149120000,215.8175048828125,2925200,86.76017761230469,7532700,84.89466857910156,59394800
2023-08-04,29074.091796875,12036639988.0,1827.712890625,4861242484.0,4478.02978515625,4143310000,214.901611328125,3024600,87.47496032714844,6400400,86.39832305908203,42071800
2023-08-07,29180.578125,13618163710.0,1826.9388427734375,5837881974.0,4518.43994140625,3493920000,216.55023193359375,2376600,87.4930648803711,9732600,85.54804992675781,35862900
2023-08-08,29765.4921875,17570561357.0,1855.807373046875,5812855406.0,4499.3798828125,3884910000,215.54754638671875,2796400,87.70115661621094,6867300,86.54151916503906,24010500
2023-08-09,29561.494140625,18379521213.0,1854.297607421875,5870081833.0,4467.7099609375,3803100000,214.0049591064453,2203400,87.76449584960938,5634700,86.98905944824219,20151100
2023-08-10,29429.591796875,11865344789.0,1850.75341796875,3760304518.0,4468.830078125,4504370000,214.04351806640625,3033300,87.19449615478516,15516100,85.5569839477539,37253200
2023-08-11,29397.71484375,10195168197.0,1847.1243896484375,3353025102.0,4464.0498046875,3753290000,213.841064453125,2220400,86.92304992675781,9016700,85.36009216308594,26753500
2023-08-14,29408.443359375,14013695304.0,1844.185791015625,4083364724.0,4489.72021484375,3896410000,214.901611328125,2435100,86.85972595214844,7901300,85.17214965820312,19072000
2023-08-15,29170.34765625,12640195779.0,1826.9327392578125,4483923893.0,4437.85986328125,3832250000,212.46237182617188,2997300,86.62445068359375,6522500,84.65300750732422,24125000
2023-08-16,28701.779296875,14949271904.0,1805.6590576171875,4976573383.0,4404.330078125,3753910000,210.7076873779297,2933500,86.4163818359375,8964600,83.99067687988281,23076700
2023-08-17,26664.55078125,31120851211.0,1684.9334716796875,14208462072.0,4370.35986328125,3943700000,208.9818878173828,3135900,86.32588958740234,8162300,83.6326675415039,32244900
2023-08-18,26049.556640625,24026236529.0,1660.945068359375,9645084584.0,4369.7099609375,3940400000,209.22293090820312,2933300,86.51589965820312,6154600,83.92800903320312,24181700
2023-08-21,26124.140625,13371557893.0,1667.26904296875,5077248383.0,4399.77001953125,3726850000,210.4281005859375,2755400,86.08160400390625,13362300,82.80921173095703,29254100
2023-08-22,26031.65625,14503820706.0,1633.892578125,7244623133.0,4387.5498046875,3522760000,209.86888122558594,2891900,86.17207336425781,6156200,83.44469451904297,21308700
2023-08-23,26431.640625,16985265785.0,1679.2744140625,7191868448.0,4436.009765625,3837270000,212.16348266601562,2560200,86.99544525146484,7831600,85.51222229003906,38294700
2023-08-24,26162.373046875,12871532023.0,1659.944580078125,5104531920.0,4376.31005859375,3723470000,209.31935119628906,3099400,86.7963638305664,8247700,84.94835662841797,22300800
2023-08-25,26047.66796875,12406045118.0,1652.93505859375,5396997823.0,4405.7099609375,3296180000,210.7462615966797,3631000,86.74210357666016,7917900,85.225830078125,23865200
2023-08-28,26106.150390625,11002805166.0,1652.4573974609375,4855588534.0,4433.31005859375,2957230000,212.09600830078125,2364700,86.93209075927734,6544500,85.3153305053711,16037300
2023-08-29,27727.392578125,29368391712.0,1729.7257080078125,11304916729.0,4497.6298828125,3354820000,215.18113708496094,3160300,87.4930648803711,7386300,86.20140838623047,28478100
2023-08-30,27297.265625,16343655235.0,1705.1121826171875,5023904190.0,4514.8701171875,3064110000,216.13563537597656,2420800,87.45687103271484,8752300,86.11190795898438,17550100
2023-08-31,25931.47265625,20181001451.0,1645.63916015625,6593153505.0,4507.66015625,3946360000,215.9042510986328,3044000,87.58352661132812,7230100,86.49678802490234,26959700
2023-09-01,25800.724609375,17202862221.0,1628.4912109375,6104510092.0,4515.77001953125,3246260000,216.61769104003906,3047600,87.12993621826172,8132400,85.1493148803711,32469700
2023-09-05,25779.982421875,11094740040.0,1633.62939453125,4417491902.0,4496.830078125,3526250000,215.32579040527344,2531500,86.65816497802734,6111400,83.9552993774414,29435900
2023-09-06,25753.236328125,12752705327.0,1632.2523193359375,4987397046.0,4465.47998046875,3418850000,213.97604370117188,2473700,86.5765151977539,8379200,84.16180419921875,23636300
2023-09-07,26240.1953125,11088307100.0,1647.5982666015625,4907290296.0,4451.14013671875,3763760000,213.24330139160156,2964700,86.84869384765625,5077800,84.39521026611328,18091500
2023-09-08,25905.654296875,10817356400.0,1636.1378173828125,4598495496.0,4457.490234375,3259290000,213.47467041015625,2244400,86.89405822753906,4774200,84.71839904785156,17052100
2023-09-11,25162.654296875,14600006467.0,1551.6376953125,7693700923.0,4487.4599609375,3369920000,214.81480407714844,2087900,86.79426574707031,4077200,84.10794067382812,17061500
2023-09-12,25833.34375,18657279324.0,1592.429443359375,6813819740.0,4461.89990234375,3435740000,213.7735595703125,2448500,86.82148742675781,4583400,84.59269714355469,20034300
2023-09-13,26228.32421875,13072077070.0,1607.988525390625,4979469106.0,4467.43994140625,3529430000,213.80250549316406,1990000,86.948486328125,5953600,84.57473754882812,23332300
2023-09-14,26539.673828125,13811359124.0,1626.974365234375,5538958553.0,4505.10009765625,3648720000,215.6343231201172,2002400,86.83055114746094,5952800,83.96430969238281,27800600
2023-09-15,26608.693359375,11479735788.0,1641.640380859375,4348584771.0,4450.31982421875,6932230000,213.0986785888672,2639200,86.63094329833984,5667700,83.45260620117188,25642900
2023-09-18,26754.28125,15615339655.0,1637.3470458984375,5916674789.0,4453.52978515625,3161230000,213.1179962158203,2259600,86.75796508789062,6066200,83.92838287353516,17963400
2023-09-19,27211.1171875,13807690550.0,1643.544677734375,4405868861.0,4443.9501953125,3614880000,212.57806396484375,2977800,86.50395202636719,5327900,83.3089828491211,24941800
2023-09-20,27132.0078125,13281116604.0,1622.890625,5156431986.0,4402.2001953125,3308450000,210.69802856445312,2448400,86.45858001708984,6282700,83.56928253173828,29451200
2023-09-21,26567.6328125,13371443708.0,1584.3070068359375,5191732312.0,4330.0,3662340000,207.16419982910156,4190400,85.86890411376953,8028900,81.42372131347656,59958700
2023-09-22,26579.568359375,10578746709.0,1593.268310546875,3460791634.0,4320.06005859375,3349570000,206.7287139892578,3261300,86.23178100585938,7294200,82.07909393310547,29524500
2023-09-25,26298.48046875,11997833257.0,1588.3228759765625,4394930984.0,4337.43994140625,3195650000,207.56089782714844,3440000,85.55136108398438,7485000,80.0591812133789,45587900
2023-09-26,26217.25,9985498161.0,1593.417236328125,3544861160.0,4273.52978515625,3472340000,204.57086181640625,4371900,85.44251251220703,15549200,79.7808837890625,38104100
2023-09-27,26352.716796875,11718380997.0,1597.4912109375,5533036096.0,4274.509765625,3875880000,204.78375244140625,4407300,85.14312744140625,14560500,79.36795806884766,47111200
2023-09-28,27021.546875,14079002707.0,1652.8826904296875,6658092168.0,4299.7001953125,3846230000,206.13848876953125,2952400,85.3971176147461,13334200,79.61034393310547,60238000
2023-09-29,26911.720703125,10396435377.0,1667.94384765625,5529687537.0,4288.0498046875,3865960000,205.53854370117188,4441400,85.31547546386719,13483500,79.61930847167969,49010100
2023-10-02,27530.78515625,19793041322.0,1663.6275634765625,8420552922.0,4288.39013671875,3938660000,205.26756286621094,4358100,84.721435546875,8880000,78.28646087646484,44704300
2023-10-03,27429.978515625,11407814187.0,1656.6856689453125,4742827302.0,4229.4501953125,3953830000,202.2872314453125,4389100,84.0573501586914,12058400,76.6023941040039,71362600
2023-10-04,27799.39453125,11143355314.0,1647.838134765625,5127524863.0,4263.75,3777600000,203.7483673095703,3045400,84.6486587524414,14097800,77.68309783935547,56281600
2023-10-05,27415.912109375,11877253670.0,1611.4764404296875,5403759057.0,4258.18994140625,3581470000,203.6419219970703,2679700,84.70323944091797,7129400,77.29586791992188,35758800
2023-10-06,27946.59765625,13492391599.0,1645.83154296875,4941208729.0,4308.5,3902030000,206.07073974609375,3666300,84.37574768066406,9569500,76.35923767089844,62787900
2023-10-09,27583.677734375,12007668568.0,1579.806640625,7020801716.0,4335.66015625,3174630000,207.3673858642578,2869700,85.24906158447266,4353100,78.1513671875,29424900
2023-10-10,27391.01953125,9973350678.0,1567.7130126953125,5254966125.0,4358.240234375,3520240000,208.6543731689453,3494600,85.16720581054688,14553600,78.04331970214844,54743900
2023-10-11,26873.3203125,13648094333.0,1566.2547607421875,5416504273.0,4376.9501953125,3601660000,209.4768524169922,3033000,85.55839538574219,15347000,79.6733169555664,58517700
2023-10-12,26756.798828125,9392909295.0,1539.6124267578125,5003930677.0,4349.60986328125,3713140000,207.79315185546875,3244200,84.8215103149414,11189800,77.51197052001953,66986700
2023-10-13,26862.375,15165312851.0,1552.0894775390625,4575141511.0,4327.77978515625,3566560000,206.6222686767578,3267700,85.18538665771484,7515500,78.89885711669922,44183800
2023-10-16,28519.466796875,27833876539.0,1600.5343017578125,8846928526.0,4373.6298828125,3409960000,209.02207946777344,3361600,84.71234130859375,6332700,77.62904357910156,38309800
2023-10-17,28415.748046875,14872527508.0,1565.4395751953125,5032686973.0,4373.2001953125,3794850000,209.29302978515625,3627700,84.1028060913086,8198300,76.77351379394531,52949100
2023-10-18,28328.341796875,12724128586.0,1563.7498779296875,4354138855.0,4314.60009765625,3686030000,206.196533203125,3255000,83.711669921875,9352700,76.09806823730469,63724600
2023-10-19,28719.806640625,14448058195.0,1567.45703125,5035110867.0,4278.0,3969730000,204.2515106201172,4322700,83.39325714111328,11552700,74.54012298583984,87696900
2023-10-20,29682.94921875,21536125230.0,1604.6668701171875,6747486127.0,4224.16015625,4004030000,201.72598266601562,4447600,83.69346618652344,6629800,74.96334838867188,52188800
2023-10-23,33086.234375,38363572311.0,1765.3826904296875,14362295879.0,4217.0400390625,3776100000,201.17442321777344,5473000,84.02095794677734,12885800,75.86392974853516,70890400
2023-10-24,33901.52734375,44934999645.0,1784.4375,15888690475.0,4247.68017578125,3821820000,202.6936492919922,3180900,84.32118225097656,9165100,76.8635482788086,46267700
2023-10-25,34502.8203125,25254318008.0,1787.3975830078125,9439066475.0,4186.77001953125,3869370000,199.68423461914062,3454500,83.69346618652344,8904400,75.1524887084961,60737200
2023-10-26,34156.6484375,19427195376.0,1804.039306640625,11196672635.0,4137.22998046875,4277640000,197.6134796142578,4133400,84.25746154785156,11574400,76.30522918701172,49704100
2023-10-27,33909.80078125,16418032871.0,1780.0452880859375,7493399771.0,4117.3701171875,4019500000,196.549072265625,4290700,84.23017120361328,7650000,75.98101806640625,32362300
2023-10-30,34502.36328125,17184860315.0,1810.088623046875,7534051038.0,4166.81982421875,3911140000,198.8133544921875,3562700,84.03006744384766,8166700,75.6387939453125,45026900
2023-10-31,34667.78125,15758270810.0,1816.458984375,6477922747.0,4193.7998046875,4249470000,200.10032653808594,3325300,83.97547912597656,12343600,75.26957702636719,37269200
2023-11-01,35437.25390625,22446272005.0,1847.0897216796875,10628825648.0,4237.85986328125,4224900000,202.1033477783203,5789300,84.90342712402344,14404600,76.90155792236328,72308500
2023-11-02,34938.2421875,20998158544.0,1800.6209716796875,9004197724.0,4317.77978515625,4669780000,206.1190948486328,4111600,85.4144058227539,11166700,78.65467834472656,69739400
2023-11-03,34732.32421875,17158456701.0,1832.795166015625,7622864055.0,4358.33984375,4570960000,208.4414825439453,4217100,85.93450927734375,11890300,79.18782806396484,77692300
2023-11-06,35037.37109375,12693436420.0,1899.83740234375,8104122602.0,4365.97998046875,3656340000,208.52853393554688,2915000,85.5056381225586,8521600,78.41970825195312,41341900
2023-11-07,35443.5625,18834737789.0,1888.124267578125,9203228152.0,4378.3798828125,3791230000,209.14785766601562,3194300,85.96186828613281,7306900,79.57640075683594,37834200
2023-11-08,35655.27734375,17295394918.0,1889.3223876953125,6751627017.0,4382.77978515625,3729510000,209.11883544921875,2813800,86.25383758544922,6932200,80.93189239501953,53893400
2023-11-09,36693.125,37762672382.0,2120.56103515625,24709695029.0,4347.35009765625,3900780000,207.33834838867188,2771200,85.53301239013672,9163200,79.07035827636719,88975100
2023-11-10,37313.96875,22711265155.0,2078.289794921875,14740624457.0,4415.240234375,3665080000,210.4251708984375,3303400,85.73375701904297,6102000,79.51315307617188,36516400
2023-11-13,36502.35546875,19057712790.0,2055.265380859375,14322027970.0,4411.5498046875,3326240000,210.29934692382812,2829400,85.72465515136719,9679500,79.33242797851562,25661500
2023-11-14,35537.640625,23857403554.0,1979.0526123046875,13087862495.0,4495.7001953125,4700350000,214.96343994140625,4055100,86.80132293701172,12149600,81.13069915771484,65666800
2023-11-15,37880.58203125,27365821679.0,2060.408447265625,12626326991.0,4502.8798828125,4347170000,215.49563598632812,2819200,86.26297760009766,10956800,79.99208068847656,56205300
2023-11-16,36154.76953125,26007385366.0,1960.881591796875,14651619483.0,4508.240234375,3964520000,215.3505096435547,2754500,86.7374496459961,10145400,80.98611450195312,49473900
2023-11-17,36596.68359375,22445028430.0,1961.28076171875,11881648738.0,4514.02001953125,3777240000,215.89236450195312,3123700,86.91082000732422,9244000,81.36564636230469,44091400
2023-11-20,37476.95703125,20888209068.0,2022.2391357421875,12866464824.0,4547.3798828125,3644790000,217.5180206298828,2875600,87.04766845703125,10051600,81.86268615722656,40477800
2023-11-21,35813.8125,25172163756.0,1937.0667724609375,13653500841.0,4538.18994140625,3511080000,216.92774963378906,2513800,87.13892364501953,7393800,81.8265380859375,27721000
2023-11-22,37432.33984375,24397247860.0,2064.42529296875,13372200584.0,4556.6201171875,3042810000,217.85670471191406,2880400,87.22103881835938,6329900,82.11569213867188,31197500
2023-11-24,37720.28125,22922957823.0,2081.152099609375,12141148820.0,4559.33984375,1639500000,218.0889434814453,1219500,86.819580078125,2944300,81.14878845214844,20199600
2023-11-27,37254.16796875,19002925720.0,2027.4173583984375,10574810069.0,4550.43017578125,3403990000,217.80833435058594,2410000,87.31229400634766,8854500,82.50424194335938,39804400
2023-11-28,37831.0859375,21696137014.0,2049.338134765625,9910633038.0,4554.89013671875,3586240000,217.9438018798828,2761900,87.69554138183594,9749400,82.66693115234375,44989300
2023-11-29,37858.4921875,20728546658.0,2029.92919921875,8945151861.0,4550.580078125,4418760000,218.0405731201172,2653700,88.12440490722656,8006800,83.70614624023438,61647800
2023-11-30,37712.74609375,18115982627.0,2052.55615234375,8107789163.0,4567.7998046875,5399300000,218.94049072265625,3148000,87.8323974609375,8889100,82.73922729492188,60520900
2023-12-01,38688.75,23512784002.0,2087.139892578125,10866891430.0,4594.6298828125,4397120000,220.7886962890625,4078700,88.60470581054688,11774300,84.29752349853516,64172200
2023-12-04,41980.09765625,39856129827.0,2243.2158203125,16149367134.0,4569.77978515625,4369910000,219.99522399902344,3837800,88.26612854003906,9440200,83.96212768554688,33766300
2023-12-05,44080.6484375,36312154535.0,2293.841796875,15383072559.0,4567.18017578125,3909950000,219.5694580078125,3019000,88.85176086425781,8850600,85.7660903930664,73588600
2023-12-06,43746.4453125,29909761586.0,2231.661376953125,12790612571.0,4549.33984375,4245680000,218.64051818847656,3172900,89.0805435180664,11111200,86.90830993652344,61606100
2023-12-07,43292.6640625,27635760671.0,2357.57958984375,14766891042.0,4585.58984375,3818880000,220.3919677734375,2724300,89.10798645019531,7157900,86.40971374511719,47970200
2023-12-08,44166.6015625,24421116687.0,2358.73193359375,12543458699.0,4604.3701171875,3707010000,221.4467315673828,2741500,88.65961456298828,6696600,85.70262145996094,44809200
2023-12-11,41243.83203125,40632672038.0,2224.578857421875,17989249470.0,4622.43994140625,3823210000,222.3562774658203,3076600,88.66874694824219,15008700,85.5213394165039,33909700
2023-12-12,41450.22265625,24779520132.0,2202.0380859375,11391132228.0,4643.7001953125,3808380000,223.19813537597656,3214900,88.93413543701172,11711400,85.77516174316406,36996900
2023-12-13,42890.7421875,26797884674.0,2260.648681640625,12576395493.0,4707.08984375,5063650000,226.66232299804688,4231100,90.05047607421875,11194400,87.78768157958984,70828500
2023-12-14,43023.97265625,25578530178.0,2316.5791015625,12608711052.0,4719.5498046875,6314040000,228.00735473632812,5014500,90.77727508544922,12651200,90.07127380371094,87798600
2023-12-15,41929.7578125,19639442462.0,2219.33740234375,10259157898.0,4719.18994140625,8218980000,227.6977081298828,4298600,90.56623840332031,10079100,90.17129516601562,59941300
2023-12-18,42623.5390625,25224642008.0,2217.2734375,10366536490.0,4740.56005859375,4060340000,228.68472290039062,3855100,90.38270568847656,11521000,89.45281982421875,34746000
2023-12-19,42270.52734375,23171001281.0,2177.87255859375,10619179629.0,4768.3701171875,4026970000,230.35874938964844,3731700,90.49279022216797,13787100,89.93484497070312,30018400
2023-12-20,43652.25,27868908174.0,2201.911376953125,12652290807.0,4698.35009765625,4201320000,226.92356872558594,5149700,90.82317352294922,9994100,90.54417419433594,51229400
2023-12-21,43869.15234375,22452766169.0,2239.54248046875,12616530536.0,4746.75,3431180000,229.4327850341797,4427000,90.81399536132812,9099100,89.97122192382812,65231200
2023-12-22,43997.90234375,21028503216.0,2326.52490234375,16137246310.0,4754.6298828125,3046770000,229.9575653076172,3662400,90.6947021484375,13234700,89.56197357177734,29244200
2023-12-26,42520.40234375,30026850982.0,2231.46533203125,10668581464.0,4774.75,2513910000,231.0945587158203,3829400,90.87823486328125,5418500,89.8166275024414,24019700
2023-12-27,43442.85546875,25260941032.0,2378.739990234375,14161342927.0,4781.580078125,2748450000,231.53187561035156,5103700,91.45639038085938,6919900,91.40814971923828,45082800
2023-12-28,42627.85546875,22992093014.0,2347.566162109375,15660799060.0,4783.35009765625,2698860000,231.41526794433594,4099400,91.2545166015625,7172200,90.74425506591797,36213000
2023-12-29,42099.40234375,26000021055.0,2300.690673828125,12536968996.0,4769.830078125,3126060000,230.53091430664062,4188800,91.08014678955078,7327600,89.92575073242188,41616200
2024-01-02,44957.96875,39335274536.0,2355.83642578125,12910543630.0,4742.830078125,3743050000,228.9857635498047,4847600,90.64881896972656,9754400,89.4073715209961,47797400
2024-01-03,42848.17578125,46342323118.0,2210.761962890625,19332933581.0,4704.81005859375,3950760000,226.78945922851562,3925500,90.6947021484375,10002100,89.7802505493164,58159500
2024-01-04,44179.921875,30448091210.0,2269.0380859375,11044564896.0,4688.68017578125,3715480000,226.20640563964844,3681900,90.32763671875,9896600,88.41607666015625,52604500
2024-01-05,44162.69140625,32336029347.0,2268.647216796875,10860953290.0,4697.240234375,3844370000,226.5465545654297,3305500,90.11654663085938,9038700,87.57027435302734,45894800
2024-01-08,46970.50390625,42746192015.0,2333.03271484375,13830287095.0,4763.5400390625,3742320000,229.7826385498047,4156600,90.45609283447266,7946500,88.43425750732422,39485800
2024-01-09,46139.73046875,39821290992.0,2344.8271484375,14891130716.0,4756.5,3529960000,229.3550567626953,4524800,90.43775939941406,7157400,87.87042236328125,34374000
2024-01-10,46627.77734375,50114613298.0,2582.103515625,29042100476.0,4783.4501953125,3498680000,230.54063415527344,3343400,90.26339721679688,7679400,87.46113586425781,48227800
2024-01-11,46368.5859375,45833734549.0,2619.619140625,22575246883.0,4780.240234375,3759890000,230.38516235351562,3375600,90.77727508544922,7275900,87.95223236083984,78858900
2024-01-12,42853.16796875,43332698900.0,2524.460205078125,23623839263.0,4783.830078125,3486340000,230.4239959716797,3053400,90.94245910644531,6359400,87.77946472167969,38883900
2024-01-16,43154.9453125,24062872740.0,2587.691162109375,11063317095.0,4765.97998046875,4260550000,229.3550567626953,3646700,90.26339721679688,14489800,86.23340606689453,61716700
2024-01-17,42742.65234375,20851232595.0,2528.369384765625,10441017520.0,4739.2099609375,3928600000,227.97509765625,3336600,90.015625,8977500,86.09699249267578,55506800
2024-01-18,41262.05859375,25218357242.0,2467.018798828125,11900028080.0,4780.93994140625,4019000000,229.9866943359375,3509900,89.93302917480469,10575100,85.29666137695312,77339100
2024-01-19,41618.40625,25752407154.0,2489.49853515625,11405278376.0,4839.81005859375,4287200000,232.78549194335938,3850800,89.95136260986328,9126000,85.56951141357422,47030900
2024-01-22,39507.3671875,31338708143.0,2310.826416015625,13923771728.0,4850.43017578125,4297610000,233.7961883544922,3952700,90.11654663085938,8712600,86.07880401611328,35756400
2024-01-23,39845.55078125,29244553045.0,2240.68603515625,16182147521.0,4864.60009765625,3912800000,234.22377014160156,3015300,89.89632415771484,5642800,85.39672088623047,35786700
2024-01-24,40077.07421875,22359526178.0,2233.561767578125,10134722960.0,4868.5498046875,4330030000,234.18490600585938,3003000,89.69442749023438,11278500,84.89651489257812,54574900
2024-01-25,39933.80859375,18491782013.0,2217.710205078125,9302247037.0,4894.16015625,4020430000,235.4871368408203,2993900,90.09820556640625,16521600,85.45130157470703,57019400
2024-01-26,41816.87109375,25598119893.0,2267.19970703125,9975117607.0,4890.97021484375,3353400000,235.29275512695312,2858200,89.99725341796875,5022800,85.28759765625,29276900
2024-01-29,43288.24609375,20668476578.0,2317.064208984375,8948195551.0,4927.93017578125,3525160000,237.43072509765625,3463400,90.35517883300781,6423600,86.26978302001953,38243600
2024-01-30,42952.609375,23842814518.0,2344.49365234375,10173440062.0,4924.97021484375,3836130000,237.10028076171875,3098900,90.5295181274414,6740000,87.05189514160156,40151400
2024-01-31,42582.60546875,24673628793.0,2282.54443359375,10807883277.0,4845.64990234375,4696120000,233.10621643066406,3884500,90.94245910644531,10829000,87.90678405761719,80646700
2024-02-01,43075.7734375,21423953779.0,2303.82470703125,8895583113.0,4906.18994140625,4386090000,236.24513244628906,3986800,91.46067810058594,11937400,89.63116455078125,84291200
2024-02-02,43185.859375,18603843039.0,2308.0380859375,7186143091.0,4958.60986328125,3974350000,238.26646423339844,3876600,90.62309265136719,8422500,87.65132141113281,63823300
2024-02-05,42658.66796875,18715487317.0,2298.888916015625,7277068110.0,4942.81005859375,4023640000,237.13917541503906,3324800,89.8775634765625,7656800,85.8813247680664,53827400
2024-02-06,43084.671875,16798476726.0,2372.201904296875,9520885493.0,4954.22998046875,4440880000,237.94578552246094,2568400,90.34696197509766,6608400,86.72071075439453,33411500
2024-02-07,44318.22265625,21126587775.0,2423.7451171875,9660628536.0,4995.06005859375,4895590000,239.8213348388672,2305700,90.16289520263672,8785200,86.30101776123047,40120200
2024-02-08,45301.56640625,26154524080.0,2419.906494140625,9941841732.0,4997.91015625,4341860000,240.4141387939453,2668200,89.88675689697266,12446900,85.79922485351562,50087700
2024-02-09,47147.19921875,39316770844.0,2487.515625,13634203177.0,5026.60986328125,3912990000,241.88157653808594,2367700,89.85918426513672,7120500,85.62586975097656,27951300
2024-02-12,49958.22265625,34511985805.0,2658.115966796875,13022696866.0,5021.83984375,3805740000,242.1147918701172,2769700,89.8775634765625,5696300,85.72622680664062,27890300
2024-02-13,49742.44140625,35593051468.0,2642.185302734375,18271237044.0,4953.169921875,4302190000,238.2373046875,5832600,89.04920959472656,15872600,84.2573013305664,49768500
2024-02-14,51826.6953125,39105608050.0,2777.90234375,21448973822.0,5000.6201171875,3845600000,240.87091064453125,2606900,89.44497680664062,8776900,84.6861343383789,44191600
2024-02-15,51938.5546875,38564360533.0,2824.37890625,23734481937.0,5029.72998046875,4137970000,242.72703552246094,3181900,89.65668487548828,7194500,85.12406158447266,49598500
2024-02-16,52160.203125,28180567298.0,2803.69140625,17057114638.0,5005.56982421875,3833270000,241.45399475097656,2909200,89.37135314941406,7723700,84.63137817382812,33116800
2024-02-20,52284.875,33353758256.0,3013.503662109375,20341598470.0,4975.509765625,4034880000,239.93797302246094,3445100,89.45417785644531,8735700,84.70437622070312,24469300
2024-02-21,51839.1796875,28624907020.0,2970.35546875,18897136867.0,4981.7998046875,3788390000,239.98655700683594,2169900,89.187255859375,7785100,84.10221099853516,36343100
2024-02-22,51304.97265625,25413900611.0,2971.00732421875,18058908246.0,5087.02978515625,4051710000,244.7289581298828,3873000,89.26089477539062,7538200,84.51277160644531,45190700
2024-02-23,50731.94921875,21427078270.0,2921.658203125,12822717059.0,5088.7998046875,3672790000,244.89418029785156,2856000,89.59222412109375,7737900,85.64411163330078,38406700
2024-02-26,54522.40234375,34074411896.0,3178.99365234375,17504464351.0,5069.52978515625,3683930000,244.15560913085938,2585800,89.39895629882812,9374600,85.3886489868164,27855000
2024-02-27,57085.37109375,49756832031.0,3244.519287109375,21090315368.0,5078.18017578125,3925950000,244.8358612060547,2024600,89.27930450439453,9065300,84.78648376464844,30242000
2024-02-28,62504.7890625,83239156760.0,3385.703857421875,32885894265.0,5069.759765625,3789370000,244.42771911621094,2192200,89.45417785644531,7942500,85.32477569580078,34574200
2024-02-29,61198.3828125,65496611844.0,3341.919677734375,28469171094.0,5096.27001953125,5219740000,245.45779418945312,2610400,89.60145568847656,16774100,85.92691802978516,51038600
2024-03-01,62440.6328125,40186368423.0,3435.053955078125,16880101987.0,5137.080078125,4748110000,247.71238708496094,3693800,90.03163146972656,8994800,86.46233367919922,45832800
2024-03-04,68330.4140625,70670471105.0,3630.433837890625,26772963830.0,5130.9501953125,4758440000,247.4694366455078,4966800,89.8100814819336,7428200,86.11457824707031,23864200
2024-03-05,63801.19921875,102802940877.0,3554.964599609375,47706899137.0,5078.64990234375,4418410000,244.8455810546875,3134800,90.29932403564453,6815500,87.3409652709961,37721900
2024-03-06,66106.8046875,68750229073.0,3819.226318359375,34938642613.0,5104.759765625,4559050000,246.29356384277344,2501700,90.43779754638672,16536100,87.85353088378906,40571600
2024-03-07,66925.484375,46989543159.0,3874.34765625,22457177587.0,5157.35986328125,4137980000,248.69390869140625,2940900,90.63164520263672,7726600,87.77114868164062,39075000
2024-03-08,68300.09375,59202881172.0,3892.06103515625,26135487051.0,5123.68994140625,4208870000,247.25563049316406,3673500,90.71470642089844,7168700,87.61554718017578,25023200
2024-03-11,72123.90625,65716656765.0,4066.445068359375,28806262507.0,5117.93994140625,3896430000,246.85719299316406,3038700,90.61320495605469,11354600,87.56979370117188,17787900
2024-03-12,71481.2890625,62554434520.0,3980.273193359375,26917010932.0,5175.27001953125,4080510000,249.29641723632812,4380100,90.3824234008789,7471900,86.83760070800781,29566000
2024-03-13,73083.5,48212536929.0,4006.45703125,22028114691.0,5165.31005859375,4282890000,248.98544311523438,2667400,90.21624755859375,5846600,86.41659545898438,38270100
2024-03-14,71396.59375,59594605698.0,3883.140380859375,25434810823.0,5150.47998046875,4687970000,248.02337646484375,3664100,89.64391326904297,10541000,85.08950805664062,58365600
2024-03-15,69403.7734375,78320453976.0,3735.22021484375,33505075433.0,5117.08984375,7753670000,246.55593872070312,3216800,89.63468170166016,5756800,85.06204223632812,34997700
2024-03-18,67548.59375,49261579492.0,3517.985107421875,21162220224.0,5149.419921875,4036220000,247.8095703125,3455400,89.54237365722656,5227200,84.8057861328125,29519500
2024-03-19,61912.7734375,74215844794.0,3157.6181640625,34166976701.0,5178.509765625,4031760000,249.23812866210938,2900200,89.76390075683594,5076600,85.04373931884766,26953100
2024-03-20,67913.671875,66792634382.0,3513.39306640625,36605316331.0,5224.6201171875,4064850000,251.76478576660156,2480800,89.94853210449219,8681200,85.01627349853516,43460100
2024-03-21,65491.390625,44480350565.0,3492.9912109375,22213647922.0,5241.52978515625,4207730000,252.80462646484375,3723200,90.0131607055664,10100300,85.19932556152344,34276600
2024-03-22,63778.76171875,41401116964.0,3333.68798828125,20574952329.0,5234.18017578125,3374700000,252.0937042236328,2465300,90.29932403564453,8359200,86.01390838623047,30262300
2024-03-25,69958.8125,42700139523.0,3590.8837890625,18603921705.0,5218.18994140625,3331360000,251.528076171875,2714400,90.1331787109375,11037700,85.58373260498047,24011800
2024-03-26,69987.8359375,36010437368.0,3587.5048828125,18505553577.0,5203.580078125,3871790000,251.0794219970703,2591500,90.22544860839844,8830500,85.82168579101562,34423000
2024-03-27,69455.34375,40827113309.0,3500.115234375,18753082145.0,5248.490234375,3850500000,253.29324340820312,4030200,90.52086639404297,9366800,86.67283630371094,50157800
2024-03-28,70744.953125,34374900617.0,3561.2939453125,16419674157.0,5254.35009765625,3998270000,253.458984375,2669100,90.41011047363281,8863300,86.59963989257812,34540400
2024-04-01,69702.1484375,34873527352.0,3505.030029296875,16002098681.0,5243.77001953125,3325930000,253.26397705078125,3292300,89.75273132324219,8667400,84.9853286743164,48945400
2024-04-02,65446.97265625,50705240709.0,3277.234619140625,22076539151.0,5205.81005859375,3886590000,250.92344665527344,3213400,89.68793487548828,10624600,84.51702117919922,43086300
2024-04-03,65980.8125,34488018367.0,3311.44189453125,16010734587.0,5211.490234375,3703250000,251.3135528564453,3241600,89.74347686767578,6919300,84.4986572265625,45494400
2024-04-04,68508.84375,34439527442.0,3330.04052734375,14476330517.0,5147.2099609375,4075680000,248.30007934570312,3121300,89.95643615722656,9327500,85.10472106933594,47957400
2024-04-05,67837.640625,33748230056.0,3318.88525390625,15214447092.0,5204.33984375,3386780000,250.806396484375,4178500,89.51203155517578,12343600,83.9201431274414,42495900
2024-04-08,71631.359375,37261432669.0,3695.292724609375,19055143129.0,5202.39013671875,3278180000,251.09901428222656,3223800,89.4286880493164,11457100,83.91095733642578,37879800
2024-04-09,69139.015625,36426900409.0,3505.163330078125,18279773833.0,5209.91015625,3400680000,251.45980834960938,2940600,89.7342300415039,5736500,84.69149780273438,32522000
2024-04-10,70587.8828125,38318601774.0,3543.737060546875,16872482726.0,5160.64013671875,3845930000,248.65118408203125,3348900,88.66022491455078,11248700,82.84578704833984,74368900
2024-04-11,70060.609375,30153382941.0,3505.247802734375,14076734489.0,5199.06005859375,3509380000,250.33831787109375,3434200,88.67871856689453,16217600,82.46927642822266,65751200
2024-04-12,67195.8671875,44129299406.0,3243.034912109375,22104869556.0,5123.41015625,3963220000,246.73001098632812,3574400,88.84542083740234,17284600,82.9100570678711,47900100
2024-04-15,63426.2109375,43595917654.0,3101.600341796875,21925843181.0,5061.81982421875,3950210000,243.69705200195312,4804300,88.30838775634766,11705300,81.6244888305664,55993100
2024-04-16,63811.86328125,42847528078.0,3084.920166015625,19441391169.0,5051.41015625,4006200000,242.96563720703125,3466800,88.05841827392578,17565900,81.08271789550781,45103200
2024-04-17,61276.69140625,41915247049.0,2984.7275390625,17711869375.0,5022.2099609375,3596130000,241.54183959960938,2861400,88.4657974243164,7567800,81.98259735107422,57947000
2024-04-18,63512.75390625,36006307335.0,3066.027587890625,15183777035.0,5011.1201171875,3619760000,241.0444793701172,2991700,88.21580505371094,7717500,81.56937408447266,43839500
2024-04-19,63843.5703125,49920425401.0,3059.278564453125,20399982867.0,4967.22998046875,3878750000,239.15257263183594,3469000,88.30838775634766,9121700,81.86322784423828,44826800
2024-04-22,66837.6796875,28282686673.0,3201.652099609375,12063858733.0,5010.60009765625,3820250000,241.50283813476562,3112000,88.36395263671875,9029000,81.72549438476562,24969000
2024-04-23,66407.2734375,24310975583.0,3219.91162109375,11054442653.0,5070.5498046875,3751400000,244.37973022460938,2399000,88.54913330078125,10837100,81.7530517578125,27222700
2024-04-24,64276.8984375,30276655120.0,3139.80517578125,14000234760.0,5071.6298828125,3656740000,244.438232421875,2285900,88.31765747070312,7961000,81.1745376586914,48986800
2024-04-25,64481.70703125,32155786816.0,3156.509521484375,13989030260.0,5048.419921875,3958050000,243.27772521972656,2473300,88.06768035888672,6758100,80.60523223876953,49282600
2024-04-26,63755.3203125,24139372950.0,3130.164794921875,10622333862.0,5099.9599609375,3604140000,245.54022216796875,3238100,88.26211547851562,8442500,81.02760314941406,31589800
2024-04-29,63841.12109375,26635912073.0,3215.428955078125,15032246816.0,5116.169921875,3447450000,246.50567626953125,2086000,88.53060150146484,7384600,81.70713806152344,39228600
2024-04-30,60636.85546875,37840840057.0,3012.286865234375,18266894653.0,5035.68994140625,4082470000,242.44879150390625,2502700,88.16950988769531,11228300,81.0092544555664,41054700
2024-05-01,58254.01171875,48439780271.0,2969.78466796875,20005057445.0,5018.39013671875,4544170000,241.84417724609375,3509500,88.48063659667969,11017700,81.60636901855469,59679500
2024-05-02,59123.43359375,32711813559.0,2988.16845703125,13163903903.0,5064.2001953125,4381660000,244.3504638671875,2580200,88.87999725341797,7607300,81.95654296875,58925400
2024-05-03,62889.8359375,33172023048.0,3103.5419921875,12862183229.0,5127.7900390625,3924990000,247.24684143066406,2350200,89.33509826660156,9146700,82.7858657836914,50066100
2024-05-06,63161.94921875,28697928697.0,3062.728759765625,13008587255.0,5180.740234375,3683250000,249.8994598388672,2811500,89.40009307861328,10155500,83.1083984375,23868200
2024-05-07,62334.81640625,25930730982.0,3006.5771484375,11743187337.0,5187.7001953125,3987890000,250.12374877929688,1829900,89.5858383178711,7687000,83.61520385742188,30525800
2024-05-08,61187.94140625,26088172222.0,2973.6572265625,11791662158.0,5187.669921875,3842100000,249.9481964111328,2600100,89.40009307861328,4587200,83.1083984375,31171700
2024-05-09,63049.9609375,25453338161.0,3036.0205078125,10861947179.0,5214.080078125,3727370000,251.42079162597656,2418700,89.56726837158203,6732500,83.51382446289062,39606700
2024-05-10,60792.77734375,27804954694.0,2909.791259765625,12278653601.0,5222.68017578125,3617900000,251.6548309326172,1922500,89.38153076171875,5326400,83.04388427734375,21913800
2024-05-13,62901.44921875,27889181179.0,2949.359619140625,13352264795.0,5221.419921875,4255710000,251.7913360595703,1948400,89.427978515625,5263200,83.25580596923828,23157500
2024-05-14,61552.7890625,28186271527.0,2881.157958984375,12444516140.0,5246.68017578125,4763580000,253.0201416015625,2466800,89.66943359375,5243300,83.72577667236328,25746400
2024-05-15,66267.4921875,39815167074.0,3037.056640625,14666902956.0,5308.14990234375,4360810000,256.131103515625,2508700,90.26382446289062,5846300,84.868408203125,65142900
2024-05-16,65231.58203125,31573077994.0,2945.131103515625,13035465176.0,5297.10009765625,3817470000,255.43865966796875,2445000,90.16165924072266,7894400,84.78547668457031,37902400
2024-05-17,67051.875,28031279310.0,3094.11865234375,14449438097.0,5303.27001953125,3578120000,255.79953002929688,2208700,89.87374877929688,5267100,84.21416473388672,24755000
2024-05-20,71448.1953125,43850655717.0,3663.85546875,31228143948.0,5308.1298828125,3420100000,256.06280517578125,2366100,89.79017639160156,5263000,83.96537017822266,17922800
2024-05-21,70136.53125,46932005990.0,3789.312744140625,37643853967.0,5321.41015625,3662240000,256.5894470214844,2241900,89.95735168457031,5227900,84.39844512939453,15334400
2024-05-22,69122.3359375,32802561717.0,3737.2177734375,25155809461.0,5307.009765625,3847130000,255.72149658203125,2356600,89.84588623046875,3823600,84.49980926513672,38073700
2024-05-23,67929.5625,41895680979.0,3776.92724609375,45623656317.0,5267.83984375,3869520000,253.54676818847656,6603000,89.59512329101562,5094900,83.9561538696289,51294700
2024-05-24,68526.1015625,29197308153.0,3726.9345703125,22257061429.0,5304.72021484375,3005510000,255.38023376464844,3123700,89.69731140136719,3072100,84.20494842529297,19164400
2024-05-28,68296.21875,32722265965.0,3840.25634765625,19846044324.0,5306.0400390625,3751540000,255.38023376464844,3078100,89.27936553955078,6046100,82.99781036376953,45973700
2024-05-29,67578.09375,26707072906.0,3763.196533203125,17411416736.0,5266.9501953125,3552750000,253.28347778320312,3179000,88.93573760986328,8249100,81.99340057373047,45508400
2024-05-30,68364.9921875,29509712534.0,3746.849609375,15065849797.0,5235.47998046875,3818750000,252.04493713378906,3030200,89.3536605834961,5568800,82.7858657836914,29548600
2024-05-31,67491.4140625,27387283769.0,3760.026611328125,15290700646.0,5277.509765625,5437160000,253.9856719970703,3407400,89.6415786743164,8762900,83.34796905517578,41308800
2024-06-03,68804.78125,32401285324.0,3766.38916015625,14082454300.0,5283.39990234375,4046920000,254.06361389160156,6203400,90.18380737304688,6095500,84.69608306884766,42272100
2024-06-04,70567.765625,33149696545.0,3812.515869140625,13331489271.0,5291.33984375,3707900000,254.0343475341797,2489800,90.50984954833984,3979100,85.6854248046875,42581500
2024-06-05,71082.8203125,32810771409.0,3864.260986328125,15480034434.0,5354.02978515625,3591460000,257.14532470703125,2384000,90.78935241699219,4602500,86.31419372558594,43153900
2024-06-06,70757.1640625,25223152007.0,3811.60595703125,13606583873.0,5352.9599609375,3609990000,256.9210510253906,2190200,90.81732177734375,6568700,86.18475341796875,22891900
2024-06-07,69342.5859375,36188381096.0,3678.629150390625,18220286186.0,5346.990234375,3692760000,256.43341064453125,1838900,90.01607513427734,5365000,84.60363006591797,35240500
2024-06-10,69512.28125,20597699541.0,3666.717529296875,10377300126.0,5360.7900390625,3622280000,257.2915344238281,1958400,89.94154357910156,8235900,84.03958129882812,20586500
2024-06-11,67332.03125,37116136345.0,3498.33056640625,19184721538.0,5375.31982421875,3568030000,257.73040771484375,3017300,90.24900817871094,4650200,84.90875244140625,30329200
2024-06-12,68241.1875,34497940694.0,3559.61767578125,17142905351.0,5421.02978515625,3962840000,260.1587219238281,2762600,90.67755889892578,7627000,85.54673767089844,42554600
2024-06-13,66756.3984375,28955204146.0,3469.28125,14472382154.0,5433.740234375,3530380000,260.2757873535156,2285200,91.13407135009766,7094800,86.80426025390625,33093800
2024-06-14,66011.09375,27403884779.0,3480.27197265625,15793876596.0,5431.60009765625,3438650000,260.0806884765625,2205600,91.22723388671875,6239500,87.53470611572266,28776700
2024-06-17,66490.296875,30006354476.0,3511.37890625,17838856988.0,5473.22998046875,3447840000,262.0604248046875,2452000,90.9011459350586,5265000,86.6655502319336,31040200
2024-06-18,65140.74609375,39481285950.0,3483.681396484375,21022514455.0,5487.02978515625,3544330000,262.7235412597656,2024300,91.22723388671875,7030700,87.46073150634766,26881000
2024-06-20,64828.65625,25641109124.0,3511.0869140625,16115123753.0,5473.169921875,3847060000,262.0604248046875,3168600,91.06884002685547,5621600,86.8781967163086,30246300
2024-06-21,64096.19921875,26188171739.0,3516.07568359375,15933353456.0,5464.6201171875,6773800000,261.66058349609375,2676000,91.07818603515625,4715000,86.8781967163086,22596400
2024-06-24,60277.4140625,43152133651.0,3350.25634765625,23137744903.0,5447.8701171875,3696750000,261.22174072265625,2226500,91.15270233154297,5017300,87.22956085205078,56939100
2024-06-25,61804.640625,29201215431.0,3395.029052734375,13235546063.0,5469.2998046875,3591960000,262.0799255371094,2073800,91.14338684082031,5701300,87.37750244140625,22890200
2024-06-26,60811.27734375,22506003064.0,3369.477294921875,11694054195.0,5477.89990234375,3563920000,262.0701904296875,1857500,90.73345184326172,4964100,86.12926483154297,38489100
2024-06-27,61604.80078125,21231745045.0,3444.800537109375,11771834016.0,5482.8701171875,3589530000,262.7040710449219,2655400,90.88252258300781,5276500,86.47135162353516,23140800
2024-06-28,60320.13671875,24952866877.0,3373.635986328125,12861158844.0,5460.47998046875,7199220000,261.8056335449219,2822800,90.4353256225586,12781500,84.86251068115234,55119600
2024-07-01,62851.98046875,25468379421.0,3440.341552734375,12281551839.0,5475.08984375,3488760000,262.3341064453125,2881000,89.95032501220703,12238900,83.39788055419922,49735400
2024-07-02,62029.015625,20151616992.0,3416.354736328125,9421757718.0,5509.009765625,3329950000,263.85107421875,4207800,90.24934387207031,5441900,84.04718017578125,34204700
2024-07-03,60173.921875,29756701685.0,3292.916748046875,16121324440.0,5537.02001953125,2179470000,264.9373779296875,1948500,90.73532104492188,4061100,85.1510009765625,35563300
2024-07-05,56662.375,55417544033.0,2981.5986328125,31131942647.0,5567.18994140625,3253080000,266.31732177734375,4237500,91.19325256347656,3489900,85.85591888427734,34895500
2024-07-08,56705.09765625,39766159899.0,3018.73193359375,22627377457.0,5572.85009765625,3185670000,266.679443359375,2335000,91.22130584716797,4602900,86.04146575927734,16095700
2024-07-09,58009.2265625,27849512607.0,3064.032958984375,15269945822.0,5576.97998046875,3232920000,266.6109619140625,2702100,91.13719177246094,5004600,85.66114044189453,30289800
2024-07-10,57742.49609375,26175260526.0,3102.21875,14578679176.0,5633.91015625,3336100000,269.19464111328125,1992600,91.23063659667969,4586000,85.9301528930664,23572500
2024-07-11,57344.9140625,28707803842.0,3100.330810546875,15230095766.0,5584.5400390625,4020950000,267.9908752441406,3598000,91.69790649414062,3789000,86.76496887207031,49761800
2024-07-12,57899.46484375,25604805221.0,3134.15869140625,12751638331.0,5615.35009765625,3700280000,269.7622375488281,2729500,91.95023345947266,6329000,87.135986328125,27796500
2024-07-15,64870.15234375,38094526099.0,3489.552734375,18305490390.0,5631.22021484375,3620470000,270.9171142578125,3386100,91.63250732421875,6984700,86.13420867919922,37918900
2024-07-16,65097.1484375,41617346768.0,3443.513427734375,20446664416.0,5667.2001953125,4041760000,273.14849853515625,3261100,92.00630950927734,8936100,87.34931945800781,36383700
2024-07-17,64118.79296875,32525071311.0,3388.75244140625,16739123962.0,5588.27001953125,4246450000,269.29254150390625,3346100,92.07173919677734,5680400,87.36788940429688,29036800
2024-07-18,63974.06640625,27239305337.0,3426.258544921875,15035622003.0,5544.58984375,4007510000,266.94366455078125,2904200,91.81942749023438,10584200,86.70003509521484,34553100
2024-07-19,66710.15625,37003855410.0,3505.73486328125,17705629736.0,5505.0,3760570000,265.2799377441406,2414200,91.63250732421875,7735700,86.18984985351562,32164700
2024-07-22,67585.25,42649109453.0,3440.419921875,18723199034.0,5564.41015625,3375180000,268.0495910644531,2527300,91.5951156616211,11657500,85.93942260742188,36160400
2024-07-23,65927.671875,35605668666.0,3481.995849609375,24468405650.0,5555.740234375,3500210000,267.8538818359375,2229500,91.58576202392578,7225900,85.81883239746094,23498000
2024-07-24,65372.1328125,27470942309.0,3336.33935546875,16040945448.0,5427.1298828125,3945550000,261.8251953125,3050700,91.3053970336914,6578500,84.89126586914062,50757100
2024-07-25,65777.2265625,38315761670.0,3174.42724609375,25293745810.0,5399.22021484375,4592120000,260.8171691894531,3237800,91.55773162841797,12766200,85.58695220947266,44999100
2024-07-26,67912.0625,30488630457.0,3275.951416015625,15993893521.0,5459.10009765625,3638770000,263.9391784667969,2757900,91.88481903076172,4243800,86.25479888916016,34423800
2024-07-29,66819.9140625,40780682628.0,3320.539306640625,18334852719.0,5463.5400390625,3379970000,263.958740234375,2814400,92.03435516357422,6822600,86.7186050415039,25801300
2024-07-30,66201.015625,31380492109.0,3278.667724609375,14045773047.0,5436.43994140625,3777740000,262.86260986328125,2174100,92.1278076171875,5845800,87.0525131225586,28169800
2024-07-31,64619.25,31292785994.0,3231.295654296875,16135380637.0,5522.2998046875,4546910000,266.75775146484375,2541500,92.62311553955078,11725100,87.94297790527344,47445300
2024-08-01,65357.5,40975554494.0,3201.564453125,20217639556.0,5446.68017578125,4703620000,262.57879638671875,3767300,93.01121520996094,9642700,88.70146179199219,77254200
2024-08-02,61415.06640625,43060875727.0,2986.01318359375,21400241741.0,5346.56005859375,5156450000,257.2939453125,4744200,94.0517578125,9397500,91.46553802490234,91912900
2024-08-05,53991.45703125,108991085584.0,2417.206298828125,67668132244.0,5186.330078125,5333250000,249.73854064941406,8463400,93.97675323486328,12066100,91.94947814941406,90686300
2024-08-06,56034.31640625,49300484106.0,2458.723876953125,26041995921.0,5240.02978515625,4690190000,252.2733154296875,5255200,93.41429901123047,10945200,89.89271545410156,61316900
2024-08-07,55027.4609375,41637562185.0,2336.58935546875,24264218606.0,5199.5,4558260000,250.34532165527344,3398500,93.13306427001953,8085200,89.2598876953125,51337100
2024-08-08,61710.13671875,45298472567.0,2683.352783203125,23468291180.0,5319.31005859375,4016830000,256.2076110839844,2922800,92.9924545288086,5558000,88.71076202392578,37815800
2024-08-09,60880.11328125,33425553115.0,2599.5986328125,17907141655.0,5344.16015625,3516400000,257.31353759765625,2667400,93.32056427001953,3879200,89.5855941772461,32141800
2024-08-12,59354.515625,37078637820.0,2724.431884765625,21653090666.0,5344.39013671875,3360160000,257.1471252441406,2548500,93.47992706298828,7300600,89.91133117675781,24261400
2024-08-13,60609.56640625,30327698167.0,2703.671875,16383053029.0,5434.43017578125,3648980000,261.4239196777344,2316200,93.85488891601562,3925500,90.53487396240234,30366900
2024-08-14,58737.26953125,29961696180.0,2662.914794921875,15825365408.0,5455.2099609375,3380050000,262.1677551269531,2335300,94.02363586425781,9871500,91.10258483886719,31334100
2024-08-15,57560.09765625,35682112440.0,2570.087646484375,16345801912.0,5543.22021484375,3723310000,266.708740234375,3031600,93.62991333007812,8628400,90.36734008789062,38723700
2024-08-16,58894.10546875,29350938673.0,2593.1865234375,13275561555.0,5554.25,3357690000,267.3449401855469,2571900,93.85488891601562,6507900,90.68378448486328,28541000
2024-08-19,59493.453125,25911207712.0,2637.306396484375,11968963282.0,5608.25,3222050000,269.8699035644531,2660000,93.9580078125,4690300,91.10258483886719,25322100
2024-08-20,59012.79296875,31613400008.0,2573.10693359375,13249483464.0,5597.1201171875,2994420000,269.2142028808594,2041900,94.23924255371094,5516700,91.82850646972656,25239300
2024-08-21,61175.19140625,32731154072.0,2631.3955078125,12766015263.0,5620.85009765625,3119670000,270.56475830078125,1983700,94.41734313964844,6366700,91.88433837890625,29230000
2024-08-22,60381.9140625,27625734377.0,2622.951416015625,10723280428.0,5570.64013671875,2981530000,268.2746887207031,2554300,94.03298950195312,7893700,90.9722900390625,33453800
2024-08-23,64094.35546875,42530509233.0,2764.447021484375,16857181970.0,5634.60986328125,3291940000,271.670654296875,2281800,94.46419525146484,6179500,91.56790161132812,32005100
2024-08-26,62880.66015625,27682040631.0,2681.340576171875,12282035835.0,5616.83984375,2938570000,270.9856262207031,2263800,94.37984466552734,6653200,91.33525848388672,23198700
2024-08-27,59504.1328125,39103882198.0,2458.7265625,18028996056.0,5625.7998046875,2798990000,271.2302551269531,1787900,94.40796661376953,7965400,91.17701721191406,21507700
2024-08-28,59027.625,40289564698.0,2528.41552734375,20359545410.0,5592.18017578125,3053450000,269.5763244628906,1856400,94.32359313964844,6960300,91.06533813476562,18501400
2024-08-29,59388.1796875,32224990582.0,2528.792724609375,13946434277.0,5591.9599609375,3065640000,269.8405456542969,3018000,94.20175170898438,6912700,90.76754760742188,24988200
2024-08-30,59119.4765625,32292756405.0,2525.822021484375,15526218255.0,5648.39990234375,4185850000,272.44384765625,2029300,93.97675323486328,7213200,89.79965209960938,42896200
2024-09-03,57431.0234375,26666961053.0,2420.603759765625,11406800197.0,5528.93017578125,3866350000,266.5815734863281,3818900,94.37358856201172,6837200,91.26836395263672,48947900
2024-09-04,57971.5390625,35627680312.0,2448.97705078125,16709600747.0,5520.06982421875,3478140000,265.98455810546875,2946700,94.78734588623047,10867700,92.44480895996094,40885200
2024-09-05,56160.48828125,31030280656.0,2367.737548828125,13632325040.0,5503.41015625,3521650000,265.1624755859375,3997800,95.03181457519531,11921900,92.96765899658203,47450900
2024-09-06,53948.75390625,49361693566.0,2223.87646484375,25825618367.0,5408.419921875,3822800000,260.7584533691406,3599900,95.15406036376953,8830200,92.95832061767578,57406400
2024-09-09,57019.53515625,34618096173.0,2358.482177734375,15887712451.0,5471.0498046875,3825940000,263.54766845703125,2969800,95.29511260986328,7569300,93.35981750488281,26961400
2024-09-10,57648.7109375,28857630507.0,2389.5810546875,12795818970.0,5495.52001953125,3848180000,264.57525634765625,1874700,95.58662414550781,5979300,94.0134048461914,31703400
2024-09-11,57343.171875,37049062672.0,2339.841552734375,15355180967.0,5554.1298828125,3839450000,267.2079162597656,2640200,95.55841064453125,4184400,93.93871307373047,39497100
2024-09-12,58127.01171875,33835707949.0,2361.78173828125,12162634681.0,5595.759765625,3655070000,269.4295349121094,2420700,95.47379302978516,6419400,93.49986267089844,41618700
2024-09-13,60571.30078125,32490528356.0,2441.607177734375,13759640866.0,5626.02001953125,3500790000,271.30853271484375,2474700,95.67125701904297,5330600,93.75196075439453,25722100
2024-09-16,58192.5078125,32032822113.0,2295.28369140625,16819033263.0,5633.08984375,3437070000,271.8468017578125,2065700,95.8969497680664,8425900,94.61094665527344,30866300
2024-09-17,60308.5390625,38075570118.0,2341.707763671875,15356783863.0,5634.580078125,3443600000,272.120849609375,2133600,95.80291748046875,9256000,94.15347290039062,31699400
2024-09-18,61649.6796875,40990702891.0,2369.72900390625,18159056422.0,5618.259765625,3691390000,271.4358215332031,3389900,95.50199127197266,6280000,92.9863510131836,48897000
2024-09-19,62940.45703125,42710252573.0,2464.752197265625,18437147349.0,5713.64013671875,4024530000,276.0355529785156,2660200,95.51140594482422,5079800,92.67821502685547,39979800
2024-09-20,63192.9765625,35177164222.0,2561.072021484375,19112788620.0,5702.5498046875,7867260000,275.4581298828125,2293600,95.42677307128906,8464900,92.32340240478516,37067600
2024-09-23,63329.80078125,31400285425.0,2648.54638671875,19912841456.0,5718.56982421875,3529550000,276.1432189941406,1920800,95.38916778564453,8428100,92.12734985351562,35703900
2024-09-24,64301.96875,29938335243.0,2654.35498046875,16658812503.0,5732.93017578125,3872710000,276.83807373046875,1952100,95.52081298828125,5803600,92.10867309570312,31005400
2024-09-25,63143.14453125,25078377700.0,2579.388671875,14119729962.0,5722.259765625,3624910000,275.9279479980469,1744200,95.15406036376953,9259100,91.34305572509766,36738200
2024-09-26,65181.01953125,36873129847.0,2632.199951171875,17336033595.0,5745.3701171875,4391180000,277.16107177734375,2616800,95.17288970947266,8124400,91.55778503417969,33332300
2024-09-27,65790.6640625,32058813449.0,2695.900634765625,17023020294.0,5738.169921875,3898530000,276.8871154785156,2644100,95.4455795288086,5033300,92.03396606445312,28317600
2024-09-30,63329.5,37112957475.0,2603.062744140625,17826446789.0,5762.47998046875,4425730000,277.9768371582031,2828300,95.22931671142578,9105400,91.59515380859375,34175500
2024-10-01,60837.0078125,50220923500.0,2448.921142578125,25482371785.0,5708.75,4025180000,275.4440612792969,4874900,95.48114776611328,8811400,92.25646209716797,45254200
2024-10-02,60632.78515625,40762722398.0,2365.231689453125,20148256472.0,5709.5400390625,3829050000,275.5029602050781,3637500,95.28304290771484,11700900,91.47900390625,35810800
2024-10-03,60759.40234375,36106447279.0,2349.791259765625,18051447791.0,5699.93994140625,3597450000,274.9139709472656,2369200,94.89635467529297,8751200,90.61719512939453,39677800
2024-10-04,62067.4765625,29585472513.0,2414.7939453125,14879264082.0,5751.06982421875,3479400000,277.5743408203125,2335400,94.28325653076172,9639700,89.50253295898438,56954100
2024-10-07,62236.66015625,34253562610.0,2421.796630859375,17414044416.0,5695.93994140625,3637790000,275.04156494140625,11465600,93.96257019042969,6382100,88.82809448242188,42606600
2024-10-08,62131.96875,28134475157.0,2439.8408203125,14067361080.0,5751.1298828125,3393400000,277.35833740234375,2164600,94.1229248046875,7340100,88.97797393798828,33709600
2024-10-09,60582.1015625,27670982363.0,2368.283447265625,14954047093.0,5792.0400390625,3650340000,279.29229736328125,2123800,93.87767028808594,8218300,88.47212982177734,35807700
2024-10-10,60274.5,30452813570.0,2383.85791015625,15327769940.0,5780.0498046875,3208790000,278.713134765625,2547200,93.82107543945312,5757700,88.12556457519531,53667400
2024-10-11,62445.08984375,30327141594.0,2436.513427734375,13489061564.0,5815.02978515625,3208720000,280.872802734375,1799500,93.8493881225586,4878600,87.76960754394531,27406400
2024-10-14,66046.125,43706958056.0,2628.89990234375,21434687898.0,5859.85009765625,3005250000,283.0620422363281,1997000,93.76448822021484,3512600,87.83518981933594,28795300
2024-10-15,67041.109375,48863870879.0,2606.02197265625,22003780898.0,5815.259765625,3882120000,281.1182556152344,3260800,94.14179992675781,7158700,88.90303802490234,46429100
2024-10-16,67612.71875,38195189534.0,2611.10205078125,17012396419.0,5842.47021484375,3467230000,282.5515441894531,2215300,94.26441192626953,4741300,89.27772521972656,32281500
2024-10-17,67399.8359375,32790898511.0,2604.2734375,15150712321.0,5841.47021484375,3480010000,282.49267578125,2810600,93.80223083496094,5306300,87.86328125,43427200
2024-10-18,68418.7890625,36857165014.0,2641.55224609375,17043738652.0,5864.669921875,3374490000,283.6019592285156,1822100,93.86824035644531,4973000,87.92884826660156,25258600
2024-10-21,67367.8515625,37498611780.0,2665.712158203125,17328615363.0,5853.97998046875,3407010000,282.7086181640625,2320100,93.21743774414062,6873900,86.39265441894531,49504700
2024-10-22,67361.40625,31808472566.0,2620.197509765625,15541911074.0,5851.2001953125,3342080000,282.3846130371094,2029000,93.23629760742188,11401800,86.47698211669922,32096900
2024-10-23,66432.1953125,32263980353.0,2509.098876953125,17876984551.0,5797.419921875,3532650000,279.83221435546875,2637300,93.00049591064453,19659700,86.2427749633789,33354200
2024-10-24,68161.0546875,31414428647.0,2534.49853515625,16128627601.0,5809.85986328125,3543030000,280.57830810546875,2235600,93.17969512939453,7559300,86.79544067382812,32507400
2024-10-25,66642.4140625,41469984306.0,2435.93408203125,22560233078.0,5808.1201171875,3501280000,280.3132629394531,2813700,92.99104309082031,9028500,86.308349609375,28667100
2024-10-28,69907.7578125,38799856657.0,2565.34814453125,18971841402.0,5823.52001953125,3691280000,281.4519958496094,1874300,92.84016418457031,7362900,86.07417297363281,33156500
2024-10-29,72720.4921875,58541874402.0,2637.95751953125,22185845095.0,5832.919921875,3879100000,281.8250732421875,2503400,92.94389343261719,5421700,86.20531463623047,46545200
2024-10-30,72339.5390625,40646637831.0,2657.37255859375,22382690746.0,5813.669921875,3851120000,281.1280822753906,2204100,92.84957122802734,11188400,86.45824432373047,41951100
2024-10-31,70215.1875,40627912076.0,2515.79931640625,19760409505.0,5705.4501953125,4425660000,275.88580322265625,3027400,92.83074188232422,12754500,86.59872436523438,52173800
2024-11-01,69482.46875,49989795365.0,2511.885498046875,20215438328.0,5728.7998046875,3796450000,277.0638732910156,2449400,92.46170806884766,10387300,85.3778305053711,80402000
2024-11-04,67811.5078125,41184819348.0,2397.0263671875,17110200696.0,5712.68994140625,3602060000,276.563232421875,2383900,92.84962463378906,6629800,86.70308685302734,49747600
2024-11-05,69359.5625,46046889204.0,2422.650634765625,17894057485.0,5782.759765625,3768310000,280.0776672363281,2060300,93.06725311279297,6663000,87.1635971069336,46986000
2024-11-06,75639.078125,118592653963.0,2724.169189453125,41887574364.0,5929.0400390625,6329530000,287.91156005859375,5676800,92.33868408203125,9158100,84.77632141113281,98895700
2024-11-07,75904.859375,63467654989.0,2895.58544921875,35352318438.0,5973.10009765625,4925740000,289.924072265625,4109000,93.03889465332031,17402300,85.83837890625,56221400
2024-11-08,76545.4765625,55176858003.0,2962.296630859375,32303261101.0,5995.5400390625,4666740000,291.2787780761719,4142400,93.1997299194336,6199800,86.92861938476562,56756200
2024-11-11,88701.484375,117966845037.0,3374.81298828125,55417771668.0,6001.35009765625,4333000000,292.0935974121094,3200900,92.99156951904297,4501200,86.50569152832031,22369200
2024-11-12,87955.8125,133673285375.0,3246.25732421875,56686078066.0,5983.990234375,4243400000,290.9450378417969,3474800,92.45223236083984,16775400,85.20867919921875,57908400
2024-11-13,90584.1640625,123559027869.0,3192.595947265625,52010205682.0,5985.3798828125,4220180000,290.80755615234375,2829100,92.4333267211914,15834900,84.40038299560547,49009100
2024-11-14,87250.4296875,87616705248.0,3058.94873046875,35743352141.0,5949.169921875,4184570000,288.6576843261719,3280800,92.39546966552734,7312000,84.88910675048828,53328300
2024-11-15,91066.0078125,78243109518.0,3103.04052734375,32701369872.0,5870.6201171875,4590960000,284.9959716796875,4025800,92.40492248535156,11844300,84.66354370117188,73722400
2024-11-18,90542.640625,75535775084.0,3207.8564453125,35445557613.0,5893.6201171875,3983860000,286.1543273925781,2990100,92.49008178710938,5260600,84.81393432617188,36010600
2024-11-19,92343.7890625,74521048295.0,3111.384033203125,29823634432.0,5916.97998046875,4036940000,287.46978759765625,2342200,92.62255859375,4735900,85.24625396728516,29585100
2024-11-20,94339.4921875,71730956426.0,3072.18798828125,29785491216.0,5917.10986328125,3772620000,287.6367492675781,2670800,92.52791595458984,5551100,84.97370147705078,27755400
2024-11-21,98504.7265625,106024505582.0,3361.053955078125,51619069348.0,5948.7099609375,4230120000,289.6492004394531,2560700,92.48062896728516,6348500,84.90789794921875,28365700
2024-11-22,98997.6640625,78473580551.0,3331.600830078125,36775716442.0,5969.33984375,4141420000,291.08251953125,2639800,92.54686737060547,4989600,84.95487976074219,21547500
2024-11-25,93102.296875,80909462490.0,3413.5439453125,51544793988.0,5987.3701171875,5633150000,292.5059509277344,3384600,93.37952423095703,9246200,87.15421295166016,56858000
2024-11-26,91985.3203125,91656519855.0,3326.517333984375,39902959158.0,6021.6298828125,3835170000,293.5759582519531,3292800,93.23757934570312,11303100,86.81584167480469,31122200
2024-11-27,95962.53125,71133452438.0,3657.249267578125,43383987191.0,5998.740234375,3363340000,292.7415466308594,2730500,93.4930419921875,8749800,87.41737365722656,39442200
2024-11-29,97461.5234375,54968682476.0,3593.494384765625,27622629486.0,6032.3798828125,2444420000,294.37115478515625,1811900,93.86206817626953,9623200,88.31964111328125,31905700
2024-12-02,95865.3046875,72680784305.0,3644.198486328125,47284967570.0,6047.14990234375,4412470000,294.93072509765625,3583700,93.87345886230469,18397600,88.53184509277344,39406000
2024-12-03,96002.1640625,67067810961.0,3620.711669921875,36839829742.0,6049.8798828125,4095000000,294.93072509765625,2101200,93.69312286376953,6889800,87.76791381835938,32768900
2024-12-04,98768.53125,77199817112.0,3841.3310546875,56799745752.0,6086.490234375,4003390000,296.9137268066406,3258100,93.9968490600586,7448900,88.7110366821289,35851100
2024-12-05,96593.5703125,149218945580.0,3811.00830078125,60568296606.0,6075.10986328125,4212020000,296.089111328125,2183400,94.01582336425781,8786700,88.89022827148438,23695800
2024-12-06,99920.7109375,94534772658.0,4005.810546875,52853668566.0,6090.27001953125,3924830000,296.9137268066406,2332900,94.2816162109375,12890600,89.02226257324219,31761500
2024-12-09,97432.71875,110676473908.0,3718.6904296875,57029832059.0,6052.85009765625,4556460000,295.0190734863281,2953900,94.00630950927734,10689000,88.2017593383789,30509600
2024-12-10,96675.4296875,104823780634.0,3631.833740234375,58416417599.0,6034.91015625,4048410000,293.9097900390625,2557100,93.8924331665039,5984500,87.78677368164062,28706500
2024-12-11,101173.03125,85391409936.0,3832.822021484375,35968053196.0,6084.18994140625,4269950000,296.275634765625,2235300,93.67411804199219,8095800,86.9568099975586,38748400
2024-12-12,100043.0,72073983533.0,3883.1015625,42971675764.0,6051.25,3678010000,294.587158203125,2120000,93.29444122314453,12353100,85.9005126953125,45368400
2024-12-13,101459.2578125,56894751583.0,3911.205322265625,34895127659.0,6051.08984375,3584960000,294.4398498535156,2279200,92.94327545166016,6566300,85.02339935302734,39486000
2024-12-16,106029.71875,91020417816.0,3987.48095703125,46536359669.0,6074.080078125,4391100000,295.63751220703125,2545400,93.0286865234375,7124100,85.27802276611328,23482300
2024-12-17,106140.6015625,68589364868.0,3886.76611328125,35418700472.0,6050.60986328125,4544500000,294.1747741699219,3059900,93.0286865234375,7239200,85.48551940917969,23839900
2024-12-18,100041.5390625,93865656139.0,3618.791259765625,48946681636.0,5872.16015625,5246960000,285.0744934082031,3890900,92.32019805908203,14261400,84.41658020019531,61328400
2024-12-19,97490.953125,97221662392.0,3417.927978515625,58879190250.0,5867.080078125,4896880000,284.6719970703125,4826200,92.08213806152344,15490100,83.1384048461914,99083300
2024-12-20,97755.9296875,105634083408.0,3472.553466796875,66383827229.0,5930.85009765625,8223220000,287.91156005859375,3837000,92.3297348022461,8657700,83.61180114746094,45542400
2024-12-23,94686.2421875,65239002919.0,3415.785400390625,34496081389.0,5974.06982421875,3593280000,289.54742431640625,3704500,92.04407501220703,10540800,82.84490966796875,32764600
2024-12-24,98676.09375,47114953674.0,3492.0498046875,23083678195.0,6040.0400390625,1757720000,292.6201477050781,2642200,92.14879608154297,4739300,83.1952133178711,22377600
2024-12-26,95795.515625,47054980873.0,3331.225830078125,22247726776.0,6037.58984375,2904530000,292.7876281738281,4307800,92.2154541015625,10620200,83.14787292480469,19981800
2024-12-27,94164.859375,52419934565.0,3328.9169921875,24091627403.0,5970.83984375,3159610000,289.6163635253906,3636800,92.02501678466797,8601300,82.46617126464844,27262300
2024-12-30,92643.2109375,56188003691.0,3356.392578125,26981583962.0,5906.93994140625,3433250000,286.41558837890625,4968500,92.3868637084961,10154500,83.12894439697266,48519600
2024-12-31,93429.203125,43625106843.0,3332.53173828125,20845452085.0,5881.6298828125,3128350000,285.4208679199219,3893200,92.27259063720703,12276700,82.68394470214844,31917300
2025-01-02,96886.875,46009564411.0,3451.392578125,22243574698.0,5868.5498046875,3621680000,284.87921142578125,3796400,92.2821273803711,5547700,82.91118621826172,27841300
2025-01-03,98107.4296875,35611391163.0,3605.009765625,21877299255.0,5942.47021484375,3667340000,288.6216735839844,2726800,92.18688201904297,5331000,82.64608001708984,21962200
2025-01-06,102078.0859375,51823432705.0,3688.611328125,23973574043.0,5975.3798828125,4940120000,290.2368469238281,3678600,92.09166717529297,9248300,82.2768325805664,30231500
2025-01-07,96922.703125,58685738547.0,3381.577392578125,32235312545.0,5909.02978515625,4517330000,286.9966735839844,3317000,91.76791381835938,9153300,81.34896087646484,41757200
2025-01-08,95043.5234375,63875859171.0,3326.329345703125,34337730882.0,5918.25,4441740000,287.2625427246094,2971300,91.8726577758789,7444500,81.45309448242188,44590800
2025-01-10,94701.453125,62058693684.0,3267.489990234375,26503845190.0,5827.0400390625,4751930000,282.9488830566406,4403700,91.35845947265625,9822000,80.91342163085938,47115800
2025-01-13,94516.5234375,72978998252.0,3135.499755859375,39911742769.0,5836.22021484375,4421200000,283.4117736816406,3633300,91.27274322509766,10420700,80.8850326538086,33258900
2025-01-14,96534.046875,53769675818.0,3223.6845703125,22847737224.0,5842.91015625,4142280000,284.0519714355469,3803700,91.30131530761719,5487600,80.75247192382812,33412900
2025-01-15,100504.4921875,57805923627.0,3450.53759765625,25991614661.0,5949.91015625,4544570000,289.26177978515625,2815300,92.09166717529297,9563000,82.14427947998047,54120700
2025-01-16,99756.90625,54103781805.0,3308.34521484375,26395516475.0,5937.33984375,4285810000,289.0451965332031,3130300,92.29163360595703,9810800,82.40937805175781,34651100
2025-01-17,104462.0390625,71888972663.0,3474.107177734375,28200207229.0,5996.66015625,4366830000,291.714111328125,2603200,92.29163360595703,5360200,82.55139923095703,29875600
2025-01-21,106146.265625,88733878242.0,3327.40625,32804001146.0,6049.240234375,4702920000,294.6095886230469,3893500,92.59635162353516,7725900,83.28990936279297,30548600
2025-01-22,103653.0703125,53878181052.0,3240.224609375,22171220981.0,6086.3701171875,4323040000,296.0474548339844,3515700,92.3773422241211,7283400,82.8543701171875,25278400
2025-01-23,103960.171875,104104515428.0,3334.714111328125,32419520084.0,6118.7099609375,4432250000,297.6035461425781,2647800,92.22499084472656,7707000,82.21054077148438,31949000
2025-01-24,104819.484375,52388229265.0,3309.554931640625,25578325671.0,6101.240234375,4214250000,296.73687744140625,2359000,92.3773422241211,6459400,82.57978820800781,21110400
2025-01-27,102087.6875,89006608428.0,3178.92041015625,39412486482.0,6012.27978515625,5198750000,292.6004943847656,5321300,92.89157104492188,7602000,83.55500793457031,42864200
2025-01-28,101332.4765625,47180685494.0,3077.112548828125,20718206194.0,6067.7001953125,4473640000,295.1118469238281,2717300,92.86297607421875,5730300,83.49819946289062,25519100
2025-01-29,103703.2109375,47432049818.0,3112.9990234375,22727786058.0,6039.31005859375,4115310000,293.85125732421875,2620200,92.80585479736328,5912800,83.32777404785156,25342800
2025-01-30,104735.3046875,41915744521.0,3247.780029296875,19958405782.0,6071.169921875,4634620000,295.6929016113281,2891200,92.93916320800781,6802900,83.64020538330078,25094900
2025-01-31,102405.0234375,45732764360.0,3298.26513671875,30128115902.0,6040.52978515625,4843770000,294.0777893066406,3335000,92.74871063232422,10750100,83.09107208251953,48790100
2025-02-03,101405.421875,115400897748.0,2884.566650390625,92453553253.0,5994.56982421875,4797210000,291.9308166503906,5037700,92.83661651611328,9977100,83.76759338378906,70657200
2025-02-04,97871.8203125,73002130211.0,2735.05126953125,48795275985.0,6037.8798828125,4410160000,294.0482177734375,2601900,93.00859832763672,8483500,84.02413177490234,33414000
2025-02-05,96615.4453125,49125911241.0,2787.779052734375,31960764447.0,6061.47998046875,4756250000,295.4073791503906,2226200,93.50542449951172,9716700,85.4113998413086,48331200
2025-02-06,96593.296875,45302471947.0,2688.40087890625,29500645692.0,6083.56982421875,4847120000,296.1361389160156,2899800,93.40987396240234,6629400,85.3733901977539,22509900
2025-02-07,96529.0859375,55741290456.0,2622.211181640625,29526663418.0,6025.990234375,4766900000,293.48687744140625,3632000,93.11368560791016,6422300,84.82229614257812,31171200
2025-02-10,97437.5546875,40078962391.0,2661.166748046875,19414208113.0,6066.43994140625,4458760000,295.367919921875,2623900,93.14234924316406,6038700,84.56575012207031,22736100
2025-02-11,95747.4296875,37488783272.0,2602.781982421875,21156550492.0,6068.5,4324880000,295.2103271484375,2719900,92.93215942382812,8001100,84.02413177490234,21513000
2025-02-12,97885.859375,49340445530.0,2736.902099609375,26919387954.0,6051.97021484375,4627960000,294.2353515625,3283500,92.44490814208984,6404900,82.88394927978516,48536200
2025-02-13,96623.8671875,37147280860.0,2675.902587890625,19481004625.0,6115.06982421875,4763800000,297.3080749511719,3066800,92.99905395507812,7041200,84.26168060302734,42718100
2025-02-14,97508.96875,32697987277.0,2726.091552734375,17732289901.0,6114.6298828125,4335190000,297.2687072753906,2377000,93.34297180175781,6257500,84.70826721191406,27460700
2025-02-18,95539.546875,37325720482.0,2669.3388671875,23004152928.0,6129.580078125,4684980000,298.1058044433594,2851500,92.97039031982422,8159400,83.71058654785156,29429200
2025-02-19,96635.609375,28990872862.0,2715.77099609375,15272401903.0,6144.14990234375,4562330000,298.5293273925781,2566600,93.10413360595703,5604800,83.81509399414062,20584300
2025-02-20,98333.9375,31668022771.0,2740.386474609375,15917259320.0,6117.52001953125,4813690000,296.9239807128906,2863900,93.24744415283203,27958700,84.12866973876953,27913400
2025-02-21,96125.546875,49608706470.0,2659.655517578125,31441524621.0,6013.1298828125,5434560000,291.4383850097656,3595000,93.6487045288086,7070600,85.1453628540039,46912300
2025-02-24,91418.171875,44046480529.0,2513.8212890625,29127380459.0,5983.25,4990120000,289.95123291015625,4465400,93.8111343383789,7298300,85.39240264892578,26218000
2025-02-25,88736.171875,92139104128.0,2493.592529296875,40044790246.0,5955.25,5374690000,288.5133361816406,3509200,94.39392852783203,5801200,86.86518096923828,50125100
2025-02-26,84347.0234375,64597492134.0,2331.45263671875,28815111323.0,5956.06005859375,4869580000,288.61181640625,2807300,94.54679870605469,5035900,87.37828063964844,32220200
2025-02-27,84704.2265625,52659591954.0,2305.484375,24286213447.0,5861.56982421875,5057680000,284.140625,2747300,94.40348052978516,6263200,86.76063537597656,53373600
2025-02-28,84373.0078125,83610570576.0,2237.9052734375,35737904667.0,5954.5,6441140000,288.5231628417969,3485800,94.82384490966797,14453000,87.82483673095703,49388600
2025-03-03,86065.671875,70072228536.0,2145.573974609375,31473561910.0,5849.72021484375,5613850000,283.3526611328125,7835600,95.0289535522461,7533500,88.23471069335938,42904200
2025-03-04,87222.1953125,68095241474.0,2170.01513671875,33935738380.0,5778.14990234375,6138110000,279.81707763671875,6449600,94.78936004638672,7532400,87.14811706542969,56722000
2025-03-05,90623.5625,50498988027.0,2241.977294921875,22105432727.0,5842.6298828125,5285970000,282.9981384277344,3662300,94.46353912353516,7302600,86.45227813720703,50215900
2025-03-06,89961.7265625,47749810486.0,2202.476806640625,18509069102.0,5738.52001953125,5165080000,277.739013671875,4836300,94.3676986694336,9946200,86.16634368896484,42827500
2025-03-07,86742.671875,65945677657.0,2138.987548828125,22425792863.0,5770.2001953125,5705140000,279.0488586425781,3868700,94.25270080566406,6450700,85.88993072509766,36903600
2025-03-10,78532.0,54061099422.0,1861.1513671875,35005066442.0,5614.56005859375,6409370000,271.4457702636719,6442900,94.70310974121094,12318600,86.7859115600586,41440800
2025-03-11,82862.2109375,54702837196.0,1919.844970703125,30898385863.0,5572.06982421875,6221240000,269.5450439453125,5282400,94.3676986694336,10187900,86.16634368896484,40555700
2025-03-12,83722.359375,40353484454.0,1908.982666015625,22898872951.0,5599.2998046875,5219830000,270.87457275390625,3996100,94.08976745605469,8436700,85.6516342163086,32734600
2025-03-13,81066.703125,31412940153.0,1862.9696044921875,17977225564.0,5521.52001953125,5018980000,267.072998046875,3932500,94.37726593017578,7959500,86.4046401977539,38675400
2025-03-14,83969.1015625,29588112414.0,1909.467529296875,12122715282.0,5638.93994140625,4863180000,272.7950134277344,3610100,94.18561553955078,8949800,85.94711303710938,24658000
2025-03-17,84075.6875,25092785558.0,1927.0029296875,10436892087.0,5675.1201171875,5031770000,275.0503845214844,3981100,94.31019592285156,10605800,86.37604522705078,26700300
2025-03-18,82718.5,24095774594.0,1932.54345703125,10170844746.0,5614.66015625,4666270000,272.0859375,3120900,94.40602111816406,9022000,86.46183013916016,23654700
2025-03-19,86854.2265625,34931960257.0,2057.7490234375,20065206266.0,5675.2900390625,4660090000,275.1783752441406,2867800,94.68394470214844,6763800,86.9098129272461,31378700
2025-03-20,84167.1953125,29028988961.0,1982.099853515625,13217865782.0,5662.89013671875,4678420000,274.5185546875,2256400,94.74144744873047,6556800,86.96699523925781,35645800
2025-03-21,84043.2421875,19030452299.0,1964.8475341796875,9708125480.0,5667.56005859375,9367460000,274.6268615722656,3382500,94.6264419555664,5028800,86.45227813720703,29192100
2025-03-24,87498.9140625,34582604933.0,2077.47900390625,14044912402.0,5767.56982421875,4517990000,279.708740234375,3251600,94.26227569580078,4894800,85.56584930419922,27985600
2025-03-25,87471.703125,30005840049.0,2067.76416015625,11735658914.0,5776.64990234375,4467340000,280.1814270019531,2517200,94.34851837158203,5663000,85.55632019042969,22333800
2025-03-26,86900.8828125,26704046038.0,2009.1893310546875,13178523590.0,5712.2001953125,4183140000,276.9018859863281,2327500,94.1185302734375,6744000,84.99394226074219,25095600
2025-03-27,87177.1015625,24413471941.0,2002.357421875,11593274543.0,5693.31005859375,4403460000,275.7307434082031,2345300,94.07060241699219,9513000,84.74613189697266,23674500
2025-03-28,84353.1484375,34198619509.0,1895.5029296875,18160526498.0,5580.93994140625,4513330000,270.23565673828125,3912900,94.61685943603516,8534000,85.91852569580078,39869400
2025-03-31,82548.9140625,29004228247.0,1823.47998046875,15765030938.0,5611.85009765625,5257250000,271.62921142578125,6064000,94.7989501953125,13350700,86.76683044433594,38824300
2025-04-01,85169.171875,28175650319.0,1905.491455078125,15001220420.0,5633.06982421875,4434500000,272.5483093261719,3269900,95.14989471435547,10295200,87.51871490478516,39800100
2025-04-02,82485.7109375,47584398470.0,1795.313232421875,22593742104.0,5670.97021484375,4243830000,274.7028503417969,2594700,95.04412841796875,8225100,87.4613265991211,43488400
2025-04-03,83102.828125,36852112080.0,1815.63720703125,16450974373.0,5396.52001953125,7210470000,260.8763122558594,8137500,95.54409790039062,9905000,87.86309051513672,57467400
2025-04-04,83843.8046875,45157640207.0,1815.335205078125,18061720814.0,5074.080078125,8853500000,245.5672607421875,16633700,95.63064575195312,14914300,88.81969451904297,92794200
2025-04-07,79235.3359375,91262424987.0,1555.240966796875,46073959047.0,5062.25,8691980000,244.76673889160156,16346700,94.41915130615234,21796300,86.1412353515625,124987600
2025-04-08,76271.953125,48314590749.0,1472.5531005859375,21315312919.0,4982.77001953125,7408140000,240.9024200439453,11064300,93.92879486083984,13173300,84.51502227783203,73861900
2025-04-09,82573.953125,84213627038.0,1668.0400390625,39252195855.0,5456.89990234375,9489600000,265.34356689453125,12138000,94.14031219482422,16244400,85.01244354248047,131353500
2025-04-10,79626.140625,44718000633.0,1522.518798828125,21379604307.0,5268.0498046875,6677140000,254.42257690429688,7255700,93.39995574951172,9940000,82.66878509521484,78592000
2025-04-11,83404.8359375,41656778779.0,1567.1497802734375,14871838813.0,5363.35986328125,5602550000,258.6822509765625,5007900,93.30382537841797,8437400,83.11840057373047,94814100
2025-04-14,84542.390625,34090769777.0,1622.7698974609375,16518325094.0,5405.97021484375,5031440000,261.0641174316406,4039900,93.85187530517578,7940600,83.71147918701172,37596400
2025-04-15,83668.9921875,28040322885.0,1588.6324462890625,13175452875.0,5396.6298828125,4317110000,260.6094665527344,4680400,94.04417419433594,10074400,84.00801849365234,22553900
2025-04-16,84033.8671875,29617804112.0,1578.1053466796875,15339621551.0,5275.7001953125,4607750000,255.1934814453125,4295500,94.34223175048828,10105000,84.47674560546875,35607300
2025-04-17,84895.75,21276866029.0,1582.54833984375,11312160796.0,5282.7001953125,4714880000,255.72715759277344,3401000,94.10186767578125,5589400,83.73062133789062,31758400
2025-04-21,87518.90625,41396190190.0,1579.7344970703125,15403785611.0,5158.2001953125,4226340000,249.6490478515625,5523200,93.5345687866211,7925700,82.26701354980469,39343200
2025-04-22,93441.890625,55899038456.0,1757.3316650390625,23747917555.0,5287.759765625,4666950000,256.00390625,3802300,93.70763397216797,6521400,82.7261962890625,32552100
2025-04-23,93699.109375,41719568821.0,1796.104248046875,22904644756.0,5375.85986328125,5371390000,260.3623962402344,6842700,93.93839263916016,13376700,83.52972412109375,44082200
2025-04-24,93943.796875,31483175315.0,1769.8316650390625,15207402759.0,5484.77001953125,4697710000,265.8475341796875,3487600,94.45761108398438,8524400,84.4097900390625,24190800
2025-04-25,94720.5,40915232364.0,1786.634521484375,17459399281.0,5525.2099609375,4236580000,267.478271484375,3220900,94.80375671386719,9058900,85.03157806396484,22513900
2025-04-28,94978.75,32363449569.0,1798.851806640625,17043640437.0,5528.75,4257880000,267.86370849609375,2507700,95.06336212158203,4890800,85.56727600097656,20130500
2025-04-29,94284.7890625,25806129921.0,1799.1756591796875,14734257744.0,5560.830078125,4747150000,269.47467041015625,2209100,95.29411315917969,6731100,86.28471374511719,22129500
2025-04-30,94207.3125,28344679831.0,1793.775390625,14810431362.0,5569.06005859375,5449490000,269.6328125,4039500,95.20757293701172,7370300,85.58639526367188,42630600
2025-05-01,96492.3359375,32875889623.0,1839.2215576171875,15861442721.0,5604.14013671875,4935270000,271.31292724609375,3238000,94.94808197021484,6912600,85.15242004394531,29932800
2025-05-02,96910.0703125,26421924677.0,1842.7078857421875,13570171872.0,5686.669921875,4854380000,275.54296875,3170800,94.48506927490234,9879200,84.2307357788086,32090400
2025-05-05,94748.0546875,25816260327.0,1819.697509765625,11389336489.0,5650.3798828125,4358260000,273.9814147949219,2820800,94.32107543945312,14273800,83.76026153564453,22862800
2025-05-06,96802.4765625,26551275827.0,1815.0875244140625,13206516310.0,5606.91015625,4717260000,271.7576599121094,2444000,94.55260467529297,11730100,84.03870391845703,21095200
2025-05-07,97032.3203125,76983822462.0,1811.606689453125,50540755039.0,5631.27978515625,4987440000,272.8843688964844,2694800,94.69729614257812,6557000,84.3939437866211,23161600
2025-05-08,103241.4609375,69895404397.0,2206.5146484375,37777245241.0,5663.93994140625,5627400000,275.0290222167969,2781500,94.20533752441406,7814200,83.4530258178711,25483700
2025-05-09,102970.8515625,58198593958.0,2345.50732421875,43766026875.0,5659.91015625,4645090000,274.7226257324219,2151200,94.30181121826172,5739200,83.57785034179688,17007900
2025-05-12,102812.953125,63250475404.0,2496.397705078125,32121858921.0,5844.18994140625,6014580000,283.9139709472656,4184800,93.98346710205078,10768200,82.8001480102539,32115000
2025-05-13,104169.8125,52608876410.0,2680.129638671875,33528741590.0,5886.5498046875,5516290000,285.8412170410156,3286800,93.88700866699219,6305500,82.46411895751953,53912200
2025-05-14,103539.4140625,45956071155.0,2610.063232421875,26602676588.0,5892.580078125,5233450000,286.0290222167969,3198800,93.61691284179688,7350600,81.91685485839844,42119800
2025-05-15,103744.640625,50408241840.0,2546.85693359375,26637688883.0,5916.93017578125,4991290000,287.1952209472656,2347000,94.14745330810547,7638900,82.63693237304688,59448000
2025-05-16,103489.2890625,44386499364.0,2536.297607421875,21298907763.0,5958.3798828125,4850850000,289.1619567871094,5440100,94.20533752441406,5262500,82.8577651977539,31778200
2025-05-19,105606.1796875,61761126647.0,2529.166748046875,27351331811.0,5963.60009765625,4144010000,289.3892822265625,3083600,94.17639923095703,7232700,82.61773681640625,49361900
2025-05-20,106791.0859375,36515726122.0,2524.173095703125,23453322578.0,5940.4599609375,4416850000,288.44049072265625,2827200,94.01240539550781,7496600,82.0224609375,35493100
2025-05-21,109678.078125,78086364051.0,2552.34716796875,31952904125.0,5844.60986328125,5254250000,283.4198303222656,3166700,93.39505004882812,12393200,80.62069702148438,77053100
2025-05-22,111673.28125,70157575642.0,2664.156982421875,26596978352.0,5842.009765625,5157050000,283.3703918457031,2738700,93.6651382446289,6084800,81.04314422607422,61747900
2025-05-23,107287.796875,67548133399.0,2526.44189453125,30536501878.0,5802.81982421875,4662820000,281.7100524902344,2855800,93.8001937866211,5210500,81.17757415771484,47139200
2025-05-27,108994.640625,57450176272.0,2663.06982421875,26264200536.0,5921.5400390625,5366380000,287.5015563964844,2980600,94.22463989257812,7461500,82.31051635742188,56773400
2025-05-28,107802.328125,49155377493.0,2682.212890625,19087366068.0,5888.5498046875,4665050000,285.8115539550781,2413800,94.05101013183594,4909200,81.95524597167969,34806800
2025-05-29,105641.7578125,56022752042.0,2632.65478515625,27567479811.0,5912.169921875,4569750000,286.730712890625,3850800,94.39825439453125,7724100,82.7137451171875,38933200
2025-05-30,103998.5703125,57655287183.0,2529.943603515625,24599403943.0,5911.68994140625,6378540000,286.4934997558594,3178000,94.62977600097656,15488400,82.83856201171875,49042100
2025-06-02,105881.53125,45819706290.0,2607.097412109375,16744168824.0,5935.93994140625,4832240000,287.9562072753906,2845900,94.38103485107422,28390000,82.06761169433594,46213100
2025-06-03,105432.46875,46196508367.0,2593.2802734375,18291179016.0,5970.3701171875,5026680000,289.9427490234375,3493700,94.31330108642578,7177600,81.92305755615234,33731300
2025-06-04,104731.984375,44544857105.0,2608.64306640625,18621211035.0,5970.81005859375,4767050000,289.9130859375,2718900,94.87462615966797,7761500,83.2529525756836,57441500
2025-06-05,101575.953125,57479298400.0,2416.28564453125,26194462737.0,5939.2998046875,5091850000,288.31201171875,3034300,94.6326675415039,10456500,83.31076049804688,37664700
2025-06-06,104390.34375,48856653697.0,2477.19482421875,19407449565.0,6000.35986328125,4355710000,291.6722717285156,2308800,94.14876556396484,6299900,82.25070190429688,38130100
2025-06-09,110294.1015625,55903193732.0,2681.51708984375,20605172560.0,6005.8798828125,4642360000,291.90948486328125,3119700,94.26490020751953,7096500,82.33744049072266,26560800
2025-06-10,110257.234375,54700101509.0,2813.517578125,35555755055.0,6038.81005859375,4882880000,293.4512634277344,2823100,94.47782897949219,4990900,82.7614517211914,24857000
2025-06-11,108686.625,50842662052.0,2773.529296875,30705408054.0,6022.240234375,5111550000,292.6705017089844,2706600,94.79718780517578,5992400,83.01202392578125,36334800
2025-06-12,105929.0546875,54843867968.0,2651.795166015625,25924959613.0,6045.259765625,4669500000,293.609375,3092300,95.14561462402344,5726200,84.00462341308594,43017800
2025-06-13,106090.96875,69550440846.0,2579.486083984375,37986747138.0,5976.97021484375,5258910000,290.1404113769531,3383100,94.806884765625,8050300,83.19512176513672,49374000
2025-06-16,106796.7578125,50366626945.0,2540.60498046875,22792449577.0,6033.10986328125,5111710000,293.00653076171875,3113100,94.61331939697266,5680900,82.35670471191406,36496600
2025-06-17,104601.1171875,55964092176.0,2510.761474609375,25653232897.0,5982.72021484375,4955700000,290.56536865234375,2720400,94.90364837646484,5312000,83.35894012451172,34521600
2025-06-18,104883.328125,47318089133.0,2524.301513671875,19873957905.0,5980.8701171875,5106470000,290.674072265625,2409300,94.97139739990234,5907900,83.50350189208984,38589000
2025-06-20,103309.6015625,50951862476.0,2407.30419921875,22592586688.0,5967.83984375,7451500000,290.0020446777344,2686100,95.05850982666016,6213000,83.34930419921875,26001900
2025-06-23,105577.7734375,65237759656.0,2421.824951171875,26247439429.0,6025.169921875,5597000000,292.7890930175781,3340000,95.25206756591797,5884600,83.61914825439453,36851800
2025-06-24,106045.6328125,48822986421.0,2448.0087890625,19539047009.0,6092.18017578125,5443690000,296.2086486816406,3225300,95.63920593261719,7907600,84.22626495361328,32959100
2025-06-25,107361.2578125,51624120283.0,2419.310302734375,17158118625.0,6092.16015625,5171110000,295.8627624511719,3025900,95.6295166015625,8434800,84.332275390625,26345300
2025-06-26,106960.0,43891990613.0,2416.146728515625,18300413888.0,6141.02001953125,5308140000,298.41259765625,2286100,95.89083099365234,9775100,84.75628662109375,30467500
2025-06-27,107088.4296875,45353692675.0,2423.866943359375,15309834970.0,6173.06982421875,7889350000,299.7666015625,3189900,95.61983489990234,25931600,84.21662902832031,74993500
2025-06-30,107135.3359375,42064804590.0,2486.46435546875,16859727663.0,6204.9501953125,5782900000,301.2862854003906,3100000,96.0069808959961,14036800,85.04539489746094,53695200
2025-07-01,105698.28125,44110692247.0,2405.792724609375,15025451796.0,6198.009765625,6275310000,301.2862854003906,3970600,95.91861724853516,18480200,85.25627136230469,38960600
2025-07-02,108859.3203125,56248657737.0,2571.33544921875,22792512025.0,6227.419921875,5645710000,302.8525390625,4474700,95.80208587646484,8756000,84.714599609375,39382200
2025-07-03,109647.9765625,50494742270.0,2591.00732421875,20873559425.0,6279.35009765625,3378110000,305.3505859375,2238100,95.60791015625,4583200,84.12454223632812,26729100
2025-07-07,108299.8515625,45415696597.0,2543.01318359375,18440266947.0,6229.97998046875,5236740000,302.9417419433594,4255800,95.2680892944336,8088100,83.32169342041016,38314700
2025-07-08,108950.2734375,44282204127.0,2615.505859375,17537487206.0,6225.52001953125,5739030000,302.9219055175781,3497900,95.22926330566406,7804200,83.21530151367188,31407000
2025-07-09,111326.5546875,57927418065.0,2770.777587890625,27229452849.0,6263.259765625,4813340000,304.8251953125,2838800,95.62733459472656,11043600,84.08586120605469,29821900
2025-07-10,115987.203125,95911605728.0,2954.84521484375,33929201261.0,6280.4599609375,5367350000,305.6380920410156,2598100,95.59819793701172,5125300,84.14388275146484,24525500
2025-07-11,117516.9921875,86928361085.0,2957.88623046875,36226558863.0,6259.75,4656210000,304.3493957519531,2909500,95.20013427734375,6106500,82.98316192626953,40764800
2025-07-14,119849.703125,181746419401.0,3013.350830078125,36349290556.0,6268.56005859375,4722250000,305.04327392578125,2364500,95.1904067993164,6231400,82.80903625488281,24609500
2025-07-15,117777.1875,98321661181.0,3139.8896484375,39013656112.0,6243.759765625,5133670000,303.4374084472656,3447800,94.9088363647461,9681000,82.22868347167969,40455000
2025-07-16,118738.5078125,72162029070.0,3371.5068359375,46771354461.0,6263.7001953125,5177460000,304.5873107910156,3069700,95.04476165771484,23556800,82.34474182128906,65987700
2025-07-17,119289.84375,72363841798.0,3476.784423828125,47532846793.0,6297.35986328125,5512290000,306.56988525390625,4953000,95.08361053466797,8355500,82.32539367675781,31875500
2025-07-18,118003.2265625,77945799785.0,3549.016357421875,59198465810.0,6296.7900390625,5184700000,306.4013977050781,2609100,95.25838470458984,8443800,82.45114135742188,27534900
2025-07-21,117439.5390625,69820091744.0,3763.371337890625,42611467663.0,6305.60009765625,5010840000,306.74835205078125,3205000,95.52052307128906,6865700,83.186279296875,40019500
2025-07-22,119995.4140625,79217583118.0,3749.1455078125,45248868820.0,6309.6201171875,5662040000,307.1051940917969,2117300,95.70501708984375,6172700,83.68927001953125,35190300
2025-07-23,118754.9609375,66608604537.0,3629.70361328125,41283228953.0,6358.91015625,5642510000,309.6925048828125,3970900,95.49138641357422,7466900,83.22498321533203,31008500
2025-07-24,118368.0,72627318560.0,3708.005615234375,40377960354.0,6363.35009765625,5282720000,309.58343505859375,3661700,95.43316650390625,9643800,83.07987213134766,25164800
2025-07-25,117635.8828125,104857024569.0,3727.266845703125,42264509577.0,6388.64013671875,4470720000,310.96136474609375,3233200,95.58849334716797,5530400,83.60221099853516,27196200
2025-07-28,117924.4765625,64822943193.0,3787.42578125,35831336149.0,6389.77001953125,4565620000,310.8721618652344,4797900,95.46226501464844,7032200,83.06055450439453,26812500
2025-07-29,117922.1484375,68463107433.0,3793.454833984375,35540435995.0,6370.85986328125,5076120000,309.8907775878906,3745600,95.97686004638672,12015200,84.46309661865234,47828300
2025-07-30,117831.1875,68896148592.0,3808.20166015625,34392494235.0,6362.89990234375,5375070000,309.53387451171875,5966800,95.70501708984375,8305400,84.02782440185547,40670900
2025-07-31,115758.203125,69370346018.0,3696.707763671875,32839839444.0,6339.39013671875,6077080000,308.1857604980469,4685900,95.7535629272461,19774600,84.07616424560547,49814100
2025-08-01,113320.0859375,91294530181.0,3488.365966796875,46261558200.0,6238.009765625,5827150000,303.08050537109375,5607300,96.58163452148438,12416200,85.27145385742188,63434500
2025-08-04,115071.8828125,35783028986.0,3718.986083984375,30905749658.0,6329.93994140625,4842580000,307.828857421875,4118100,96.65955352783203,6717900,85.5044937133789,36425200
2025-08-05,114141.4453125,61039182286.0,3611.8994140625,32778742296.0,6299.18994140625,5517410000,306.47076416015625,4491800,96.68878173828125,9092400,85.76665496826172,28586100
2025-08-06,115028.0,56379133510.0,3683.920654296875,26924415763.0,6345.06005859375,5408560000,308.5426025390625,3226400,96.64981079101562,8102700,85.27145385742188,42589300
2025-08-07,117496.8984375,64051649681.0,3914.325927734375,38627826066.0,6340.0,5306090000,308.3641662597656,2974400,96.5718765258789,7869300,85.12580871582031,29213100
2025-08-08,116688.7265625,59713005166.0,4009.848876953125,45460293892.0,6389.4501953125,4769910000,310.30712890625,2881400,96.38678741455078,8238100,84.75684356689453,21596300
2025-08-11,118731.4453125,90528784177.0,4226.966796875,49989853803.0,6373.4501953125,4652400000,309.5933532714844,4275200,96.45498657226562,9698300,84.85393524169922,20100900
2025-08-12,120172.90625,72803657984.0,4590.9248046875,57237189036.0,6445.759765625,5135300000,313.380126953125,3340100,96.45498657226562,12239500,84.42669677734375,41052300
2025-08-13,123344.0625,90904808795.0,4756.27587890625,62550014642.0,6466.580078125,5195950000,314.8968505859375,2893600,96.80569458007812,5386800,85.12580871582031,30817500
2025-08-14,118359.578125,104055627395.0,4548.16650390625,75681632806.0,6468.5400390625,4462050000,314.4309387207031,3487000,96.53290557861328,5208500,84.49465942382812,33397400
2025-08-15,117398.3515625,68665353159.0,4439.98876953125,55445715824.0,6449.7998046875,4575060000,313.7171936035156,3434100,96.38678741455078,6884600,83.89266204833984,36343600
2025-08-18,116252.3125,72787808090.0,4312.5048828125,53518423360.0,6449.14990234375,4162290000,313.8361511230469,3788600,96.27962493896484,7906400,83.64991760253906,26777500
2025-08-19,112831.1796875,71657600353.0,4073.464111328125,50440367102.0,6411.3701171875,4377440000,311.932861328125,4135700,96.46470642089844,9946800,84.13541412353516,28780600
2025-08-20,114274.7421875,67993811526.0,4334.50048828125,49577862965.0,6395.77978515625,4470390000,311.1100769042969,6190300,96.52316284179688,5615200,84.31989288330078,25912500
2025-08-21,112419.03125,57817883700.0,4223.2099609375,33618359942.0,6370.169921875,4013560000,310.0394592285156,2697000,96.29911041259766,7129200,83.90238189697266,28643900
2025-08-22,116874.0859375,82528088240.0,4831.3486328125,75965521535.0,6466.91015625,5046860000,315.4123229980469,3548300,96.83491516113281,9451400,84.5238037109375,49871900
2025-08-25,110124.3515625,85706860190.0,4372.98779296875,63936163545.0,6439.31982421875,4059070000,313.8955993652344,2792700,96.68878173828125,5624900,84.28105926513672,27011900
2025-08-26,111802.65625,69396320317.0,4600.4267578125,53829747706.0,6465.93994140625,4867680000,315.3230895996094,2832000,96.80569458007812,4696000,84.23251342773438,30259300
2025-08-27,111222.0625,62137056409.0,4503.39306640625,43509902322.0,6481.39990234375,4143680000,316.16571044921875,5481300,96.9030990600586,7320800,84.13541412353516,38142800
2025-08-28,112544.8046875,58860155962.0,4507.177734375,36045274078.0,6501.85986328125,4283760000,317.3156433105469,3236900,97.0199966430664,7068500,84.68888092041016,32205900
2025-08-29,108410.8359375,77843379644.0,4360.15283203125,46899991962.0,6460.259765625,4234840000,315.43212890625,3418800,96.89334869384766,9181400,84.08686065673828,41686400
2025-09-02,111200.5859375,74776999491.0,4325.36572265625,39884692334.0,6415.5400390625,4784000000,313.2413635253906,4816300,96.63629913330078,8529800,83.46112060546875,48760600
2025-09-03,111723.2109375,61119643565.0,4450.38916015625,35260873497.0,6448.259765625,4465360000,314.5697021484375,3161400,96.98817443847656,8400000,84.37731170654297,52499500
2025-09-04,110723.6015625,60131132901.0,4298.744140625,34919798552.0,6502.080078125,4670770000,317.35528564453125,3042000,97.3791275024414,6297100,85.02059936523438,40501600
2025-09-05,110650.984375,60241647677.0,4306.98876953125,44163736676.0,6481.5,5066120000,316.7703552246094,3872100,97.83850860595703,7617200,86.31690216064453,69668000
2025-09-08,112071.4296875,40212813407.0,4308.072265625,32277142378.0,6495.14990234375,5211500000,317.7815246582031,4149800,98.17082977294922,7202700,87.4670181274414,54538700
2025-09-09,111530.546875,45984480722.0,4309.04150390625,30703320925.0,6512.60986328125,4798350000,318.1879577636719,3110500,97.97534942626953,7090000,86.96995544433594,37126400
2025-09-10,113955.359375,56377473784.0,4349.14599609375,39521365146.0,6532.0400390625,5253010000,319.0008239746094,3702700,98.17082977294922,5952400,87.4670181274414,40713600
2025-09-11,115507.5390625,45685065332.0,4461.2333984375,35959212991.0,6587.47021484375,5426460000,321.95489501953125,3577800,98.3565444946289,6776500,88.05181884765625,46694400
2025-09-12,116101.578125,54785725894.0,4715.24609375,43839753626.0,6584.2900390625,4641640000,321.4889831542969,3055600,98.26856994628906,6525900,87.67169952392578,32968600
2025-09-15,115444.875,52937859416.0,4526.8203125,40224062009.0,6615.27978515625,5045020000,323.0552673339844,3200800,98.43473052978516,5039000,87.87638854980469,24820100
2025-09-16,116843.1875,45781744593.0,4503.564453125,32761501436.0,6606.759765625,5359510000,322.6190490722656,3709300,98.47383880615234,8264600,88.06156921386719,26794200
2025-09-17,116468.5078125,60528025996.0,4592.7333984375,44120899417.0,6600.35009765625,5805340000,322.33160400390625,3643200,98.29788970947266,7878300,87.83740234375,49121800
2025-09-18,117137.203125,49457272032.0,4589.9189453125,33497259158.0,6631.9599609375,5292400000,324.36376953125,3112500,98.02423095703125,7123700,86.93096160888672,55717900
2025-09-19,115688.859375,38828473971.0,4470.9169921875,30352619653.0,6664.35986328125,9125960000,325.5830993652344,3610400,98.02423095703125,7238500,86.7652587890625,32509200
2025-09-22,112748.5078125,70684158591.0,4202.87744140625,58221334533.0,6693.75,5642620000,326.9906921386719,3434800,97.90693664550781,5642100,86.45335388183594,24758200
2025-09-23,112014.5,47211853279.0,4165.50390625,32460075911.0,6656.919921875,5633620000,325.236083984375,3455200,98.06331634521484,8095500,87.05765533447266,26689000
2025-09-24,113328.6328125,48044595085.0,4153.46923828125,33538388785.0,6637.97021484375,5459180000,324.0465393066406,2957000,97.87761688232422,6610800,86.72628021240234,28098000
2025-09-25,109049.2890625,75528654284.0,3868.333984375,68963092031.0,6604.72021484375,5874670000,322.311767578125,4108100,97.74076843261719,8743500,86.72628021240234,29882500
2025-09-26,109712.828125,57738288949.0,4035.887939453125,47873508328.0,6643.7001953125,5103110000,324.333984375,3169300,97.80919647216797,6868100,86.64830017089844,30955100
2025-09-29,114400.3828125,60000147466.0,4217.341796875,38560429932.0,6661.2099609375,5358760000,325.1561279296875,3711800,97.99490356445312,7751600,87.35980987548828,32286200
2025-09-30,114056.0859375,58986330258.0,4145.95751953125,37679153330.0,6688.4599609375,6057210000,326.2197570800781,4210900,97.98512268066406,12400700,87.10639953613281,38584000
2025-10-01,118648.9296875,71328680132.0,4351.1123046875,46161664723.0,6711.2001953125,6037950000,327.35296630859375,5983100,98.23517608642578,6961300,87.33135223388672,39408900
2025-10-02,120681.2578125,71415163912.0,4487.923828125,48074066058.0,6715.35009765625,5416130000,327.8301086425781,4010500,98.34304809570312,6055800,87.58564758300781,23208300
2025-10-03,122266.53125,83941392228.0,4514.87060546875,49603450230.0,6715.7900390625,5713110000,328.0090637207031,4894000,98.23517608642578,5268700,87.41937255859375,25884500
2025-10-06,124752.53125,72568881188.0,4687.771484375,44992456374.0,6740.27978515625,5604460000,329.2416687011719,4899400,98.01944732666016,6950200,86.72494506835938,28371000
2025-10-07,121451.3828125,76149412513.0,4451.15185546875,54879425294.0,6714.58984375,5546150000,327.6611328125,4956100,98.18614196777344,6379200,87.2237548828125,29103300
2025-10-08,123354.8671875,65354305286.0,4527.64794921875,40456628235.0,6753.72021484375,5383130000,329.838134765625,3149300,98.19595336914062,5726900,87.29222869873047,22506200
2025-10-09,121705.5859375,74653009425.0,4369.1435546875,47903074596.0,6735.10986328125,5385020000,328.6949462890625,3803200,98.07828521728516,5199500,87.2237548828125,21578700
2025-10-10,113214.3671875,153125018868.0,3843.0087890625,97736621123.0,6552.509765625,6596610000,319.8876037597656,7886700,98.48031616210938,10204100,88.63218688964844,59389400
2025-10-13,115271.078125,71582026739.0,4245.4677734375,50253782420.0,6654.72021484375,5303960000,324.98712158203125,4476800,98.66664123535156,8320400,88.5832748413086,28035500
2025-10-14,113118.6640625,92212917403.0,4125.412109375,67094148347.0,6644.31005859375,5666920000,324.8876953125,6307300,98.82352447509766,8508700,88.86690521240234,29800000
2025-10-15,110783.1640625,72574132855.0,3987.45947265625,50462889453.0,6671.06005859375,5633060000,326.42852783203125,4245600,98.7843017578125,6297000,88.67130279541016,31333900
2025-10-16,108186.0390625,87306423067.0,3894.75439453125,49147390731.0,6629.06982421875,6048180000,323.8340148925781,5328500,99.1373062133789,10035200,89.33638000488281,39631200
2025-10-17,106467.7890625,99703051669.0,3832.558837890625,57404271888.0,6664.009765625,5358120000,325.3548889160156,5646800,99.0000228881836,11738900,89.19944763183594,40240400
2025-10-20,110588.9296875,63507793085.0,3980.76025390625,40224612563.0,6735.1298828125,4672170000,328.9832458496094,3919600,99.16673278808594,7299100,89.54178619384766,28429300
2025-10-21,108476.890625,101194375480.0,3876.76416015625,49960290350.0,6735.35009765625,5245020000,328.9434814453125,4099800,99.2647933959961,12965900,89.98190307617188,24514300
2025-10-22,107688.5859375,80807013218.0,3808.122314453125,46173305673.0,6699.39990234375,5710010000,326.9454040527344,7357900,99.25498962402344,13263200,90.04058074951172,30496200
2025-10-23,110069.7265625,54944076060.0,3856.0263671875,36361652714.0,6738.43994140625,5565750000,329.0428771972656,2955700,99.07848358154297,9975000,89.42440795898438,28275100
2025-10-24,111033.921875,48160816980.0,3934.5673828125,34090708715.0,6791.68994140625,5058220000,331.726806640625,3780100,99.17652893066406,6544500,89.46353149414062,28266000
2025-10-27,114119.328125,61761358733.0,4120.1220703125,40271333201.0,6875.16015625,5290650000,335.4246826171875,5496100,99.24518585205078,8527600,89.76673126220703,30033600
2025-10-28,112956.1640625,64528066504.0,3982.262451171875,39684155177.0,6890.89013671875,5695930000,335.9416198730469,3765000,99.30401611328125,10300500,90.00145721435547,23564500
2025-10-29,110055.3046875,62192043469.0,3903.35302734375,35255876156.0,6890.58984375,6280130000,335.70306396484375,4818800,98.83332824707031,9275700,89.09185791015625,39551600
2025-10-30,108305.546875,69673964814.0,3804.375244140625,39981939289.0,6822.33984375,6052700000,332.0946044921875,5025800,98.64702606201172,13563800,88.573486328125,42649200
2025-10-31,109556.1640625,60090359560.0,3847.080322265625,37800100395.0,6840.2001953125,6398280000,333.4266662597656,4243100,98.58818817138672,13111900,88.30941009521484,38247300
2025-11-03,106547.5234375,72852006359.0,3602.30810546875,53091469560.0,6851.97021484375,6065720000,333.80438232421875,3344400,98.46717834472656,9042100,88.08855438232422,40752300
2025-11-04,101590.5234375,110967184773.0,3292.574462890625,76827517773.0,6771.5498046875,5739510000,329.7685241699219,3288700,98.5163803100586,29687500,88.28488159179688,26383800
2025-11-05,103891.8359375,77584934804.0,3425.171142578125,46955882330.0,6796.2900390625,5939600000,331.1800842285156,3147000,98.25074768066406,8164900,87.3228988647461,44643400
2025-11-06,101301.2890625,63932752861.0,3312.2578125,36731850433.0,6720.31982421875,6051900000,327.41259765625,2968100,98.61474609375,7247600,88.10818481445312,33027400
2025-11-07,103372.40625,92168030081.0,3435.301025390625,42609994022.0,6728.7998046875,5926070000,328.12835693359375,4707100,98.57540130615234,5708300,87.92167663574219,28530100
2025-11-10,105996.59375,69585887229.0,3568.4599609375,35638045619.0,6832.43017578125,5366050000,332.92962646484375,3658900,98.53604888916016,7945000,87.90205383300781,24093500
2025-11-11,102997.46875,71130078574.0,3415.2822265625,39734688531.0,6846.60986328125,4983490000,333.7447509765625,2506400,98.8311767578125,5186200,88.30451202392578,18942300
2025-11-12,101663.1875,64347179408.0,3413.09423828125,34898956623.0,6850.919921875,5293610000,333.8640441894531,2730900,98.79183197021484,6267300,88.4615707397461,23594900
2025-11-13,99697.4921875,101546815416.0,3232.757080078125,50283416669.0,6737.490234375,5473720000,327.94940185546875,4213800,98.49668884277344,7541600,87.73516845703125,33825900
2025-11-14,94397.7890625,114346441890.0,3103.78564453125,47003809463.0,6734.10986328125,5042660000,327.8996887207031,3669200,98.3786392211914,6350400,87.23456573486328,38550500
2025-11-17,92093.875,94186165724.0,3024.538818359375,41026793235.0,6672.41015625,5204220000,324.4900817871094,4336700,98.3983154296875,7821800,87.45050811767578,25605800
2025-11-18,92948.875,101333569062.0,3122.97900390625,41581494270.0,6617.31982421875,5159390000,322.293212890625,5563300,98.45734405517578,7731800,87.42106628417969,31967400
2025-11-19,91465.9921875,80350354656.0,3023.07080078125,40229739844.0,6642.16015625,5021610000,323.346923828125,3538300,98.45734405517578,8951700,87.24436950683594,25782400
2025-11-20,86631.8984375,97970645638.0,2831.777587890625,43917885207.0,6538.759765625,5596080000,318.1977233886719,4176000,98.57540130615234,12968000,87.58794403076172,32945000
2025-11-21,85090.6875,129157506112.0,2765.69921875,51476486049.0,6602.990234375,5929930000,321.8757019042969,4695300,98.81150817871094,9334500,87.85297393798828,41938600
2025-11-24,88270.5625,74433896110.0,2952.71337890625,32491657389.0,6705.1201171875,6039740000,326.6869812011719,4167600,99.00827026367188,7717600,88.35359191894531,30865700
2025-11-25,87341.890625,64837343545.0,2957.936279296875,23336017779.0,6765.8798828125,5003330000,330.18603515625,3654300,99.1656723022461,16788400,88.57936096191406,36503300
2025-11-26,90518.3671875,66496301869.0,3027.81201171875,21433162961.0,6812.60986328125,4485000000,332.4524841308594,2745500,99.32306671142578,8935000,88.97199249267578,34099000
2025-11-28,90919.265625,60895830289.0,3032.304443359375,20659958964.0,6849.08984375,2558540000,334.3113708496094,2288300,99.18534851074219,5064800,88.5499038696289,40704300
2025-12-01,86321.5703125,87962894424.0,2800.18896484375,36679598313.0,6812.6298828125,4549370000,332.6711730957031,4270600,98.75700378417969,7249300,87.44757843017578,47086600
2025-12-02,91350.203125,78546798211.0,2997.939697265625,26593645111.0,6829.3701171875,4582290000,333.06878662109375,2920000,98.88530731201172,7972000,87.48697662353516,27605700
2025-12-03,93527.8046875,77650204986.0,3191.57177734375,29949301036.0,6849.72021484375,4736780000,334.5599060058594,3779900,99.07282257080078,9744400,87.73324584960938,23278600
2025-12-04,92141.625,64538402681.0,3134.31640625,27434991113.0,6857.1201171875,4872440000,335.08673095703125,3587800,98.83595275878906,6953200,87.26040649414062,25541500
2025-12-05,89387.7578125,63256398633.0,3024.432861328125,28000268228.0,6870.39990234375,4944560000,335.5539245605469,3340500,98.7273941040039,6870000,86.85650634765625,32808100
2025-12-08,90640.203125,57394099056.0,3125.197998046875,25262165670.0,6846.509765625,4757130000,334.56982421875,3532800,98.56947326660156,8039100,86.57083129882812,32255200
2025-12-09,92691.7109375,66861721440.0,3321.114990234375,32012553374.0,6840.509765625,4508050000,334.2318420410156,3035700,98.48064422607422,5967900,86.65949249267578,25771800
2025-12-10,92020.9453125,65420694513.0,3325.39013671875,30694387989.0,6886.68017578125,5526570000,336.71697998046875,5697100,98.79647064208984,9279700,86.99443054199219,46833500
2025-12-11,92511.3359375,64532834621.0,3237.056884765625,29066243707.0,6901.0,5021060000,337.8502197265625,3819000,98.81622314453125,9961200,86.876220703125,26778700
2025-12-12,90270.4140625,80275884583.0,3084.172607421875,24391003174.0,6827.41015625,4910160000,333.9932556152344,4258900,98.51024627685547,7588300,86.03887176513672,47030100
2025-12-15,86419.78125,45559514323.0,2964.18310546875,28765976892.0,6816.509765625,4975600000,333.337158203125,3571900,98.60895538330078,9960300,86.09798431396484,28611800
2025-12-16,87843.984375,41262178223.0,2964.180908203125,22709189818.0,6800.259765625,4983180000,332.3729553222656,4129200,98.79647064208984,8614000,86.57083129882812,41018700
2025-12-17,86143.7578125,44243392914.0,2831.403564453125,26159825528.0,6721.43017578125,5122120000,328.74462890625,3980300,98.7668685913086,12011000,86.49201965332031,24668300
2025-12-18,85462.5078125,52667115348.0,2827.069091796875,29194181349.0,6774.759765625,5101190000,331.2695617675781,3347700,99.01361846923828,8191000,86.90577697753906,39048900
2025-12-19,88103.3828125,46733310561.0,2977.970703125,27870687989.0,6834.5,8554470000,334.2218933105469,4022600,98.86902618408203,6216400,86.58140563964844,37858100
2025-12-22,88490.015625,38047472118.0,3006.07373046875,20342034264.0,6878.490234375,4465030000,336.5456237792969,3782100,98.82942199707031,6178400,86.39350128173828,25547100
2025-12-23,87414.0,43683011533.0,2963.3740234375,21453213168.0,6909.7900390625,3820560000,337.662109375,3611100,98.82942199707031,9744100,86.53194427490234,33624100
2025-12-24,87611.9609375,25550297986.0,2945.590576171875,13984770325.0,6932.0498046875,1798270000,338.8185119628906,4006500,99.04727935791016,4483900,87.05609130859375,25942000
2025-12-26,87301.4296875,42455674908.0,2925.74560546875,18562196049.0,6929.93994140625,2586550000,338.6091613769531,3543600,99.06709289550781,6503700,86.769287109375,26522700
2025-12-29,87138.140625,48411625849.0,2934.538330078125,25957694515.0,6905.740234375,3541750000,337.3331604003906,3795900,99.18592834472656,7886700,87.09564971923828,29399800
2025-12-30,88430.1328125,35586356225.0,2971.416748046875,18816704381.0,6896.240234375,3309930000,336.7948303222656,3576200,99.14630889892578,7955800,86.8879623413086,25106800
2025-12-31,87508.828125,33830210616.0,2967.03759765625,16451891101.0,6845.5,3261830000,334.222900390625,3493700,98.90863800048828,13535500,86.19571685791016,36500000
