date,open,high,low,close,adj_close,volume
2014-01-02,95.76000213623047,95.76000213623047,94.81999969482422,95.08000183105469,77.40084075927734,3728200
2014-01-03,95.29000091552734,95.44000244140625,94.94999694824219,95.05999755859375,77.38453674316406,3206300
2014-01-06,95.5,95.55999755859375,94.66999816894531,94.80999755859375,77.18101501464844,3169400
2014-01-07,95.19000244140625,95.58999633789062,95.0999984741211,95.41999816894531,77.67759704589844,2617200
2014-01-08,95.44000244140625,95.62000274658203,95.08999633789062,95.48999786376953,77.73457336425781,3783100
2014-01-09,95.83000183105469,95.83000183105469,95.0999984741211,95.56999969482422,77.79969787597656,3440500
2014-01-10,95.77999877929688,95.87000274658203,95.30000305175781,95.83999633789062,78.01946258544922,2903700
2014-01-13,95.75,95.87999725341797,94.38999938964844,94.62999725341797,77.03448486328125,4322200
2014-01-14,94.93000030517578,95.7300033569336,94.7300033569336,95.66999816894531,77.88111114501953,2660500
2014-01-15,95.94000244140625,96.29000091552734,95.83999633789062,96.1500015258789,78.27183532714844,2525100
2014-01-16,96.05000305175781,96.12000274658203,95.79000091552734,96.08000183105469,78.21488189697266,3058200
2014-01-17,96.0,96.12999725341797,95.55000305175781,95.70999908447266,77.9136962890625,2716300
2014-01-21,96.36000061035156,96.36000061035156,95.44000244140625,96.02999877929688,78.17415618896484,5557200
2014-01-22,96.2699966430664,96.30000305175781,95.91000366210938,96.20999908447266,78.32071685791016,1860300
2014-01-23,95.7699966430664,95.8499984741211,94.91000366210938,95.37999725341797,77.64503479003906,3223500
2014-01-24,94.7699966430664,94.88999938964844,93.29000091552734,93.31999969482422,75.96807098388672,7275200
2014-01-27,93.31999969482422,93.5999984741211,92.20999908447266,92.72000122070312,75.47962188720703,6664700
2014-01-28,92.88999938964844,93.47000122070312,92.80000305175781,93.37000274658203,76.00877380371094,10136000
2014-01-29,92.66999816894531,93.08000183105469,92.18000030517578,92.41000366210938,75.22728729248047,4720200
2014-01-30,93.2300033569336,93.77999877929688,92.95999908447266,93.48999786376953,76.10646057128906,2540800
2014-01-31,92.44000244140625,93.55000305175781,92.27999877929688,92.87999725341797,75.60987091064453,4099600
2014-02-03,92.83999633789062,93.05000305175781,90.54000091552734,90.69999694824219,73.83523559570312,6568100
2014-02-04,91.19999694824219,91.62999725341797,90.77999877929688,91.38999938964844,74.39694213867188,3427200
2014-02-05,91.0199966430664,91.44000244140625,90.38999938964844,91.25,74.28295135498047,3407300
2014-02-06,91.48999786376953,92.37000274658203,91.3499984741211,92.36000061035156,75.18656921386719,3237300
2014-02-07,92.94000244140625,93.61000061035156,92.52999877929688,93.55000305175781,76.15531158447266,3538500
2014-02-10,93.62000274658203,93.73999786376953,93.26000213623047,93.66000366210938,76.2448501586914,3419800
2014-02-11,93.98999786376953,94.94999694824219,93.81999969482422,94.7300033569336,77.11588287353516,4287900
2014-02-12,94.91000366210938,95.20999908447266,94.62999725341797,94.86000061035156,77.22171783447266,3128700
2014-02-13,94.1500015258789,95.5199966430664,94.1500015258789,95.44000244140625,77.69387817382812,2726400
2014-02-14,95.4000015258789,96.05000305175781,95.22000122070312,95.9000015258789,78.06835174560547,2244000
2014-02-18,96.05999755859375,96.2699966430664,95.7699966430664,96.18000030517578,78.29629516601562,3006400
2014-02-19,95.97000122070312,96.5,95.44000244140625,95.54000091552734,77.77529907226562,2320600
2014-02-20,95.6500015258789,96.33000183105469,95.33000183105469,96.18000030517578,78.29629516601562,2657600
2014-02-21,96.38999938964844,96.52999877929688,96.02999877929688,96.0999984741211,78.23116302490234,1952000
2014-02-24,96.37999725341797,97.2699966430664,96.30999755859375,96.6500015258789,78.67889404296875,2357600
2014-02-25,96.7699966430664,97.01000213623047,96.27999877929688,96.61000061035156,78.64630889892578,2427300
2014-02-26,96.83000183105469,97.0999984741211,96.44999694824219,96.70999908447266,78.72772979736328,1934600
2014-02-27,96.62999725341797,97.22000122070312,96.47000122070312,97.22000122070312,79.14289855957031,1594000
2014-02-28,97.16999816894531,97.86000061035156,96.73999786376953,97.4000015258789,79.2894515991211,2302800
2014-03-03,96.56999969482422,96.87999725341797,96.01000213623047,96.69000244140625,78.71145629882812,2743400
2014-03-04,97.93000030517578,98.3499984741211,97.63999938964844,98.20999908447266,79.94880676269531,3105300
2014-03-05,98.26000213623047,98.37999725341797,98.08999633789062,98.2300033569336,79.96510314941406,1855300
2014-03-06,98.54000091552734,98.6500015258789,98.2699966430664,98.41000366210938,80.11162567138672,2084500
2014-03-07,98.83999633789062,98.8499984741211,98.0,98.37999725341797,80.08721923828125,2312100
2014-03-10,98.31999969482422,98.4000015258789,97.7300033569336,98.30999755859375,80.03022766113281,2586600
2014-03-11,98.5,98.62999725341797,97.52999877929688,97.76000213623047,79.5824966430664,3718500
2014-03-12,97.36000061035156,97.86000061035156,97.02999877929688,97.83000183105469,79.63947296142578,2225600
2014-03-13,98.18000030517578,98.2699966430664,96.41999816894531,96.69999694824219,78.71955871582031,3482400
2014-03-14,96.51000213623047,97.06999969482422,96.43000030517578,96.58000183105469,78.62190246582031,2892400
2014-03-17,97.08999633789062,97.66000366210938,97.05999755859375,97.3499984741211,79.24873352050781,2735800
2014-03-18,97.6500015258789,98.27999877929688,97.5,98.18000030517578,79.92440032958984,3672500
2014-03-19,98.20999908447266,98.27999877929688,97.0199966430664,97.62000274658203,79.46852111816406,2705400
2014-03-20,97.38999938964844,98.19000244140625,97.20999908447266,98.11000061035156,79.867431640625,1466900
2014-03-21,98.56999969482422,98.69000244140625,97.6500015258789,97.75,79.5743408203125,2821700
2014-03-24,98.11000061035156,98.19999694824219,96.7300033569336,97.18000030517578,79.1103515625,3922600
2014-03-25,97.19999694824219,97.58000183105469,96.58999633789062,97.0999984741211,79.39080047607422,1740900
2014-03-26,97.5199966430664,97.6500015258789,96.2699966430664,96.29000091552734,78.728515625,2896000
2014-03-27,96.08999633789062,96.5,95.69000244140625,96.08999633789062,78.56497192382812,3835100
2014-03-28,96.37000274658203,97.08999633789062,96.27999877929688,96.5199966430664,78.91656494140625,1533200
2014-03-31,97.0999984741211,97.58000183105469,97.05000305175781,97.47000122070312,79.69329833984375,2978400
2014-04-01,97.88999938964844,98.2699966430664,97.75,98.2300033569336,80.314697265625,3881700
2014-04-02,98.45999908447266,98.66000366210938,98.18000030517578,98.54000091552734,80.56816101074219,2855300
2014-04-03,98.72000122070312,98.73999786376953,97.95999908447266,98.2699966430664,80.3473892211914,2169700
2014-04-04,98.83999633789062,98.8499984741211,96.7699966430664,96.91999816894531,79.24361419677734,3026800
2014-04-07,96.5999984741211,96.80999755859375,95.4800033569336,95.76000213623047,78.29519653320312,5316200
2014-04-08,95.76000213623047,96.37999725341797,95.3499984741211,96.18000030517578,78.63859558105469,3728200
2014-04-09,96.5,97.33000183105469,96.22000122070312,97.33000183105469,79.57882690429688,1975300
2014-04-10,97.30000305175781,97.3499984741211,95.02999877929688,95.19000244140625,77.82913970947266,3283000
2014-04-11,94.66000366210938,95.30999755859375,94.0999984741211,94.25,77.0605697631836,3380100
2014-04-14,95.0199966430664,95.19999694824219,94.12000274658203,94.88999938964844,77.58384704589844,3248600
2014-04-15,95.12999725341797,95.5999984741211,94.02999877929688,95.54000091552734,78.11530303955078,3339400
2014-04-16,96.20999908447266,96.55000305175781,95.75,96.54000091552734,78.93293762207031,4498500
2014-04-17,96.41999816894531,96.97000122070312,96.26000213623047,96.7300033569336,79.08827209472656,2241100
2014-04-21,96.77999877929688,97.12000274658203,96.56999969482422,97.12000274658203,79.40711975097656,3043000
2014-04-22,97.26000213623047,97.91000366210938,97.19000244140625,97.62000274658203,79.81594848632812,2442400
2014-04-23,97.62000274658203,97.68000030517578,97.30000305175781,97.37000274658203,79.61156463623047,1798400
2014-04-24,97.83999633789062,97.9000015258789,96.95999908447266,97.5,79.71782684326172,1471400
2014-04-25,97.19000244140625,97.25,96.33999633789062,96.55000305175781,78.94108581542969,1927700
2014-04-28,96.9000015258789,97.22000122070312,95.6500015258789,96.69000244140625,79.05557250976562,2046000
2014-04-29,97.0,97.30000305175781,96.7699966430664,97.16999816894531,79.44800567626953,3062500
2014-04-30,97.16999816894531,97.55999755859375,96.76000213623047,97.52999877929688,79.74235534667969,1423900
2014-05-01,97.41000366210938,97.83999633789062,97.13999938964844,97.55999755859375,79.76689910888672,1776300
2014-05-02,97.58999633789062,98.02999877929688,97.3499984741211,97.4800033569336,79.70147705078125,1687900
2014-05-05,97.0,97.69999694824219,96.66000366210938,97.63999938964844,79.83232116699219,1300900
2014-05-06,97.4000015258789,97.48999786376953,96.70999908447266,96.73999786376953,79.0964584350586,1335400
2014-05-07,97.02999877929688,97.20999908447266,96.16000366210938,97.19000244140625,79.4643783569336,1644100
2014-05-08,97.08999633789062,97.80000305175781,96.66000366210938,96.93000030517578,79.25183868408203,1863500
2014-05-09,96.93000030517578,97.16999816894531,96.5,97.16999816894531,79.44800567626953,1637500
2014-05-12,97.61000061035156,98.30000305175781,97.55000305175781,98.2699966430664,80.3473892211914,1847400
2014-05-13,98.4000015258789,98.56999969482422,98.13999938964844,98.20999908447266,80.29832458496094,1526600
2014-05-14,98.13999938964844,98.19000244140625,97.5199966430664,97.66999816894531,79.85681915283203,1387500
2014-05-15,97.36000061035156,97.43000030517578,96.20999908447266,96.7699966430664,79.1209716796875,2149200
2014-05-16,96.91999816894531,97.19000244140625,96.43000030517578,97.18000030517578,79.45620727539062,1149800
2014-05-19,96.94000244140625,97.68000030517578,96.77999877929688,97.62999725341797,79.82413482666016,1209700
2014-05-20,97.5199966430664,97.62000274658203,96.62000274658203,96.9000015258789,79.22724151611328,1858800
2014-05-21,97.2300033569336,97.72000122070312,97.0999984741211,97.6500015258789,79.84046936035156,1286400
2014-05-22,97.69000244140625,98.19000244140625,97.52999877929688,97.9800033569336,80.11026763916016,962400
2014-05-23,98.0999984741211,98.51000213623047,98.01000213623047,98.48999786376953,80.52725982666016,1171900
2014-05-27,98.83000183105469,99.16000366210938,98.77999877929688,99.13999938964844,81.0587158203125,1458800
2014-05-28,99.16000366210938,99.26000213623047,98.81999969482422,99.02999877929688,80.96881103515625,1383000
2014-05-29,99.26000213623047,99.55999755859375,99.0,99.55999755859375,81.40210723876953,1320000
2014-05-30,99.44000244140625,99.68000030517578,99.29000091552734,99.58000183105469,81.41850280761719,1444700
2014-06-02,99.80000305175781,99.83999633789062,99.16000366210938,99.69999694824219,81.51658630371094,2762600
2014-06-03,99.44999694824219,99.72000122070312,99.31999969482422,99.66000366210938,81.48387908935547,942000
2014-06-04,99.37999725341797,99.97000122070312,99.33000183105469,99.87000274658203,81.65556335449219,1754100
2014-06-05,100.0199966430664,100.76000213623047,99.63999938964844,100.68000030517578,82.31787872314453,1797400
2014-06-06,100.98999786376953,101.25,100.8499984741211,101.19999694824219,82.7430191040039,1929400
2014-06-09,101.19999694824219,101.66999816894531,101.13999938964844,101.37000274658203,82.88200378417969,1683400
2014-06-10,101.20999908447266,101.3499984741211,100.9800033569336,101.3499984741211,82.86563873291016,1569800
2014-06-11,101.05999755859375,101.12000274658203,100.7300033569336,101.01000213623047,82.58768463134766,2068800
2014-06-12,100.87999725341797,100.93000030517578,100.05999755859375,100.29000091552734,81.99897766113281,2197400
2014-06-13,100.44999694824219,100.69000244140625,100.11000061035156,100.62000274658203,82.26879119873047,2099300
2014-06-16,100.44999694824219,100.88999938964844,100.30999755859375,100.69999694824219,82.33423614501953,2778000
2014-06-17,100.55999755859375,101.19999694824219,100.45999908447266,101.05999755859375,82.62854766845703,1089700
2014-06-18,101.08000183105469,101.83999633789062,100.87000274658203,101.80999755859375,83.24176788330078,1326200
2014-06-19,101.9000015258789,102.0,101.52999877929688,101.93000030517578,83.33990478515625,2130700
2014-06-20,102.19999694824219,102.19999694824219,101.9800033569336,102.16999816894531,83.53611755371094,1952800
2014-06-23,102.19000244140625,102.25,101.94999694824219,102.13999938964844,83.51154327392578,1308600
2014-06-24,101.54000091552734,102.06999969482422,100.91000366210938,101.01000213623047,82.9286880493164,1613400
2014-06-25,100.81999969482422,101.5999984741211,100.77999877929688,101.5199966430664,83.34737396240234,1379200
2014-06-26,101.52999877929688,101.52999877929688,100.76000213623047,101.45999908447266,83.29814147949219,1423900
2014-06-27,101.22000122070312,101.75,101.22000122070312,101.7300033569336,83.519775390625,1378800
2014-06-30,101.55000305175781,101.91000366210938,101.55000305175781,101.7699966430664,83.5526351928711,1600800
2014-07-01,102.06999969482422,102.81999969482422,102.0,102.5,84.15194702148438,1818500
2014-07-02,102.52999877929688,102.62999725341797,102.36000061035156,102.44000244140625,84.1026840209961,1504300
2014-07-03,102.73999786376953,103.0,102.66000366210938,102.9800033569336,84.54603576660156,987100
2014-07-07,102.80000305175781,102.80999755859375,102.30999755859375,102.44000244140625,84.1026840209961,2198400
2014-07-08,102.33999633789062,102.33999633789062,101.3499984741211,101.66000366210938,83.4623031616211,2130100
2014-07-09,101.91000366210938,102.16000366210938,101.6500015258789,102.0999984741211,83.82354736328125,1866600
2014-07-10,101.02999877929688,101.94999694824219,100.87000274658203,101.6500015258789,83.4541015625,1564100
2014-07-11,101.62999725341797,101.79000091552734,101.30000305175781,101.73999786376953,83.52800750732422,1252800
2014-07-14,102.30000305175781,102.41000366210938,102.16000366210938,102.2300033569336,83.9302978515625,1060300
2014-07-15,102.30000305175781,102.5,101.51000213623047,101.97000122070312,83.71685028076172,2591200
2014-07-16,102.36000061035156,102.4800033569336,101.94999694824219,102.2300033569336,83.9302978515625,1933100
2014-07-17,101.87999725341797,102.27999877929688,100.91000366210938,101.05000305175781,82.96151733398438,1980400
2014-07-18,101.33999633789062,102.23999786376953,101.30000305175781,102.13999938964844,83.85635375976562,996200
2014-07-21,101.83000183105469,102.37999725341797,101.44999694824219,101.9000015258789,83.65935516357422,1434700
2014-07-22,102.29000091552734,102.62999725341797,102.23999786376953,102.41999816894531,84.08628845214844,1198300
2014-07-23,102.58000183105469,102.77999877929688,102.37000274658203,102.66000366210938,84.28334045410156,736500
2014-07-24,102.83999633789062,102.91999816894531,102.56999969482422,102.68000030517578,84.29972839355469,926000
2014-07-25,102.37000274658203,102.41999816894531,101.93000030517578,102.13999938964844,83.85635375976562,1139700
2014-07-28,102.18000030517578,102.27999877929688,101.51000213623047,102.11000061035156,83.83177185058594,1189400
2014-07-29,102.29000091552734,102.4800033569336,101.72000122070312,101.73999786376953,83.52800750732422,1090900
2014-07-30,102.12000274658203,102.26000213623047,101.37999725341797,101.80999755859375,83.58547973632812,1552900
2014-07-31,101.12000274658203,101.27999877929688,99.73999786376953,99.73999786376953,81.88602447509766,2938500
2014-08-01,99.55000305175781,100.13999938964844,98.95999908447266,99.48999786376953,81.68075561523438,5157300
2014-08-04,99.73999786376953,100.37999725341797,99.20999908447266,100.16999816894531,82.2390365600586,3320100
2014-08-05,99.69999694824219,100.12999725341797,98.93000030517578,99.29000091552734,81.51655578613281,2855200
2014-08-06,98.81999969482422,99.77999877929688,98.72000122070312,99.30999755859375,81.5329818725586,1763200
2014-08-07,99.81999969482422,99.87999725341797,98.55999755859375,98.79000091552734,81.10607147216797,3313500
2014-08-08,98.95999908447266,99.97000122070312,98.7699966430664,99.93000030517578,82.04200744628906,1566700
2014-08-11,100.31999969482422,100.73999786376953,100.22000122070312,100.29000091552734,82.3375473022461,1979500
2014-08-12,100.16999816894531,100.48999786376953,99.7699966430664,100.11000061035156,82.18980407714844,1375300
2014-08-13,100.5199966430664,100.9000015258789,100.30999755859375,100.81999969482422,82.77269744873047,1208200
2014-08-14,100.93000030517578,101.26000213623047,100.87000274658203,101.26000213623047,83.1339340209961,1850400
2014-08-15,101.62000274658203,101.73999786376953,100.5199966430664,101.2699966430664,83.14215087890625,3760300
2014-08-18,101.86000061035156,102.22000122070312,101.7300033569336,102.18000030517578,83.8892593383789,2718600
2014-08-19,102.41000366210938,102.76000213623047,102.30000305175781,102.69000244140625,84.3079605102539,1896800
2014-08-20,102.5,103.02999877929688,102.41999816894531,102.93000030517578,84.5049819946289,2929800
2014-08-21,103.0,103.30999755859375,102.80999755859375,103.16000366210938,84.6938247680664,1591300
2014-08-22,103.12000274658203,103.26000213623047,102.77999877929688,103.01000213623047,84.57066345214844,1746400
2014-08-25,103.5999984741211,103.75,103.37999725341797,103.55000305175781,85.01398468017578,1216700
2014-08-26,103.6500015258789,103.95999908447266,103.61000061035156,103.73999786376953,85.17002868652344,1464800
2014-08-27,103.80999755859375,103.87000274658203,103.5199966430664,103.68000030517578,85.12074279785156,1154500
2014-08-28,103.27999877929688,103.6500015258789,103.19000244140625,103.56999969482422,85.03042602539062,1429300
2014-08-29,103.75,103.93000030517578,103.41999816894531,103.87999725341797,85.2849349975586,1737000
2014-09-02,104.04000091552734,104.2699966430664,103.55999755859375,103.95999908447266,85.35061645507812,1738200
2014-09-03,104.38999938964844,104.44000244140625,103.69999694824219,103.8499984741211,85.26031494140625,1523900
2014-09-04,104.01000213623047,104.38999938964844,103.37000274658203,103.62999725341797,85.07970428466797,1591200
2014-09-05,103.58999633789062,104.12000274658203,103.20999908447266,104.11000061035156,85.4737777709961,1490400
2014-09-08,103.97000122070312,104.16000366210938,103.55000305175781,103.9000015258789,85.30133819580078,1416200
2014-09-09,103.7699966430664,103.83999633789062,102.98999786376953,103.16999816894531,84.70203399658203,1296100
2014-09-10,103.2300033569336,103.5999984741211,102.8499984741211,103.55999755859375,85.02220916748047,1290900
2014-09-11,103.1500015258789,103.76000213623047,103.08999633789062,103.75,85.17821502685547,1617300
2014-09-12,103.69000244140625,103.69000244140625,102.77999877929688,103.08000183105469,84.62814331054688,2477200
2014-09-15,103.0999984741211,103.23999786376953,102.55999755859375,102.80999755859375,84.40645599365234,3846200
2014-09-16,102.55000305175781,103.69000244140625,102.52999877929688,103.54000091552734,85.00579833984375,1242500
2014-09-17,103.69999694824219,104.16000366210938,103.19000244140625,103.6500015258789,85.0960922241211,2085200
2014-09-18,104.0199966430664,104.2300033569336,103.87999725341797,104.18000030517578,85.53121185302734,1829200
2014-09-19,104.58999633789062,104.58999633789062,103.73999786376953,103.9800033569336,85.3670425415039,1933000
2014-09-22,103.75,103.80000305175781,102.83000183105469,103.0199966430664,84.57890319824219,2333100
2014-09-23,102.75,103.0999984741211,102.3499984741211,102.36000061035156,84.03702545166016,1965300
2014-09-24,101.9800033569336,102.75,101.63999938964844,102.69000244140625,84.69270324707031,2364300
2014-09-25,102.43000030517578,102.5199966430664,101.05000305175781,101.08000183105469,83.3648452758789,3000900
2014-09-26,101.29000091552734,102.0999984741211,101.11000061035156,101.9000015258789,84.04113006591797,2227400
2014-09-29,101.0199966430664,101.83999633789062,100.9000015258789,101.72000122070312,83.8926773071289,2827800
2014-09-30,101.86000061035156,102.0,101.12999725341797,101.23999786376953,83.49681854248047,2140500
2014-10-01,101.11000061035156,101.33999633789062,99.66000366210938,99.91000366210938,82.3999252319336,3989800
2014-10-02,99.86000061035156,100.30999755859375,98.80999755859375,99.95999908447266,82.44114685058594,3237400
2014-10-03,100.69999694824219,101.2699966430664,100.36000061035156,101.08000183105469,83.3648452758789,2303800
2014-10-06,101.56999969482422,101.61000061035156,100.56999969482422,100.87999725341797,83.19991302490234,1758800
2014-10-07,100.38999938964844,100.56999969482422,99.29000091552734,99.31999969482422,81.91329956054688,2152000
2014-10-08,99.3499984741211,101.06999969482422,98.73999786376953,100.97000122070312,83.27413177490234,3455700
2014-10-09,100.75,100.91999816894531,98.87000274658203,98.88999938964844,81.55865478515625,3022400
2014-10-10,98.8499984741211,99.33999633789062,97.6500015258789,97.66000366210938,80.54425048828125,3784900
2014-10-13,97.70999908447266,98.01000213623047,96.02999877929688,96.0999984741211,79.25765991210938,5352300
2014-10-14,96.58999633789062,97.5,96.04000091552734,96.4000015258789,79.50504302978516,3914100
2014-10-15,95.19000244140625,96.20999908447266,93.58000183105469,95.86000061035156,79.05970001220703,8265900
2014-10-16,93.77999877929688,96.72000122070312,93.77999877929688,96.06999969482422,79.23291015625,6327700
2014-10-17,97.44000244140625,97.80000305175781,96.66999816894531,97.12000274658203,80.0988998413086,3855100
2014-10-20,97.0199966430664,98.12999725341797,96.93000030517578,98.08999633789062,80.89888000488281,2487500
2014-10-21,98.61000061035156,100.12000274658203,98.61000061035156,100.02999877929688,82.4988784790039,4004400
2014-10-22,100.30000305175781,100.4800033569336,99.19999694824219,99.25,81.85557556152344,3905800
2014-10-23,100.2699966430664,101.08000183105469,100.04000091552734,100.44999694824219,82.84528350830078,4211600
2014-10-24,100.58000183105469,101.18000030517578,100.19999694824219,101.1500015258789,83.42259216308594,2899600
2014-10-27,100.8499984741211,101.11000061035156,100.3499984741211,101.01000213623047,83.3071517944336,2585900
2014-10-28,101.44000244140625,102.33000183105469,101.29000091552734,102.31999969482422,84.3875503540039,2847500
2014-10-29,102.45999908447266,102.68000030517578,101.44999694824219,102.16999816894531,84.26383209228516,2621200
2014-10-30,101.87999725341797,103.06999969482422,101.72000122070312,102.80000305175781,84.78340911865234,2593400
2014-10-31,104.0,104.19999694824219,103.52999877929688,104.0199966430664,85.78959655761719,3276300
2014-11-03,104.19000244140625,104.45999908447266,103.83000183105469,104.08000183105469,85.83906555175781,3672500
2014-11-04,103.9000015258789,103.95999908447266,103.1500015258789,103.69999694824219,85.52568054199219,2584200
2014-11-05,104.5,104.51000213623047,103.81999969482422,104.19000244140625,85.9298095703125,2580400
2014-11-06,104.31999969482422,104.69999694824219,103.87999725341797,104.69999694824219,86.35040283203125,2096200
2014-11-07,104.70999908447266,104.87999725341797,104.3499984741211,104.77999877929688,86.41641235351562,1746300
2014-11-10,104.87999725341797,105.0999984741211,104.69000244140625,105.0999984741211,86.68029022216797,2923500
2014-11-11,105.16999816894531,105.23999786376953,104.9000015258789,105.19999694824219,86.76278686523438,1178000
2014-11-12,104.80999755859375,105.30000305175781,104.73999786376953,105.18000030517578,86.74629211425781,1089800
2014-11-13,105.31999969482422,105.55999755859375,104.7300033569336,105.16000366210938,86.72978210449219,1671100
2014-11-14,105.2300033569336,105.33000183105469,104.94000244140625,105.16999816894531,86.73806762695312,2173900
2014-11-17,105.0,105.30000305175781,104.83000183105469,105.16000366210938,86.72978210449219,1449600
2014-11-18,105.23999786376953,105.97000122070312,105.22000122070312,105.77999877929688,87.24114227294922,1486000
2014-11-19,105.6500015258789,105.72000122070312,105.02999877929688,105.51000213623047,87.01846313476562,1771200
2014-11-20,105.06999969482422,105.83000183105469,104.94000244140625,105.80999755859375,87.26589965820312,1502500
2014-11-21,106.8499984741211,106.94000244140625,106.05999755859375,106.37000274658203,87.72774505615234,3435600
2014-11-24,106.6500015258789,106.7699966430664,106.5,106.76000213623047,88.04936981201172,3990900
2014-11-25,106.91999816894531,107.06999969482422,106.5,106.73999786376953,88.03289031982422,2310700
2014-11-26,106.7699966430664,107.0,106.62999725341797,106.9800033569336,88.23082733154297,1178300
2014-11-28,106.94999694824219,107.01000213623047,106.4800033569336,106.5999984741211,87.91744232177734,944100
2014-12-01,106.5,106.55000305175781,105.52999877929688,105.69999694824219,87.1751708984375,2754700
2014-12-02,105.80000305175781,106.48999786376953,105.75,106.36000061035156,87.719482421875,2450900
2014-12-03,106.44000244140625,106.98999786376953,106.37999725341797,106.83999633789062,88.11538696289062,3299500
2014-12-04,106.69999694824219,107.01000213623047,106.23999786376953,106.70999908447266,88.0081558227539,2417600
2014-12-05,106.86000061035156,107.16999816894531,106.69999694824219,106.94999694824219,88.20609283447266,3314700
2014-12-08,106.7699966430664,107.06999969482422,105.80000305175781,106.19000244140625,87.57926940917969,2070200
2014-12-09,105.04000091552734,106.33000183105469,104.81999969482422,106.25,87.6287612915039,3044100
2014-12-10,105.97000122070312,106.19000244140625,104.37000274658203,104.51000213623047,86.19373321533203,3507300
2014-12-11,104.93000030517578,105.98999786376953,104.76000213623047,104.98999786376953,86.5895767211914,3340100
2014-12-12,104.22000122070312,104.75,103.33000183105469,103.33999633789062,85.22876739501953,3956600
2014-12-15,103.75,104.18000030517578,102.23999786376953,102.58999633789062,84.61021423339844,4328100
2014-12-16,102.02999877929688,104.01000213623047,101.80000305175781,101.83000183105469,83.98339080810547,7528300
2014-12-17,102.25,104.20999908447266,102.01000213623047,104.01000213623047,85.7813491821289,4949000
2014-12-18,105.55999755859375,106.47000122070312,105.02999877929688,106.47000122070312,87.81018829345703,6384400
2014-12-19,106.61000061035156,107.25,106.37999725341797,106.91000366210938,88.173095703125,3575600
2014-12-22,106.66000366210938,106.77999877929688,106.27999877929688,106.7699966430664,88.52217102050781,5630200
2014-12-23,107.23999786376953,107.23999786376953,106.81999969482422,107.01000213623047,88.72110748291016,4050500
2014-12-24,107.3499984741211,107.3499984741211,107.0199966430664,107.04000091552734,88.74600982666016,1702600
2014-12-26,107.30999755859375,107.62999725341797,107.2699966430664,107.36000061035156,89.01131439208984,3293500
2014-12-29,107.36000061035156,107.70999908447266,107.29000091552734,107.58999633789062,89.2020263671875,3746700
2014-12-30,107.41999816894531,107.45999908447266,106.98999786376953,107.05999755859375,88.76258087158203,4473000
2014-12-31,107.19000244140625,107.38999938964844,105.9800033569336,106.0,87.88375854492188,2224400
2015-01-02,106.48999786376953,106.72000122070312,105.2699966430664,105.91999816894531,87.81737518310547,5298300
2015-01-05,105.3499984741211,105.55000305175781,103.86000061035156,104.0999984741211,86.30845642089844,5383500
2015-01-06,104.4000015258789,104.5,102.51000213623047,103.08000183105469,85.46280670166016,4226100
2015-01-07,104.08999633789062,104.44999694824219,103.55000305175781,104.30999755859375,86.48258972167969,3661500
2015-01-08,105.20999908447266,106.23999786376953,105.11000061035156,106.1500015258789,88.00811767578125,2796200
2015-01-09,106.31999969482422,106.3499984741211,104.91999816894531,105.2699966430664,87.27850341796875,3272500
2015-01-12,105.55000305175781,105.55000305175781,104.12000274658203,104.5199966430664,86.65668487548828,3705900
2015-01-13,105.33000183105469,106.0,103.43000030517578,104.27999877929688,86.45768737792969,2936200
2015-01-14,103.04000091552734,103.79000091552734,102.5,103.70999908447266,85.98511505126953,3291600
2015-01-15,104.05000305175781,104.26000213623047,102.56999969482422,102.66000366210938,85.11458587646484,5615200
2015-01-16,102.61000061035156,104.11000061035156,102.41999816894531,104.0199966430664,86.24215698242188,2768900
2015-01-20,104.41999816894531,104.52999877929688,103.19999694824219,104.16999816894531,86.3664779663086,3186900
2015-01-21,103.93000030517578,104.94999694824219,103.5999984741211,104.63999938964844,86.75617218017578,3119400
2015-01-22,105.23999786376953,106.30999755859375,104.2699966430664,106.2300033569336,88.07441711425781,3583500
2015-01-23,106.11000061035156,106.27999877929688,105.68000030517578,105.75,87.67644500732422,4571900
2015-01-26,105.75,106.22000122070312,105.19999694824219,106.19000244140625,88.04127502441406,4106500
2015-01-27,105.37000274658203,105.61000061035156,104.36000061035156,104.94999694824219,87.0132064819336,2709300
2015-01-28,105.63999938964844,105.72000122070312,103.41000366210938,103.52999877929688,85.83588409423828,2830400
2015-01-29,103.69999694824219,104.62000274658203,102.81999969482422,104.5199966430664,86.65668487548828,2607200
2015-01-30,103.66999816894531,104.51000213623047,102.94999694824219,103.0999984741211,85.4793472290039,4486900
2015-02-02,103.48999786376953,104.33000183105469,102.25,104.26000213623047,86.44112396240234,4083200
2015-02-03,104.9000015258789,105.87000274658203,104.70999908447266,105.86000061035156,87.76768493652344,3322000
2015-02-04,105.44000244140625,106.13999938964844,105.23999786376953,105.48999786376953,87.4609146118164,3141700
2015-02-05,105.94000244140625,106.72000122070312,105.83999633789062,106.6500015258789,88.4226303100586,3163500
2015-02-06,106.87999725341797,107.18000030517578,106.0199966430664,106.33000183105469,88.15733337402344,2844500
2015-02-09,105.98999786376953,106.3499984741211,105.58999633789062,105.80000305175781,87.7179183959961,1773800
2015-02-10,106.5,107.04000091552734,105.83999633789062,106.87999725341797,88.61331939697266,1866300
2015-02-11,106.66999816894531,107.19000244140625,106.37000274658203,106.93000030517578,88.65479278564453,2184600
2015-02-12,107.47000122070312,107.98999786376953,107.2699966430664,107.95999908447266,89.50875854492188,4443400
2015-02-13,108.0,108.4800033569336,107.91999816894531,108.47000122070312,89.93160247802734,3147700
2015-02-17,108.37000274658203,108.76000213623047,108.12999725341797,108.63999938964844,90.07254791259766,4147000
2015-02-18,108.41999816894531,108.75,108.2699966430664,108.69999694824219,90.12232208251953,2542600
2015-02-19,108.38999938964844,108.87999725341797,108.26000213623047,108.66999816894531,90.09742736816406,2349000
2015-02-20,108.47000122070312,109.31999969482422,108.01000213623047,109.27999877929688,90.6031723022461,2402600
2015-02-23,109.16999816894531,109.2699966430664,108.86000061035156,109.2699966430664,90.59487915039062,3034000
2015-02-24,109.27999877929688,109.62999725341797,109.04000091552734,109.5199966430664,90.80213928222656,2856500
2015-02-25,109.48999786376953,109.77999877929688,109.26000213623047,109.4800033569336,90.76898956298828,2652100
2015-02-26,109.44999694824219,109.52999877929688,109.0199966430664,109.41000366210938,90.71095275878906,1742000
2015-02-27,109.3499984741211,109.4800033569336,108.97000122070312,109.0199966430664,90.3875961303711,1825400
2015-03-02,109.11000061035156,109.72000122070312,109.0199966430664,109.69000244140625,90.9430923461914,2681100
2015-03-03,109.47000122070312,109.61000061035156,108.73999786376953,109.23999786376953,90.56998443603516,2615700
2015-03-04,108.9000015258789,108.95999908447266,108.19999694824219,108.80000305175781,90.20521545410156,1949900
2015-03-05,109.02999877929688,109.0999984741211,108.62999725341797,108.97000122070312,90.34615325927734,1752500
2015-03-06,108.47000122070312,108.66000366210938,107.23999786376953,107.45999908447266,89.0942153930664,2799000
2015-03-09,107.5999984741211,108.05000305175781,107.5199966430664,107.86000061035156,89.42584991455078,1827900
2015-03-10,107.0,107.0999984741211,106.20999908447266,106.22000122070312,88.06612396240234,3543800
2015-03-11,106.43000030517578,106.48999786376953,105.9800033569336,106.13999938964844,87.99983215332031,3071300
2015-03-12,106.47000122070312,107.51000213623047,106.41999816894531,107.47000122070312,89.10250091552734,3907600
2015-03-13,107.37000274658203,107.4000015258789,106.16999816894531,106.87000274658203,88.60505676269531,2073000
2015-03-16,107.36000061035156,108.2300033569336,107.26000213623047,108.20999908447266,89.71603393554688,2706600
2015-03-17,107.80000305175781,108.19000244140625,107.47000122070312,108.0,89.54193115234375,1754000
2015-03-18,107.68000030517578,109.62999725341797,107.3499984741211,109.23999786376953,90.56998443603516,3662900
2015-03-19,109.02999877929688,109.19999694824219,108.56999969482422,108.8499984741211,90.24664306640625,3901300
2015-03-20,109.48999786376953,110.0199966430664,109.37000274658203,109.76000213623047,91.00112915039062,1741100
2015-03-23,109.72000122070312,110.08999633789062,109.56999969482422,109.56999969482422,90.8436050415039,2084200
2015-03-24,109.54000091552734,109.73999786376953,108.94000244140625,108.98999786376953,90.36275482177734,3398600
2015-03-25,108.63999938964844,108.75,106.79000091552734,106.79000091552734,88.95335388183594,2817000
2015-03-26,106.38999938964844,107.12000274658203,105.9800033569336,106.58000183105469,88.77840423583984,3164500
2015-03-27,106.5999984741211,106.97000122070312,106.41999816894531,106.87000274658203,89.01998138427734,3298000
2015-03-30,107.58999633789062,108.38999938964844,107.5199966430664,108.2300033569336,90.15282440185547,1885800
2015-03-31,107.7300033569336,108.66999816894531,107.0,107.25,89.33649444580078,2077100
2015-04-01,107.33999633789062,107.41000366210938,106.38999938964844,107.05000305175781,89.16990661621094,11026400
2015-04-02,107.02999877929688,107.69999694824219,106.8499984741211,107.38999938964844,89.4531021118164,2041200
2015-04-06,107.2699966430664,108.41000366210938,106.79000091552734,108.12999725341797,90.06951904296875,2186600
2015-04-07,108.12999725341797,108.54000091552734,107.7699966430664,107.7699966430664,89.7696533203125,1983900
2015-04-08,108.0,108.43000030517578,107.72000122070312,108.2300033569336,90.15282440185547,2454300
2015-04-09,108.19999694824219,108.70999908447266,107.73999786376953,108.61000061035156,90.46934509277344,2214200
2015-04-10,108.87000274658203,109.1500015258789,108.63999938964844,109.12000274658203,90.89417266845703,2406100
2015-04-13,109.04000091552734,109.43000030517578,108.66000366210938,108.69000244140625,90.53599548339844,3524800
2015-04-14,108.66000366210938,108.9800033569336,108.16000366210938,108.8499984741211,90.66927337646484,1460800
2015-04-15,109.23999786376953,109.69000244140625,109.08000183105469,109.4000015258789,91.12738800048828,1512400
2015-04-16,109.2300033569336,109.62999725341797,109.05999755859375,109.3499984741211,91.08576202392578,1490200
2015-04-17,108.69999694824219,108.80000305175781,107.61000061035156,108.08000183105469,90.02787780761719,2657000
2015-04-20,108.66999816894531,109.18000030517578,108.62000274658203,108.95999908447266,90.76089477539062,2005000
2015-04-21,109.44999694824219,109.5199966430664,108.75,108.93000030517578,90.73589324951172,3909900
2015-04-22,109.08000183105469,109.5,108.52999877929688,109.38999938964844,91.11906433105469,1469300
2015-04-23,109.13999938964844,110.08000183105469,109.0999984741211,109.7300033569336,91.40228271484375,2340700
2015-04-24,109.91999816894531,110.0,109.62000274658203,109.8499984741211,91.50225830078125,1775100
2015-04-27,110.19000244140625,110.27999877929688,109.16999816894531,109.27999877929688,91.02745056152344,1827800
2015-04-28,109.54000091552734,109.6500015258789,108.5,109.56999969482422,91.26898956298828,2595000
2015-04-29,109.01000213623047,109.45999908447266,108.62999725341797,109.08999633789062,90.86917114257812,2432000
2015-04-30,108.77999877929688,108.91999816894531,107.47000122070312,107.91000366210938,89.88627624511719,3635900
2015-05-01,108.4000015258789,108.9800033569336,108.2300033569336,108.9000015258789,90.7109146118164,3924700
2015-05-04,109.23999786376953,109.66000366210938,109.12000274658203,109.27999877929688,91.02745056152344,1713300
2015-05-05,109.16999816894531,109.36000061035156,107.87999725341797,107.9800033569336,89.9446029663086,1692700
2015-05-06,108.37999725341797,108.54000091552734,107.01000213623047,107.68000030517578,89.69469451904297,3691700
2015-05-07,107.5999984741211,108.37000274658203,107.37999725341797,108.08999633789062,90.03621673583984,2363500
2015-05-08,109.11000061035156,109.58999633789062,109.08000183105469,109.44999694824219,91.1690673828125,1796400
2015-05-11,109.33000183105469,109.58999633789062,108.93000030517578,108.98999786376953,90.785888671875,1656900
2015-05-12,108.4800033569336,109.01000213623047,107.93000030517578,108.66999816894531,90.51930236816406,1657500
2015-05-13,108.97000122070312,109.30000305175781,108.58000183105469,108.7300033569336,90.5693130493164,2424500
2015-05-14,109.33000183105469,109.8499984741211,109.0999984741211,109.80999755859375,91.46891021728516,1579200
2015-05-15,109.87999725341797,109.98999786376953,109.5999984741211,109.94000244140625,91.57720184326172,1862700
2015-05-18,109.80999755859375,110.5,109.75,110.3499984741211,91.91874694824219,2769100
2015-05-19,110.37999725341797,110.55999755859375,110.12000274658203,110.30000305175781,91.87710571289062,2845000
2015-05-20,110.33999633789062,110.68000030517578,110.02999877929688,110.2300033569336,91.81878662109375,2478400
2015-05-21,110.18000030517578,110.66000366210938,110.06999969482422,110.51000213623047,92.05201721191406,1476400
2015-05-22,110.37999725341797,110.55000305175781,110.22000122070312,110.30000305175781,91.87710571289062,1187900
2015-05-26,110.0199966430664,110.0199966430664,108.87000274658203,109.1500015258789,90.91915130615234,2226700
2015-05-27,109.44999694824219,110.27999877929688,109.19999694824219,110.1500015258789,91.75215148925781,2562200
2015-05-28,109.97000122070312,110.08000183105469,109.56999969482422,110.05000305175781,91.6688232421875,2022400
2015-05-29,109.98999786376953,110.0199966430664,109.18000030517578,109.30999755859375,91.05244445800781,1943200
2015-06-01,109.80000305175781,109.95999908447266,109.05999755859375,109.58000183105469,91.27735137939453,2354900
2015-06-02,109.25,109.93000030517578,108.94999694824219,109.5,91.2107162475586,1925300
2015-06-03,109.77999877929688,110.22000122070312,109.52999877929688,109.87999725341797,91.5272216796875,1731100
2015-06-04,109.5,109.80000305175781,108.7699966430664,109.0,90.79421997070312,1845800
2015-06-05,108.91000366210938,109.19999694824219,108.33000183105469,108.91000366210938,90.71923828125,3342700
2015-06-08,108.87999725341797,108.95999908447266,108.18000030517578,108.23999786376953,90.1611557006836,2990700
2015-06-09,108.25,108.4800033569336,107.7300033569336,108.1500015258789,90.086181640625,2976500
2015-06-10,108.69999694824219,109.66000366210938,108.58999633789062,109.47000122070312,91.18571472167969,1592600
2015-06-11,109.70999908447266,110.01000213623047,109.58000183105469,109.77999877929688,91.44393157958984,1850500
2015-06-12,109.27999877929688,109.5,108.87999725341797,109.05999755859375,90.84417724609375,1490900
2015-06-15,108.27999877929688,108.76000213623047,107.87000274658203,108.55999755859375,90.42769622802734,2865500
2015-06-16,108.44999694824219,109.25,108.4000015258789,109.16000366210938,90.92749786376953,2604800
2015-06-17,109.33000183105469,109.69000244140625,108.73999786376953,109.33999633789062,91.07743072509766,1911700
2015-06-18,109.58000183105469,110.76000213623047,109.58000183105469,110.41999816894531,91.97704315185547,2496300
2015-06-19,110.38999938964844,110.41999816894531,109.86000061035156,109.94000244140625,91.57720184326172,1735900
2015-06-22,110.68000030517578,110.9000015258789,110.44999694824219,110.61000061035156,92.13531494140625,1864800
2015-06-23,110.7300033569336,110.8499984741211,110.45999908447266,110.72000122070312,92.2269287109375,3080400
2015-06-24,110.55999755859375,110.70999908447266,109.86000061035156,109.87999725341797,91.5272216796875,4931200
2015-06-25,110.19999694824219,110.23999786376953,109.44999694824219,109.54000091552734,91.24401092529297,2110800
2015-06-26,109.29000091552734,109.38999938964844,108.6500015258789,109.01000213623047,91.19214630126953,1503900
2015-06-29,108.02999877929688,108.5,106.6500015258789,106.7300033569336,89.28484344482422,3642700
2015-06-30,107.62000274658203,107.6500015258789,106.68000030517578,107.0199966430664,89.52741241455078,3394000
2015-07-01,108.0199966430664,108.11000061035156,107.27999877929688,107.72000122070312,90.11300659179688,12016300
2015-07-02,108.05000305175781,108.19999694824219,107.3499984741211,107.58000183105469,89.99588775634766,3140000
2015-07-06,106.98999786376953,107.79000091552734,106.62000274658203,107.30000305175781,89.76165008544922,2570800
2015-07-07,107.44000244140625,108.0,105.93000030517578,107.88999938964844,90.25520324707031,3329600
2015-07-08,107.0999984741211,107.27999877929688,105.91000366210938,106.08999633789062,88.74942779541016,2938900
2015-07-09,107.1500015258789,107.69000244140625,106.2699966430664,106.30999755859375,88.9334716796875,3064800
2015-07-10,107.58000183105469,107.83999633789062,107.0999984741211,107.5999984741211,90.01260375976562,3432400
2015-07-13,108.58000183105469,108.88999938964844,108.37999725341797,108.81999969482422,91.03321075439453,2835300
2015-07-14,108.80000305175781,109.5,108.58999633789062,109.30999755859375,91.44310760498047,2292500
2015-07-15,109.37000274658203,109.55999755859375,108.91000366210938,109.16999816894531,91.32598876953125,2555700
2015-07-16,109.8499984741211,109.94999694824219,109.6500015258789,109.93000030517578,91.9617919921875,1314000
2015-07-17,109.98999786376953,110.0,109.6500015258789,109.95999908447266,91.98686981201172,1295400
2015-07-20,110.05000305175781,110.20999908447266,109.77999877929688,109.97000122070312,91.99523162841797,1339000
2015-07-21,109.87999725341797,110.04000091552734,109.30000305175781,109.48999786376953,91.59369659423828,1661000
2015-07-22,109.0999984741211,109.5,109.0,109.33000183105469,91.45986938476562,1852400
2015-07-23,109.47000122070312,109.52999877929688,108.5199966430664,108.69999694824219,90.93281555175781,1569500
2015-07-24,108.75,108.83000183105469,107.38999938964844,107.55999755859375,89.97915649414062,2073500
2015-07-27,107.05999755859375,107.45999908447266,106.5999984741211,106.8499984741211,89.38519287109375,2958400
2015-07-28,107.16000366210938,108.2300033569336,106.77999877929688,108.12000274658203,90.44761657714844,2198600
2015-07-29,108.18000030517578,108.9800033569336,108.05999755859375,108.86000061035156,91.06668090820312,1624200
2015-07-30,108.56999969482422,109.04000091552734,108.16999816894531,108.94999694824219,91.14195251464844,1390400
2015-07-31,109.30999755859375,109.33999633789062,108.69999694824219,108.83999633789062,91.04993438720703,2422700
2015-08-03,108.98999786376953,108.98999786376953,107.88999938964844,108.44999694824219,90.72370147705078,2654600
2015-08-04,108.44999694824219,108.75,108.0,108.2699966430664,90.5730972290039,1600000
2015-08-05,108.83999633789062,109.33999633789062,108.45999908447266,108.62999725341797,90.87425231933594,1253600
2015-08-06,108.91999816894531,108.91999816894531,107.23999786376953,107.73999786376953,90.12971496582031,1969500
2015-08-07,107.62000274658203,107.69999694824219,106.88999938964844,107.43000030517578,89.87040710449219,3295100
2015-08-10,108.08000183105469,108.8499984741211,108.05000305175781,108.7699966430664,90.99137115478516,1981300
2015-08-11,108.0,108.2300033569336,107.37000274658203,107.79000091552734,90.17156219482422,1833100
2015-08-12,107.01000213623047,108.02999877929688,106.08999633789062,107.9000015258789,90.26355743408203,2611300
2015-08-13,107.91000366210938,108.23999786376953,107.44000244140625,107.75,90.13807678222656,3545400
2015-08-14,107.69999694824219,108.2300033569336,107.54000091552734,108.16000366210938,90.48108673095703,1154500
2015-08-17,107.88999938964844,108.86000061035156,107.51000213623047,108.8499984741211,91.05830383300781,1739100
2015-08-18,108.77999877929688,108.88999938964844,108.37000274658203,108.56999969482422,90.82406616210938,2695000
2015-08-19,108.05000305175781,108.44999694824219,107.08000183105469,107.5999984741211,90.01260375976562,2183200
2015-08-20,106.80000305175781,107.0,105.25,105.26000213623047,88.05512237548828,4377900
2015-08-21,104.31999969482422,104.73999786376953,102.18000030517578,102.2300033569336,85.52034759521484,9877600
2015-08-24,96.4000015258789,101.2699966430664,93.0,98.12000274658203,82.08213806152344,18137000
2015-08-25,101.41000366210938,101.72000122070312,96.87000274658203,96.94999694824219,81.10334777832031,9215900
2015-08-26,99.98999786376953,100.58000183105469,97.38999938964844,100.47000122070312,84.04801940917969,8299100
2015-08-27,101.97000122070312,103.05000305175781,100.91999816894531,102.9000015258789,86.08084106445312,8779300
2015-08-28,102.58999633789062,103.31999969482422,102.37000274658203,102.9800033569336,86.14776611328125,5165600
2015-08-31,102.52999877929688,103.01000213623047,101.94999694824219,102.20999908447266,85.50360870361328,4526300
2015-09-01,99.94999694824219,100.83000183105469,98.75,99.20999908447266,82.99396514892578,9264700
2015-09-02,100.77999877929688,101.08000183105469,99.55000305175781,101.08000183105469,84.55833435058594,7681000
2015-09-03,101.58000183105469,102.44000244140625,100.9000015258789,101.19999694824219,84.6587142944336,5151300
2015-09-04,99.91999816894531,100.41000366210938,99.26000213623047,99.76000213623047,83.45408630371094,4317800
2015-09-08,101.58999633789062,102.31999969482422,101.05999755859375,102.27999877929688,85.56218719482422,3342000
2015-09-09,103.23999786376953,103.4000015258789,100.69000244140625,100.87999725341797,84.39100646972656,3691200
2015-09-10,100.87999725341797,102.06999969482422,100.62999725341797,101.4000015258789,84.8260269165039,3696000
2015-09-11,101.04000091552734,101.87999725341797,100.69999694824219,101.86000061035156,85.2108154296875,2007900
2015-09-14,101.91000366210938,101.91000366210938,101.19999694824219,101.47000122070312,84.88457489013672,3711100
2015-09-15,101.80999755859375,102.97000122070312,101.52999877929688,102.75,85.9553451538086,2388300
2015-09-16,102.87000274658203,103.7300033569336,102.69999694824219,103.62000274658203,86.68315887451172,2447500
2015-09-17,103.63999938964844,105.0199966430664,103.23999786376953,103.4800033569336,86.56604766845703,4726600
2015-09-18,102.05000305175781,102.88999938964844,101.58999633789062,101.83999633789062,85.194091796875,3271800
2015-09-21,102.41999816894531,103.0199966430664,101.66999816894531,102.25,85.5370864868164,2680300
2015-09-22,101.0,101.23999786376953,100.20999908447266,100.87999725341797,84.39100646972656,3034000
2015-09-23,101.04000091552734,101.27999877929688,100.33999633789062,100.68000030517578,84.22371673583984,1788900
2015-09-24,100.0199966430664,100.52999877929688,99.0999984741211,100.31999969482422,83.92253112792969,3723400
2015-09-25,100.76000213623047,100.87000274658203,99.06999969482422,99.61000061035156,83.75269317626953,4937800
2015-09-28,99.05999755859375,99.12999725341797,96.80000305175781,96.94000244140625,81.50773620605469,5606400
2015-09-29,97.2300033569336,97.83999633789062,96.37000274658203,96.91999816894531,81.49093627929688,4548600
2015-09-30,98.11000061035156,98.79000091552734,97.55000305175781,98.72000122070312,83.00436401367188,3747800
2015-10-01,98.95999908447266,99.12000274658203,97.70999908447266,98.91999816894531,83.17254638671875,3808800
2015-10-02,97.95999908447266,100.37000274658203,97.37999725341797,100.36000061035156,84.38330078125,3654500
2015-10-05,101.0999984741211,102.36000061035156,101.04000091552734,102.20999908447266,85.93878173828125,3405800
2015-10-06,102.20999908447266,102.45999908447266,101.37999725341797,101.87999725341797,85.66133117675781,2463100
2015-10-07,102.44000244140625,102.87999725341797,101.69999694824219,102.80000305175781,86.43488311767578,2583900
2015-10-08,102.52999877929688,103.87999725341797,102.37999725341797,103.69000244140625,87.18319702148438,2521000
2015-10-09,103.80000305175781,104.05999755859375,103.43000030517578,103.83000183105469,87.30091094970703,1649500
2015-10-12,103.8499984741211,103.94999694824219,103.51000213623047,103.8499984741211,87.3177261352539,1680100
2015-10-13,103.29000091552734,104.16999816894531,102.98999786376953,103.08999633789062,86.67870330810547,2221000
2015-10-14,103.05000305175781,103.44000244140625,102.37999725341797,102.55999755859375,86.23307037353516,1902900
2015-10-15,102.91999816894531,104.12000274658203,102.62999725341797,104.11000061035156,87.53633880615234,2218200
2015-10-16,104.37000274658203,104.54000091552734,103.8499984741211,104.51000213623047,87.8726577758789,1902100
2015-10-19,104.30000305175781,104.66999816894531,103.97000122070312,104.62999725341797,87.97352600097656,1457900
2015-10-20,104.38999938964844,104.91000366210938,104.19000244140625,104.51000213623047,87.8726577758789,1806000
2015-10-21,104.70999908447266,104.86000061035156,103.58999633789062,103.69000244140625,87.18319702148438,1777800
2015-10-22,104.27999877929688,105.43000030517578,104.12000274658203,105.20999908447266,88.46118927001953,1979200
2015-10-23,106.12999725341797,106.47000122070312,105.66999816894531,106.30999755859375,89.3861083984375,2404300
2015-10-26,106.26000213623047,106.30000305175781,105.8499984741211,106.05999755859375,89.1759033203125,3078300
2015-10-27,105.83000183105469,105.94000244140625,105.26000213623047,105.70999908447266,88.8816146850586,1686000
2015-10-28,105.94000244140625,107.12000274658203,105.62000274658203,107.0999984741211,90.05030822753906,2421700
2015-10-29,106.72000122070312,107.18000030517578,106.68000030517578,106.94000244140625,89.91582489013672,2666900
2015-10-30,107.13999938964844,107.27999877929688,106.5,106.52999877929688,89.5710678100586,2203200
2015-11-02,106.77999877929688,108.0,106.68000030517578,107.93000030517578,90.74817657470703,3396400
2015-11-03,107.70999908447266,108.56999969482422,107.55000305175781,108.19999694824219,90.97523498535156,3100800
2015-11-04,108.51000213623047,108.52999877929688,107.56999969482422,107.94000244140625,90.75660705566406,2893600
2015-11-05,108.04000091552734,108.2300033569336,107.20999908447266,107.81999969482422,90.65570068359375,2144000
2015-11-06,107.56999969482422,107.8499984741211,106.91999816894531,107.83999633789062,90.67253112792969,2078900
2015-11-09,107.9000015258789,107.9000015258789,106.19999694824219,106.76000213623047,89.76445007324219,2620800
2015-11-10,106.45999908447266,107.04000091552734,106.29000091552734,107.0,89.96625518798828,1605400
2015-11-11,107.2699966430664,107.2699966430664,106.52999877929688,106.54000091552734,89.57947540283203,1342200
2015-11-12,105.97000122070312,106.16000366210938,104.94999694824219,104.94999694824219,88.24263763427734,3110400
2015-11-13,104.76000213623047,104.87999725341797,103.80999755859375,103.83999633789062,87.30929565429688,3003700
2015-11-16,103.80000305175781,105.36000061035156,103.69000244140625,105.3499984741211,88.57894134521484,2635400
2015-11-17,105.51000213623047,106.08999633789062,104.97000122070312,105.22000122070312,88.4696273803711,2243300
2015-11-18,105.58000183105469,107.0,105.54000091552734,106.9000015258789,89.88217163085938,2106100
2015-11-19,106.91000366210938,107.08000183105469,106.62000274658203,106.76000213623047,89.76445007324219,1623400
2015-11-20,107.2300033569336,107.5999984741211,106.9800033569336,107.22000122070312,90.15122985839844,1563500
2015-11-23,107.2300033569336,107.58999633789062,106.87999725341797,107.11000061035156,90.05872344970703,3145000
2015-11-24,106.56999969482422,107.58999633789062,106.30999755859375,107.38999938964844,90.29417419433594,2032600
2015-11-25,107.51000213623047,107.66000366210938,107.25,107.47000122070312,90.3614273071289,1820300
2015-11-27,107.58999633789062,107.76000213623047,107.22000122070312,107.62999725341797,90.49597930908203,552400
2015-11-30,107.77999877929688,107.8499984741211,107.11000061035156,107.16999816894531,90.10921478271484,3618100
2015-12-01,107.58999633789062,108.20999908447266,107.37000274658203,108.18000030517578,90.95841979980469,2443600
2015-12-02,108.0999984741211,108.2699966430664,106.87999725341797,107.05000305175781,90.0082778930664,2937200
2015-12-03,107.29000091552734,107.4800033569336,105.05999755859375,105.44999694824219,88.66301727294922,3345600
2015-12-04,105.80999755859375,107.54000091552734,105.62000274658203,107.38999938964844,90.29417419433594,4520000
2015-12-07,107.2300033569336,107.2699966430664,106.05999755859375,106.55000305175781,89.587890625,3000500
2015-12-08,105.94000244140625,106.4000015258789,105.2699966430664,105.91000366210938,89.04978942871094,3149600
2015-12-09,105.55000305175781,106.75,104.4800033569336,105.0,88.2846450805664,4179800
2015-12-10,105.18000030517578,106.05999755859375,104.91999816894531,105.30999755859375,88.54528045654297,3684900
2015-12-11,104.16999816894531,104.43000030517578,103.06999969482422,103.23999786376953,86.80480194091797,5100700
2015-12-14,103.36000061035156,103.72000122070312,102.18000030517578,103.61000061035156,87.11592864990234,7237800
2015-12-15,104.44000244140625,105.19000244140625,104.36000061035156,104.72000122070312,88.04920196533203,2918000
2015-12-16,105.45999908447266,106.41999816894531,104.69999694824219,106.23999786376953,89.3272476196289,5972400
2015-12-17,106.44000244140625,106.47000122070312,104.68000030517578,104.68000030517578,88.01557159423828,4939900
2015-12-18,104.16999816894531,104.36000061035156,102.9000015258789,102.9000015258789,86.51895141601562,4207700
2015-12-21,103.19000244140625,103.27999877929688,102.37000274658203,103.12999725341797,87.20640563964844,3240700
2015-12-22,103.6500015258789,104.26000213623047,103.04000091552734,104.05999755859375,87.9928207397461,2876600
2015-12-23,104.62999725341797,105.4000015258789,104.51000213623047,105.36000061035156,89.09209442138672,3342300
2015-12-24,105.22000122070312,105.5999984741211,105.08000183105469,105.2300033569336,88.98218536376953,1460500
2015-12-28,104.87999725341797,105.0,104.31999969482422,105.0,88.7876968383789,3479600
2015-12-29,105.69000244140625,106.23999786376953,105.54000091552734,106.12000274658203,89.73477935791016,2508300
2015-12-30,105.95999908447266,106.0,105.25,105.31999969482422,89.05828094482422,2405900
2015-12-31,104.93000030517578,105.31999969482422,104.30000305175781,104.30000305175781,88.19577026367188,3652200
2016-01-04,102.58000183105469,102.94999694824219,101.58000183105469,102.73999786376953,86.87663269042969,6138300
2016-01-05,102.9000015258789,103.18000030517578,102.30000305175781,102.97000122070312,87.07112121582031,3652300
2016-01-06,101.52999877929688,102.2300033569336,100.94999694824219,101.58999633789062,85.90422821044922,3732800
2016-01-07,99.9000015258789,100.80000305175781,98.87000274658203,99.0999984741211,83.79866790771484,9256200
2016-01-08,99.61000061035156,99.98999786376953,97.77999877929688,97.97000122070312,82.8431396484375,7015800
2016-01-11,98.55000305175781,98.66999816894531,96.77999877929688,97.91000366210938,82.79240417480469,6863800
2016-01-12,98.80000305175781,99.16999816894531,97.27999877929688,98.58000183105469,83.35896301269531,4457300
2016-01-13,99.0,99.19999694824219,95.77999877929688,96.04000091552734,81.21114349365234,6163000
2016-01-14,96.36000061035156,98.18000030517578,95.33000183105469,97.51000213623047,82.45414733886719,5085100
2016-01-15,95.05000305175781,95.87999725341797,94.22000122070312,95.45999908447266,80.7206802368164,8101700
2016-01-19,96.56999969482422,96.66999816894531,94.5,95.36000061035156,80.63614654541016,7435700
2016-01-20,94.0,95.2699966430664,91.79000091552734,94.41999816894531,79.84127807617188,13844900
2016-01-21,94.69999694824219,95.95999908447266,93.81999969482422,94.79000091552734,80.1541519165039,7169500
2016-01-22,96.33000183105469,96.88999938964844,95.94999694824219,96.80999755859375,81.86224365234375,3701500
2016-01-25,96.63999938964844,96.6500015258789,95.11000061035156,95.22000122070312,80.51776123046875,4470500
2016-01-26,95.5999984741211,96.81999969482422,95.44000244140625,96.66999816894531,81.74388122558594,3333400
2016-01-27,96.4000015258789,97.31999969482422,95.05000305175781,95.56999969482422,80.81370544433594,5202400
2016-01-28,96.55999755859375,96.66000366210938,95.05000305175781,95.94999694824219,81.13504791259766,4540700
2016-01-29,96.44999694824219,98.36000061035156,96.3499984741211,98.33000183105469,83.14755249023438,5005400
2016-02-01,97.75,98.80999755859375,97.37000274658203,98.3499984741211,83.16445922851562,3868900
2016-02-02,97.5,97.55000305175781,96.16000366210938,96.44999694824219,81.55783081054688,3279600
2016-02-03,97.08999633789062,97.29000091552734,94.88999938964844,97.02999877929688,82.04827880859375,5457300
2016-02-04,96.79000091552734,97.91999816894531,96.47000122070312,97.26000213623047,82.24276733398438,3431800
2016-02-05,96.94000244140625,97.0,94.94999694824219,95.26000213623047,80.55158996582031,3993600
2016-02-08,94.19999694824219,94.37999725341797,92.5,93.77999877929688,79.30008697509766,6303900
2016-02-09,92.83999633789062,94.47000122070312,92.69999694824219,93.66000366210938,79.1986083984375,4793900
2016-02-10,94.19000244140625,95.2699966430664,93.62000274658203,93.72000122070312,79.2493667602539,3580000
2016-02-11,92.38999938964844,93.05999755859375,91.58000183105469,92.55999755859375,78.2684555053711,7239700
2016-02-12,93.47000122070312,94.37999725341797,93.01000213623047,94.36000061035156,79.79054260253906,2948100
2016-02-16,95.62000274658203,96.08999633789062,94.95999908447266,96.08000183105469,81.2449722290039,3577700
2016-02-17,96.7699966430664,97.93000030517578,96.58999633789062,97.66999816894531,82.58944702148438,3635000
2016-02-18,97.9000015258789,97.91999816894531,97.08999633789062,97.27999877929688,82.25967407226562,2432100
2016-02-19,96.8499984741211,97.36000061035156,96.43000030517578,97.30000305175781,82.27660369873047,2243700
2016-02-22,98.23999786376953,98.80000305175781,98.11000061035156,98.72000122070312,83.47734832763672,2235400
2016-02-23,98.37999725341797,98.5199966430664,97.47000122070312,97.52999877929688,82.47108459472656,3203900
2016-02-24,96.58000183105469,98.13999938964844,95.98999786376953,98.02999877929688,82.89385223388672,3253400
2016-02-25,98.2699966430664,99.19000244140625,97.81999969482422,99.19000244140625,83.87476348876953,4961900
2016-02-26,99.66999816894531,99.76000213623047,98.95999908447266,99.11000061035156,83.80709838867188,3194300
2016-02-29,99.12000274658203,99.69000244140625,98.31999969482422,98.31999969482422,83.13909149169922,2749400
2016-03-01,99.12999725341797,100.68000030517578,98.83999633789062,100.66000366210938,85.1177978515625,2955700
2016-03-02,100.5199966430664,101.23999786376953,100.26000213623047,101.22000122070312,85.59134674072266,3591400
2016-03-03,101.12999725341797,101.75,100.8499984741211,101.72000122070312,86.01412963867188,2703100
2016-03-04,101.88999938964844,102.5999984741211,101.4000015258789,102.06999969482422,86.3100814819336,2442100
2016-03-07,101.6500015258789,102.55999755859375,101.55999755859375,102.27999877929688,86.48767852783203,2963900
2016-03-08,101.7300033569336,101.80000305175781,100.91000366210938,101.01000213623047,85.41373443603516,3436900
2016-03-09,101.5,101.69999694824219,100.9800033569336,101.5,85.82810974121094,2131700
2016-03-10,101.80000305175781,102.30000305175781,100.4000015258789,101.47000122070312,85.80272674560547,3702000
2016-03-11,102.37000274658203,103.23999786376953,102.33000183105469,103.19000244140625,87.25717163085938,3253500
2016-03-14,102.87999725341797,103.31999969482422,102.69000244140625,103.06999969482422,87.15567779541016,2987100
2016-03-15,102.0,102.26000213623047,101.76000213623047,102.23999786376953,86.85832214355469,2992400
2016-03-16,101.98999786376953,103.08999633789062,101.91000366210938,102.87999725341797,87.40203857421875,3473600
2016-03-17,102.87000274658203,103.91999816894531,102.5999984741211,103.66999816894531,88.07320404052734,3472500
2016-03-18,103.94999694824219,104.27999877929688,103.80000305175781,104.12999725341797,88.46399688720703,2942300
2016-03-21,103.9800033569336,104.36000061035156,103.80000305175781,104.2300033569336,88.54895782470703,2539300
2016-03-22,103.75,104.5199966430664,103.61000061035156,104.19999694824219,88.52348327636719,1962600
2016-03-23,104.04000091552734,104.04000091552734,103.27999877929688,103.3499984741211,87.80133056640625,6087100
2016-03-24,102.76000213623047,103.33000183105469,102.52999877929688,103.31999969482422,87.77586364746094,2173000
2016-03-28,103.58000183105469,103.70999908447266,103.06999969482422,103.38999938964844,87.8353271484375,2103400
2016-03-29,103.19000244140625,104.55000305175781,102.95999908447266,104.54000091552734,88.81231689453125,2925100
2016-03-30,105.04000091552734,105.38999938964844,104.7300033569336,104.94000244140625,89.15213012695312,2258800
2016-03-31,104.97000122070312,105.22000122070312,104.69999694824219,104.81999969482422,89.0501937866211,2230100
2016-04-01,104.30000305175781,105.56999969482422,103.94999694824219,105.4800033569336,89.61090087890625,2996000
2016-04-04,105.48999786376953,105.55000305175781,104.88999938964844,105.04000091552734,89.23709106445312,1847400
2016-04-05,104.30999755859375,104.55000305175781,103.87000274658203,104.0199966430664,88.37053680419922,2572500
2016-04-06,104.08999633789062,105.19999694824219,103.9000015258789,105.16000366210938,89.33904266357422,2572000
2016-04-07,104.5,104.73999786376953,103.44000244140625,103.9000015258789,88.26863098144531,2134800
2016-04-08,104.56999969482422,104.9000015258789,103.91000366210938,104.19999694824219,88.52348327636719,2337000
2016-04-11,104.6500015258789,105.05000305175781,103.91000366210938,103.91000366210938,88.2770767211914,2276300
2016-04-12,104.0999984741211,105.0999984741211,103.77999877929688,104.91999816894531,89.13516235351562,2358000
2016-04-13,105.5,106.16999816894531,105.43000030517578,106.1500015258789,90.18008422851562,2864500
2016-04-14,106.23999786376953,106.38999938964844,105.9000015258789,106.11000061035156,90.14611053466797,1666900
2016-04-15,106.12000274658203,106.19000244140625,105.87000274658203,106.05999755859375,90.1036376953125,1622600
2016-04-18,105.73999786376953,106.79000091552734,105.61000061035156,106.7699966430664,90.70682525634766,1767100
2016-04-19,107.0199966430664,107.30999755859375,106.61000061035156,107.06999969482422,90.96168518066406,2103700
2016-04-20,107.20999908447266,107.63999938964844,106.83000183105469,107.18000030517578,91.05512237548828,1958900
2016-04-21,107.26000213623047,107.33000183105469,106.4800033569336,106.6500015258789,90.60486602783203,1675200
2016-04-22,106.51000213623047,106.93000030517578,106.23999786376953,106.80000305175781,90.73233795166016,1893600
2016-04-25,106.5,106.58999633789062,106.05999755859375,106.54000091552734,90.51143646240234,2088100
2016-04-26,106.77999877929688,107.05000305175781,106.44000244140625,106.83000183105469,90.75780487060547,1747500
2016-04-27,106.66000366210938,107.33000183105469,106.41999816894531,107.08999633789062,90.97868347167969,2267900
2016-04-28,106.62999725341797,107.30000305175781,105.87000274658203,106.12999725341797,90.1631088256836,4834200
2016-04-29,105.80000305175781,105.95999908447266,104.80999755859375,105.51000213623047,89.63639068603516,3068000
2016-05-02,105.80000305175781,106.4000015258789,105.47000122070312,106.33000183105469,90.33300018310547,2546500
2016-05-03,105.62000274658203,105.68000030517578,104.81999969482422,105.26000213623047,89.42399597167969,5172600
2016-05-04,104.76000213623047,105.16999816894531,104.37000274658203,104.63999938964844,88.89726257324219,2578800
2016-05-05,104.94999694824219,105.16999816894531,104.37000274658203,104.5999984741211,88.86328125,1616700
2016-05-06,104.13999938964844,104.98999786376953,104.0,104.9800033569336,89.1861343383789,1759600
2016-05-09,104.87000274658203,105.33999633789062,104.7699966430664,105.08999633789062,89.27957916259766,1747300
2016-05-10,105.5,106.4000015258789,105.41000366210938,106.33999633789062,90.34151458740234,2400900
2016-05-11,106.08999633789062,106.29000091552734,105.33999633789062,105.37000274658203,89.5174331665039,1531600
2016-05-12,105.81999969482422,105.87999725341797,104.72000122070312,105.33000183105469,89.48345947265625,2470000
2016-05-13,105.08000183105469,105.4800033569336,104.22000122070312,104.41999816894531,88.71037292480469,3754800
2016-05-16,104.58000183105469,105.75,104.41000366210938,105.45999908447266,89.59387969970703,2069600
2016-05-17,105.26000213623047,105.45999908447266,104.16000366210938,104.51000213623047,88.7868423461914,2792200
2016-05-18,104.51000213623047,105.19999694824219,103.81999969482422,104.5,88.77832794189453,2797700
2016-05-19,104.08000183105469,104.36000061035156,103.37000274658203,104.08999633789062,88.43000030517578,2616800
2016-05-20,104.54000091552734,105.13999938964844,104.44999694824219,104.88999938964844,89.10967254638672,2005700
2016-05-23,104.91999816894531,105.12000274658203,104.66000366210938,104.76000213623047,88.99922943115234,1662200
2016-05-24,105.22000122070312,106.37000274658203,105.22000122070312,106.16000366210938,90.1885757446289,2409000
2016-05-25,106.51000213623047,107.13999938964844,106.51000213623047,106.93000030517578,90.8427505493164,3266500
2016-05-26,107.0199966430664,107.13999938964844,106.7300033569336,106.91000366210938,90.8257827758789,1803600
2016-05-27,106.97000122070312,107.38999938964844,106.94999694824219,107.38999938964844,91.23356628417969,1691400
2016-05-31,107.56999969482422,107.69000244140625,106.95999908447266,107.33999633789062,91.19104766845703,2570700
2016-06-01,107.0,107.69999694824219,106.80000305175781,107.62999725341797,91.43743133544922,2679600
2016-06-02,107.4000015258789,107.98999786376953,107.11000061035156,107.98999786376953,91.74330139160156,2112700
2016-06-03,107.77999877929688,107.87000274658203,106.94000244140625,107.69000244140625,91.48841094970703,2502500
2016-06-06,107.83999633789062,108.45999908447266,107.80000305175781,108.25,91.96417236328125,1782300
2016-06-07,108.38999938964844,108.80999755859375,108.31999969482422,108.45999908447266,92.1425552368164,1271500
2016-06-08,108.61000061035156,108.93000030517578,108.5,108.83999633789062,92.46540832519531,1286500
2016-06-09,108.44999694824219,108.7300033569336,108.22000122070312,108.62000274658203,92.27848815917969,1743400
2016-06-10,107.77999877929688,107.91999816894531,107.16000366210938,107.5,91.32699584960938,1666400
2016-06-13,107.1500015258789,107.68000030517578,106.58999633789062,106.61000061035156,90.5708999633789,2354800
2016-06-14,105.9000015258789,106.33000183105469,105.36000061035156,105.94999694824219,90.40790557861328,2170100
2016-06-15,106.19000244140625,106.5999984741211,105.73999786376953,105.83999633789062,90.31404113769531,1841500
2016-06-16,105.30000305175781,106.18000030517578,104.69999694824219,106.1500015258789,90.5785903930664,1884300
2016-06-17,106.12000274658203,106.12000274658203,105.38999938964844,105.80000305175781,90.2799072265625,1713000
2016-06-20,106.93000030517578,107.38999938964844,106.45999908447266,106.5199966430664,90.89429473876953,2402900
2016-06-21,106.80000305175781,106.98999786376953,106.38999938964844,106.75,91.09054565429688,2248300
2016-06-22,106.80000305175781,107.27999877929688,106.44000244140625,106.51000213623047,90.8857650756836,2002700
2016-06-23,107.41999816894531,108.0,107.13999938964844,107.9800033569336,92.1401138305664,1622300
2016-06-24,104.12000274658203,105.94000244140625,103.86000061035156,104.05000305175781,88.78662872314453,7370400
2016-06-27,103.22000122070312,103.2300033569336,101.51000213623047,101.9800033569336,87.02030181884766,5213600
2016-06-28,103.08000183105469,103.86000061035156,102.83000183105469,103.8499984741211,88.6159439086914,7569500
2016-06-29,104.68000030517578,105.83000183105469,104.6500015258789,105.70999908447266,90.20308685302734,2635700
2016-06-30,106.01000213623047,107.19999694824219,105.62000274658203,107.16000366210938,91.44041442871094,5552300
2016-07-01,107.16000366210938,107.75,107.06999969482422,107.37000274658203,91.61961364746094,2938000
2016-07-05,106.94000244140625,107.0,106.13999938964844,106.56999969482422,90.93695068359375,3019900
2016-07-06,106.19999694824219,107.26000213623047,105.87999725341797,107.22000122070312,91.49161529541016,1767700
2016-07-07,107.37000274658203,107.7699966430664,106.75,107.16999816894531,91.44894409179688,1669800
2016-07-08,107.91000366210938,108.98999786376953,107.86000061035156,108.83999633789062,92.87397766113281,2362200
2016-07-11,109.19000244140625,109.62000274658203,109.0,109.29000091552734,93.2579574584961,3868300
2016-07-12,109.87999725341797,110.4000015258789,109.68000030517578,110.19999694824219,94.03448486328125,3222800
2016-07-13,110.43000030517578,110.5,109.80999755859375,110.13999938964844,93.98326873779297,1485700
2016-07-14,110.72000122070312,110.98999786376953,110.45999908447266,110.66999816894531,94.4355239868164,1561100
2016-07-15,110.88999938964844,110.97000122070312,110.29000091552734,110.55000305175781,94.3331527709961,1385500
2016-07-18,110.6500015258789,110.93000030517578,110.44000244140625,110.86000061035156,94.59765625,1359900
2016-07-19,110.62000274658203,110.75,110.4000015258789,110.63999938964844,94.4099349975586,3154100
2016-07-20,110.68000030517578,111.33000183105469,110.66000366210938,111.2300033569336,94.91336059570312,1135900
2016-07-21,111.18000030517578,111.29000091552734,110.5199966430664,110.79000091552734,94.53792572021484,3393400
2016-07-22,110.9000015258789,111.36000061035156,110.70999908447266,111.31999969482422,94.99018096923828,3546700
2016-07-25,111.23999786376953,111.2699966430664,110.69000244140625,111.02999877929688,94.74272918701172,1394200
2016-07-26,111.05999755859375,111.33999633789062,110.62999725341797,111.1500015258789,94.84510803222656,1432300
2016-07-27,111.41000366210938,111.41999816894531,110.55999755859375,111.0199966430664,94.73418426513672,1977500
2016-07-28,110.88999938964844,111.37999725341797,110.66000366210938,111.16000366210938,94.85364532470703,1945800
2016-07-29,111.08999633789062,111.62000274658203,110.81999969482422,111.41999816894531,95.07548522949219,1638200
2016-08-01,111.4000015258789,111.66999816894531,111.0,111.2699966430664,94.947509765625,2093200
2016-08-02,111.19000244140625,111.2300033569336,109.94999694824219,110.43000030517578,94.23072814941406,2473900
2016-08-03,110.38999938964844,110.86000061035156,110.20999908447266,110.83999633789062,94.58056640625,1353600
2016-08-04,110.8499984741211,111.18000030517578,110.69000244140625,110.97000122070312,94.69149780273438,1113600
2016-08-05,111.41999816894531,111.91999816894531,111.31999969482422,111.88999938964844,95.4765853881836,1379600
2016-08-08,111.98999786376953,112.12000274658203,111.69000244140625,111.81999969482422,95.41680908203125,1238800
2016-08-09,111.94000244140625,112.18000030517578,111.75,111.91999816894531,95.50213623046875,1032500
2016-08-10,111.94000244140625,112.05000305175781,111.41999816894531,111.58999633789062,95.22059631347656,1259100
2016-08-11,111.9800033569336,112.26000213623047,111.7300033569336,112.1500015258789,95.69839477539062,1378000
2016-08-12,111.97000122070312,112.16999816894531,111.76000213623047,112.04000091552734,95.60455322265625,1542900
2016-08-15,112.29000091552734,112.63999938964844,112.06999969482422,112.44999694824219,95.95439147949219,1442800
2016-08-16,112.2300033569336,112.23999786376953,111.80999755859375,111.80999755859375,95.40827941894531,1228600
2016-08-17,111.83999633789062,112.02999877929688,111.2699966430664,111.94999694824219,95.52776336669922,2791500
2016-08-18,111.91999816894531,112.30000305175781,111.70999908447266,112.30000305175781,95.82640838623047,972100
2016-08-19,112.0,112.2300033569336,111.7300033569336,112.13999938964844,95.68987274169922,1000600
2016-08-22,112.04000091552734,112.25,111.7699966430664,112.16999816894531,95.71548461914062,1102000
2016-08-23,112.4800033569336,112.77999877929688,112.44000244140625,112.47000122070312,95.97147369384766,3252300
2016-08-24,112.43000030517578,112.45999908447266,111.58999633789062,111.83999633789062,95.43387603759766,2267800
2016-08-25,111.69999694824219,112.06999969482422,111.55000305175781,111.7699966430664,95.37416076660156,1205200
2016-08-26,111.87000274658203,112.55000305175781,111.05000305175781,111.54000091552734,95.17787170410156,1851100
2016-08-29,111.72000122070312,112.33000183105469,111.69999694824219,112.1500015258789,95.69839477539062,1071200
2016-08-30,112.16000366210938,112.30000305175781,111.66000366210938,111.97000122070312,95.54484558105469,1534600
2016-08-31,111.87999725341797,111.9000015258789,111.19999694824219,111.6500015258789,95.27174377441406,1393700
2016-09-01,111.7699966430664,111.88999938964844,110.97000122070312,111.70999908447266,95.32295989990234,1670900
2016-09-02,112.19000244140625,112.51000213623047,111.91999816894531,112.27999877929688,95.80935668945312,1563200
2016-09-06,112.45999908447266,112.62000274658203,112.0199966430664,112.5999984741211,96.08243560791016,4111700
2016-09-07,112.54000091552734,112.75,112.29000091552734,112.75,96.21041107177734,1590000
2016-09-08,112.56999969482422,112.66999816894531,112.26000213623047,112.45999908447266,95.96295166015625,1152400
2016-09-09,111.72000122070312,111.7300033569336,109.6500015258789,109.66000366210938,93.57367706298828,3337400
2016-09-12,109.19000244140625,111.4000015258789,109.05000305175781,111.19000244140625,94.8792724609375,3043500
2016-09-13,109.94999694824219,110.01000213623047,108.56999969482422,108.91999816894531,93.39495849609375,5122100
2016-09-14,109.05000305175781,109.70999908447266,108.61000061035156,108.93000030517578,93.40355682373047,2041600
2016-09-15,108.86000061035156,110.25,108.73999786376953,110.05000305175781,94.36389923095703,2960400
2016-09-16,109.75,109.7699966430664,109.22000122070312,109.61000061035156,93.98664093017578,2779400
2016-09-19,110.19000244140625,110.5,109.5199966430664,109.7699966430664,94.12380981445312,3430200
2016-09-20,110.29000091552734,110.33000183105469,109.69000244140625,109.72000122070312,94.08096313476562,1603400
2016-09-21,110.11000061035156,111.08000183105469,109.70999908447266,110.9800033569336,95.16133117675781,1971800
2016-09-22,111.62999725341797,111.91999816894531,111.52999877929688,111.79000091552734,95.85591125488281,1525300
2016-09-23,111.58999633789062,111.68000030517578,111.11000061035156,111.1500015258789,95.30711364746094,1531900
2016-09-26,110.63999938964844,110.87000274658203,110.20999908447266,110.2699966430664,94.55252838134766,2136700
2016-09-27,110.2300033569336,110.94999694824219,109.98999786376953,110.9000015258789,95.09276580810547,1292400
2016-09-28,111.05999755859375,111.5999984741211,110.45999908447266,111.55000305175781,95.65008544921875,1439800
2016-09-29,111.4800033569336,111.62000274658203,110.16999816894531,110.45999908447266,94.71549224853516,2037100
2016-09-30,110.97000122070312,111.70999908447266,110.75,111.33000183105469,95.46147155761719,1722500
2016-10-03,111.08999633789062,111.2300033569336,110.62999725341797,110.98999786376953,95.16993713378906,2207600
2016-10-04,111.12000274658203,111.22000122070312,110.0999984741211,110.48999786376953,94.74119567871094,2701100
2016-10-05,110.77999877929688,111.22000122070312,110.58999633789062,110.91999816894531,95.10990905761719,2119000
2016-10-06,110.75,111.08999633789062,110.38999938964844,110.95999908447266,95.14423370361328,1067600
2016-10-07,111.1500015258789,111.2300033569336,110.05999755859375,110.54000091552734,94.78408813476562,1770400
2016-10-10,110.54000091552734,111.44000244140625,110.54000091552734,111.13999938964844,95.2985610961914,1135000
2016-10-11,110.94000244140625,110.94999694824219,109.23999786376953,109.66000366210938,94.02948760986328,1996900
2016-10-12,109.77999877929688,110.12999725341797,109.45999908447266,109.79000091552734,94.14097595214844,1849100
2016-10-13,109.01000213623047,109.72000122070312,108.4800033569336,109.4000015258789,93.80655670166016,1986200
2016-10-14,110.0,110.31999969482422,109.36000061035156,109.37000274658203,93.78083801269531,2673900
2016-10-17,109.37999725341797,109.54000091552734,108.94000244140625,109.05999755859375,93.5150375366211,2507700
2016-10-18,109.91999816894531,110.02999877929688,109.5,109.69999694824219,94.06378173828125,1635200
2016-10-19,109.94000244140625,110.25,109.62000274658203,110.05000305175781,94.36389923095703,1408200
2016-10-20,109.9000015258789,110.16999816894531,109.41999816894531,109.83999633789062,94.18384552001953,2017000
2016-10-21,109.41000366210938,109.9000015258789,109.19999694824219,109.80000305175781,94.14955139160156,1234400
2016-10-24,110.38999938964844,110.5999984741211,110.12999725341797,110.3499984741211,94.62113952636719,2004700
2016-10-25,110.25,110.33000183105469,109.79000091552734,109.87999725341797,94.21813201904297,2079100
2016-10-26,109.47000122070312,109.97000122070312,109.26000213623047,109.55000305175781,93.93517303466797,1827200
2016-10-27,110.0,110.0,109.08000183105469,109.18000030517578,93.617919921875,1597800
2016-10-28,109.11000061035156,109.55999755859375,108.47000122070312,108.81999969482422,93.30921936035156,2868100
2016-10-31,109.05000305175781,109.20999908447266,108.80999755859375,108.88999938964844,93.3692398071289,1913600
2016-11-01,109.0999984741211,109.19000244140625,107.38999938964844,108.08000183105469,92.67472076416016,3169800
2016-11-02,107.87000274658203,108.08000183105469,107.11000061035156,107.33000183105469,92.03160858154297,2957400
2016-11-03,107.41999816894531,107.62999725341797,106.70999908447266,106.86000061035156,91.62857818603516,2096400
2016-11-04,106.88999938964844,107.51000213623047,106.69000244140625,106.79000091552734,91.56857299804688,2805400
2016-11-07,108.41000366210938,109.16999816894531,108.20999908447266,109.1500015258789,93.5921859741211,2527700
2016-11-08,109.01000213623047,109.98999786376953,108.7300033569336,109.62000274658203,93.9952163696289,2074200
2016-11-09,108.7699966430664,111.33000183105469,108.5,110.9800033569336,95.16133117675781,6482000
2016-11-10,111.58999633789062,112.12999725341797,110.4800033569336,111.37000274658203,95.49574279785156,5083500
2016-11-11,111.0,111.51000213623047,110.69000244140625,111.41000366210938,95.53005981445312,4005200
2016-11-14,111.77999877929688,112.05000305175781,111.29000091552734,111.69999694824219,95.77873229980469,5234000
2016-11-15,112.04000091552734,112.5999984741211,111.76000213623047,112.56999969482422,96.52471923828125,6037200
2016-11-16,112.37000274658203,112.52999877929688,112.13999938964844,112.41000366210938,96.38750457763672,7113900
2016-11-17,112.52999877929688,113.04000091552734,112.3499984741211,112.9800033569336,96.87628936767578,1874800
2016-11-18,113.05000305175781,113.12000274658203,112.66999816894531,112.7699966430664,96.69620513916016,2298200
2016-11-21,113.12000274658203,113.62999725341797,112.87000274658203,113.62000274658203,97.4250717163086,2493900
2016-11-22,113.87999725341797,114.04000091552734,113.44000244140625,113.94999694824219,97.7080307006836,2673200
2016-11-23,113.72000122070312,114.12000274658203,113.48999786376953,114.11000061035156,97.84522247314453,1818700
2016-11-25,114.3499984741211,114.55000305175781,114.20999908447266,114.55000305175781,98.22250366210938,889800
2016-11-28,114.31999969482422,114.41000366210938,113.80000305175781,113.88999938964844,97.65657043457031,1849800
2016-11-29,113.9000015258789,114.3499984741211,113.68000030517578,114.05000305175781,97.79376983642578,1544200
2016-11-30,114.47000122070312,114.55000305175781,113.77999877929688,113.77999877929688,97.56224060058594,4406200
2016-12-01,114.02999877929688,114.02999877929688,113.06999969482422,113.30999755859375,97.15924072265625,2601100
2016-12-02,113.33999633789062,113.66999816894531,113.1500015258789,113.30999755859375,97.15924072265625,1755900
2016-12-05,113.9000015258789,114.37000274658203,113.7699966430664,114.0999984741211,97.83662414550781,3842900
2016-12-06,114.33999633789062,114.70999908447266,114.0199966430664,114.68000030517578,98.33396911621094,2357100
2016-12-07,114.62999725341797,116.19000244140625,114.51000213623047,116.0999984741211,99.55155181884766,4000000
2016-12-08,116.18000030517578,116.8499984741211,115.97000122070312,116.5199966430664,99.91168975830078,2679400
2016-12-09,116.7699966430664,117.1500015258789,116.62000274658203,117.1500015258789,100.45191192626953,2310200
2016-12-12,117.12000274658203,117.3499984741211,116.58999633789062,116.8499984741211,100.19466400146484,4224500
2016-12-13,117.30000305175781,117.79000091552734,117.12999725341797,117.52999877929688,100.77776336669922,4393900
2016-12-14,117.4800033569336,117.7300033569336,116.2300033569336,116.47000122070312,99.86882781982422,3885400
2016-12-15,116.55999755859375,117.52999877929688,116.5,116.94999694824219,100.28041076660156,3343100
2016-12-16,117.2699966430664,117.37999725341797,116.58999633789062,116.7699966430664,100.12606048583984,1991600
2016-12-19,116.95999908447266,117.31999969482422,116.80000305175781,117.0999984741211,100.40901947021484,2405700
2016-12-20,116.87999725341797,116.93000030517578,116.5999984741211,116.87000274658203,100.83785247802734,2942400
2016-12-21,116.87000274658203,116.91999816894531,116.54000091552734,116.54000091552734,100.55309295654297,2248600
2016-12-22,116.41999816894531,116.51000213623047,115.9800033569336,116.23999786376953,100.29427337646484,3105800
2016-12-23,116.2300033569336,116.41999816894531,116.12999725341797,116.41999816894531,100.4495849609375,2325800
2016-12-27,116.56999969482422,116.98999786376953,116.5,116.70999908447266,100.69979858398438,3386800
2016-12-28,116.87999725341797,116.93000030517578,115.66000366210938,115.73999786376953,99.86286163330078,2591000
2016-12-29,115.73999786376953,116.02999877929688,115.47000122070312,115.75,99.87149810791016,1622700
2016-12-30,116.0,116.0,114.95999908447266,115.31999969482422,99.50047302246094,2909900
2017-01-03,116.1500015258789,116.55000305175781,115.48999786376953,116.19999694824219,100.25975799560547,2731600
2017-01-04,116.47000122070312,117.19000244140625,116.41999816894531,117.08999633789062,101.02764892578125,3228700
2017-01-05,116.94999694824219,117.08999633789062,116.4000015258789,116.86000061035156,100.8292007446289,2604000
2017-01-06,117.0199966430664,117.5199966430664,116.63999938964844,117.2300033569336,101.14845275878906,2317600
2017-01-09,117.0999984741211,117.13999938964844,116.73999786376953,116.77999877929688,100.76019287109375,2461400
2017-01-10,116.76000213623047,117.36000061035156,116.62000274658203,116.87000274658203,100.83785247802734,2055300
2017-01-11,116.91000366210938,117.23999786376953,116.48999786376953,117.23999786376953,101.15708923339844,2751800
2017-01-12,117.04000091552734,117.04000091552734,116.01000213623047,116.93000030517578,100.88963317871094,2342300
2017-01-13,116.98999786376953,117.4000015258789,116.9800033569336,117.22000122070312,101.13984680175781,2031800
2017-01-17,116.86000061035156,117.05999755859375,116.47000122070312,116.69999694824219,100.69114685058594,2583600
2017-01-18,116.80000305175781,117.0,116.4800033569336,116.97000122070312,100.92412567138672,1901700
2017-01-19,117.02999877929688,117.13999938964844,116.23999786376953,116.51000213623047,100.52721405029297,1899300
2017-01-20,116.83999633789062,117.2300033569336,116.58999633789062,116.91000366210938,100.87236022949219,2636100
2017-01-23,116.75,116.97000122070312,116.16999816894531,116.5999984741211,100.6048812866211,1938900
2017-01-24,116.81999969482422,117.73999786376953,116.73999786376953,117.51000213623047,101.39006042480469,2165400
2017-01-25,118.0199966430664,118.55999755859375,117.94000244140625,118.5199966430664,102.26148986816406,2427800
2017-01-26,118.55999755859375,118.62000274658203,118.2300033569336,118.3499984741211,102.11481475830078,2178500
2017-01-27,118.44999694824219,118.4800033569336,118.0199966430664,118.16000366210938,101.95088958740234,1479500
2017-01-30,117.7300033569336,117.80000305175781,116.68000030517578,117.36000061035156,101.2606201171875,3006100
2017-01-31,117.0,117.45999908447266,116.7300033569336,117.45999908447266,101.346923828125,3309700
2017-02-01,117.86000061035156,118.04000091552734,117.06999969482422,117.44999694824219,101.33830261230469,2614500
2017-02-02,117.20999908447266,117.72000122070312,117.0199966430664,117.52999877929688,101.40733337402344,1745200
2017-02-03,117.98999786376953,118.5199966430664,117.91999816894531,118.41999816894531,102.17521667480469,1837600
2017-02-06,118.26000213623047,118.41000366210938,117.94000244140625,118.13999938964844,101.93363189697266,1598800
2017-02-07,118.43000030517578,118.52999877929688,117.95999908447266,118.12999725341797,101.92498016357422,3365700
2017-02-08,118.12999725341797,118.31999969482422,117.69000244140625,118.26000213623047,102.03716278076172,1836000
2017-02-09,118.26000213623047,119.20999908447266,118.26000213623047,119.04000091552734,102.7101821899414,1635300
2017-02-10,119.29000091552734,119.69999694824219,119.20999908447266,119.54000091552734,103.14158630371094,1837800
2017-02-13,119.91999816894531,120.33000183105469,119.87000274658203,120.13999938964844,103.6592788696289,1985500
2017-02-14,120.0999984741211,120.62999725341797,119.8499984741211,120.58000183105469,104.03890228271484,2051200
2017-02-15,120.56999969482422,121.3499984741211,120.44999694824219,121.23999786376953,104.6083755493164,1998200
2017-02-16,121.25,121.37000274658203,120.63999938964844,121.12999725341797,104.51346588134766,2034600
2017-02-17,120.66000366210938,121.30999755859375,120.66000366210938,121.30999755859375,104.66876220703125,1948400
2017-02-21,121.55000305175781,122.12999725341797,121.38999938964844,122.02999877929688,105.28997802734375,2422800
2017-02-22,121.81999969482422,122.02999877929688,121.68000030517578,121.87000274658203,105.15196990966797,1974000
2017-02-23,122.20999908447266,122.2300033569336,121.31999969482422,121.77999877929688,105.07428741455078,2024900
2017-02-24,121.37999725341797,121.98999786376953,121.23999786376953,121.9800033569336,105.24686431884766,2962900
2017-02-27,121.91999816894531,122.36000061035156,121.73999786376953,122.25,105.47979736328125,2625100
2017-02-28,122.18000030517578,122.18000030517578,121.61000061035156,121.80000305175781,105.091552734375,2231800
2017-03-01,122.80999755859375,123.7300033569336,122.6500015258789,123.44000244140625,106.50658416748047,2874400
2017-03-02,123.41999816894531,123.41999816894531,122.61000061035156,122.6500015258789,105.82496643066406,2421400
2017-03-03,122.62999725341797,122.80000305175781,122.33000183105469,122.75,105.91122436523438,1651200
2017-03-06,122.4800033569336,122.4800033569336,121.9000015258789,122.2699966430664,105.4970703125,1716200
2017-03-07,122.20999908447266,122.29000091552734,121.75,121.87999725341797,105.16059112548828,1612500
2017-03-08,121.98999786376953,122.18000030517578,121.47000122070312,121.54000091552734,104.86721801757812,2374200
2017-03-09,121.5999984741211,121.88999938964844,121.0199966430664,121.5999984741211,104.91899871826172,3852800
2017-03-10,122.19000244140625,122.25,121.45999908447266,122.04000091552734,105.29862976074219,2987300
2017-03-13,122.05999755859375,122.16000366210938,121.86000061035156,122.12999725341797,105.37627410888672,2003900
2017-03-14,121.87000274658203,121.87000274658203,121.23999786376953,121.69000244140625,104.99664306640625,2269500
2017-03-15,121.9800033569336,123.04000091552734,121.88999938964844,122.79000091552734,105.94575500488281,1892200
2017-03-16,122.95999908447266,123.0,122.43000030517578,122.63999938964844,105.81629943847656,2050100
2017-03-17,122.83999633789062,122.87999725341797,122.44999694824219,122.56999969482422,105.75592041015625,1974000
2017-03-20,122.51000213623047,122.62000274658203,122.06999969482422,122.27999877929688,105.50572204589844,3239900
2017-03-21,122.69000244140625,122.72000122070312,120.44000244140625,120.56999969482422,104.0302963256836,3355100
2017-03-22,120.4800033569336,120.91000366210938,120.0999984741211,120.7300033569336,104.1683349609375,2896300
2017-03-23,120.66000366210938,121.38999938964844,120.47000122070312,120.69000244140625,104.1338119506836,2257100
2017-03-24,120.41999816894531,120.73999786376953,119.66000366210938,120.16000366210938,104.14424133300781,2305400
2017-03-27,119.18000030517578,120.19000244140625,118.88999938964844,120.0199966430664,104.02288055419922,2927700
2017-03-28,119.95999908447266,121.13999938964844,119.77999877929688,120.86000061035156,104.75092315673828,2699200
2017-03-29,120.87999725341797,121.2300033569336,120.58000183105469,121.08000183105469,104.94160461425781,3196500
2017-03-30,121.13999938964844,121.62000274658203,120.98999786376953,121.52999877929688,105.33162689208984,2076900
2017-03-31,121.41999816894531,121.72000122070312,121.26000213623047,121.31999969482422,105.14962005615234,1815900
2017-04-03,121.44999694824219,121.5,120.33000183105469,121.0199966430664,104.88958740234375,3103100
2017-04-04,120.88999938964844,121.11000061035156,120.63999938964844,121.08000183105469,104.94160461425781,2462600
2017-04-05,121.48999786376953,122.0199966430664,120.44000244140625,120.58999633789062,104.51689910888672,3905800
2017-04-06,120.69000244140625,121.26000213623047,120.37999725341797,120.97000122070312,104.84626770019531,2056100
2017-04-07,120.83999633789062,121.29000091552734,120.58999633789062,120.87999725341797,104.76825714111328,1997000
2017-04-10,121.04000091552734,121.51000213623047,120.69999694824219,121.02999877929688,104.89828491210938,1669500
2017-04-11,120.87000274658203,121.0,120.05999755859375,120.98999786376953,104.86360931396484,2895500
2017-04-12,120.87999725341797,120.98999786376953,120.2300033569336,120.37000274658203,104.32622528076172,1967200
2017-04-13,120.1500015258789,120.55999755859375,119.55000305175781,119.55000305175781,103.61554718017578,2852200
2017-04-17,119.87999725341797,120.61000061035156,119.68000030517578,120.58999633789062,104.51689910888672,3198700
2017-04-18,120.19999694824219,120.56999969482422,119.8499984741211,120.33000183105469,104.29159545898438,1865800
2017-04-19,120.72000122070312,120.91999816894531,120.08000183105469,120.2300033569336,104.20489501953125,1806900
2017-04-20,120.58999633789062,121.43000030517578,120.37000274658203,121.22000122070312,105.06294250488281,1783400
2017-04-21,121.20999908447266,121.20999908447266,120.61000061035156,120.83000183105469,104.72492218017578,2006500
2017-04-24,122.16999816894531,122.27999877929688,121.87999725341797,122.11000061035156,105.83434295654297,2178800
2017-04-25,122.55999755859375,123.08999633789062,122.5199966430664,122.87000274658203,106.49302673339844,2145200
2017-04-26,122.9000015258789,123.44999694824219,122.8499984741211,122.9000015258789,106.51903533935547,3080100
2017-04-27,123.12000274658203,123.20999908447266,122.69000244140625,123.0199966430664,106.62303161621094,1868200
2017-04-28,123.16000366210938,123.20999908447266,122.55000305175781,122.61000061035156,106.26769256591797,1795800
2017-05-01,122.93000030517578,123.19000244140625,122.62000274658203,122.93000030517578,106.54501342773438,1983100
2017-05-02,123.08999633789062,123.25,122.69999694824219,122.93000030517578,106.54501342773438,1756900
2017-05-03,122.58999633789062,122.77999877929688,122.27999877929688,122.62999725341797,106.28501892089844,3691000
2017-05-04,122.83000183105469,122.83000183105469,122.16000366210938,122.72000122070312,106.36302185058594,1564300
2017-05-05,122.94999694824219,123.33000183105469,122.68000030517578,123.33000183105469,106.89171600341797,2057700
2017-05-08,123.36000061035156,123.44999694824219,122.9000015258789,123.13999938964844,106.7270278930664,2150900
2017-05-09,123.36000061035156,123.43000030517578,122.8499984741211,123.0999984741211,106.69235229492188,1846200
2017-05-10,123.08999633789062,123.37999725341797,122.93000030517578,123.37000274658203,106.92637634277344,1468500
2017-05-11,123.0199966430664,123.12999725341797,122.33000183105469,123.01000213623047,106.61434936523438,1499600
2017-05-12,122.91000366210938,122.91000366210938,122.5999984741211,122.7699966430664,106.40634155273438,1235300
2017-05-15,123.06999969482422,123.58999633789062,123.04000091552734,123.43000030517578,106.97836303710938,3097000
2017-05-16,123.62999725341797,123.6500015258789,123.06999969482422,123.36000061035156,106.917724609375,2128400
2017-05-17,122.30999755859375,122.55999755859375,121.06999969482422,121.13999938964844,104.99358367919922,3703500
2017-05-18,120.94000244140625,122.0199966430664,120.8499984741211,121.5,105.30563354492188,2883400
2017-05-19,121.91000366210938,122.7699966430664,121.81999969482422,122.37000274658203,106.0596694946289,2144200
2017-05-22,122.66999816894531,123.0999984741211,122.63999938964844,123.0199966430664,106.62303161621094,1810100
2017-05-23,123.25,123.38999938964844,122.94999694824219,123.2300033569336,106.80502319335938,1796600
2017-05-24,123.44000244140625,123.66000366210938,123.2300033569336,123.58999633789062,107.1170654296875,1552200
2017-05-25,123.9000015258789,124.2699966430664,123.79000091552734,124.11000061035156,107.5677490234375,1492300
2017-05-26,124.0,124.1500015258789,123.93000030517578,124.08999633789062,107.55040740966797,1320800
2017-05-30,123.87000274658203,124.05999755859375,123.70999908447266,123.88999938964844,107.3770751953125,1348300
2017-05-31,124.01000213623047,124.08999633789062,123.30999755859375,123.8499984741211,107.3424072265625,2043800
2017-06-01,124.16999816894531,125.0,123.95999908447266,125.0,108.33911895751953,1926700
2017-06-02,125.08999633789062,125.58000183105469,124.87000274658203,125.41000366210938,108.6944808959961,2839300
2017-06-05,125.41999816894531,125.5,125.22000122070312,125.25,108.55579376220703,1494200
2017-06-06,124.95999908447266,125.29000091552734,124.77999877929688,124.93000030517578,108.2784423828125,2985200
2017-06-07,125.12000274658203,125.23999786376953,124.68000030517578,125.06999969482422,108.39979553222656,1253300
2017-06-08,125.12000274658203,125.52999877929688,124.87999725341797,125.29000091552734,108.5904769897461,1826700
2017-06-09,125.4800033569336,126.0199966430664,124.44999694824219,125.19000244140625,108.50379180908203,2585600
2017-06-12,125.05999755859375,125.19999694824219,124.62999725341797,125.16999816894531,108.48646545410156,1973500
2017-06-13,125.5199966430664,125.83999633789062,125.31999969482422,125.79000091552734,109.02381896972656,1567400
2017-06-14,126.0,126.0199966430664,125.0999984741211,125.61000061035156,108.86781311035156,2584300
2017-06-15,124.7699966430664,125.3499984741211,124.62999725341797,125.33000183105469,108.62510681152344,2483500
2017-06-16,125.41999816894531,125.52999877929688,124.73999786376953,125.25,108.55579376220703,2018000
2017-06-19,125.66999816894531,126.3499984741211,125.66999816894531,126.2699966430664,109.43984985351562,1816100
2017-06-20,126.16000366210938,126.16999816894531,125.4000015258789,125.41000366210938,108.6944808959961,1359500
2017-06-21,125.11000061035156,125.19999694824219,124.51000213623047,124.69000244140625,108.56819915771484,3364600
2017-06-22,124.77999877929688,125.08000183105469,124.58999633789062,124.73999786376953,108.61176300048828,1639300
2017-06-23,124.80999755859375,125.19000244140625,124.58000183105469,125.05000305175781,108.88166809082031,1829300
2017-06-26,125.44999694824219,125.69000244140625,124.94999694824219,125.13999938964844,108.96002960205078,2605600
2017-06-27,125.08999633789062,125.2300033569336,124.0999984741211,124.11000061035156,108.06318664550781,2386300
2017-06-28,124.7699966430664,125.41000366210938,124.58999633789062,125.27999877929688,109.08193969726562,2444400
2017-06-29,125.45999908447266,125.4800033569336,123.4800033569336,124.27999877929688,108.21121215820312,2354500
2017-06-30,124.76000213623047,124.9000015258789,124.30000305175781,124.44999694824219,108.35926055908203,1910000
2017-07-03,124.98999786376953,125.30000305175781,124.75,124.75,108.62045288085938,1645700
2017-07-05,124.9800033569336,125.0199966430664,124.38999938964844,124.88999938964844,108.74234771728516,2167500
2017-07-06,124.44000244140625,124.55000305175781,123.55999755859375,123.66000366210938,107.67140197753906,1881800
2017-07-07,123.95999908447266,124.62000274658203,123.9000015258789,124.5199966430664,108.42018127441406,1709700
2017-07-10,124.5,124.83000183105469,124.36000061035156,124.61000061035156,108.49858093261719,1404700
2017-07-11,124.52999877929688,124.7300033569336,123.83000183105469,124.58000183105469,108.47244262695312,1560200
2017-07-12,125.19999694824219,125.62999725341797,125.0999984741211,125.47000122070312,109.24736022949219,1993100
2017-07-13,125.55999755859375,125.76000213623047,125.30999755859375,125.66999816894531,109.4215087890625,1514100
2017-07-14,125.7699966430664,126.5,125.6500015258789,126.2300033569336,109.90908813476562,1410900
2017-07-17,126.27999877929688,126.44999694824219,126.12000274658203,126.2300033569336,109.90908813476562,1798400
2017-07-18,126.11000061035156,126.33000183105469,125.77999877929688,126.30999755859375,109.97875213623047,2010000
2017-07-19,126.51000213623047,127.05000305175781,126.51000213623047,127.04000091552734,110.61439514160156,1276400
2017-07-20,127.27999877929688,127.27999877929688,126.80000305175781,127.12000274658203,110.68401336669922,1463800
2017-07-21,126.80999755859375,126.98999786376953,126.63999938964844,126.94999694824219,110.53600311279297,1819500
2017-07-24,126.91000366210938,127.05999755859375,126.69000244140625,126.95999908447266,110.54470825195312,4897700
2017-07-25,127.51000213623047,127.56999969482422,127.19999694824219,127.37999725341797,110.91040802001953,1709400
2017-07-26,127.55000305175781,127.5999984741211,127.16999816894531,127.29000091552734,110.8320541381836,1624400
2017-07-27,127.58000183105469,127.58000183105469,126.30999755859375,127.06999969482422,110.6404800415039,1707800
2017-07-28,126.77999877929688,126.95999908447266,126.54000091552734,126.86000061035156,110.45765686035156,1651800
2017-07-31,127.11000061035156,127.18000030517578,126.62000274658203,126.79000091552734,110.39669799804688,1496600
2017-08-01,127.18000030517578,127.20999908447266,126.80000305175781,127.05000305175781,110.62307739257812,1790600
2017-08-02,127.13999938964844,127.13999938964844,126.37000274658203,126.93000030517578,110.51859283447266,2929400
2017-08-03,126.9000015258789,126.91000366210938,126.5199966430664,126.63999938964844,110.26608276367188,2582500
2017-08-04,127.0,127.06999969482422,126.69999694824219,126.91000366210938,110.50121307373047,972400
2017-08-07,127.05999755859375,127.18000030517578,126.87999725341797,127.16000366210938,110.71885681152344,1114700
2017-08-08,127.05000305175781,127.72000122070312,126.61000061035156,126.80999755859375,110.41410064697266,1360300
2017-08-09,126.3499984741211,126.69000244140625,126.16999816894531,126.66999816894531,110.29220581054688,1679900
2017-08-10,126.13999938964844,126.20999908447266,124.80000305175781,124.80999755859375,108.67269897460938,2455300
2017-08-11,124.94000244140625,125.33000183105469,124.80000305175781,125.04000091552734,108.8729476928711,2039100
2017-08-14,125.80000305175781,126.43000030517578,125.61000061035156,126.31999969482422,109.98748779296875,1467400
2017-08-15,126.61000061035156,126.62999725341797,126.08000183105469,126.19999694824219,109.88297271728516,1523000
2017-08-16,126.5,126.80000305175781,126.2300033569336,126.43000030517578,110.083251953125,1379800
2017-08-17,126.08999633789062,126.29000091552734,124.41999816894531,124.41999816894531,108.33312225341797,3440500
2017-08-18,124.4800033569336,124.94000244140625,123.94999694824219,124.20999908447266,108.15029907226562,2836500
2017-08-21,124.22000122070312,124.4800033569336,123.79000091552734,124.38999938964844,108.3070068359375,1627300
2017-08-22,124.7300033569336,125.75,124.55999755859375,125.63999938964844,109.39537811279297,2089500
2017-08-23,125.06999969482422,125.51000213623047,125.0199966430664,125.26000213623047,109.06452178955078,1268800
2017-08-24,125.5,125.62999725341797,124.94000244140625,125.05999755859375,108.890380859375,1381700
2017-08-25,125.41999816894531,125.8499984741211,125.23999786376953,125.36000061035156,109.15161895751953,1158200
2017-08-28,125.66000366210938,125.66000366210938,125.11000061035156,125.41000366210938,109.19513702392578,1787900
2017-08-29,124.58999633789062,125.62000274658203,124.5199966430664,125.45999908447266,109.23865509033203,1312300
2017-08-30,125.45999908447266,126.27999877929688,125.37999725341797,126.12000274658203,109.81332397460938,1730600
2017-08-31,126.45999908447266,127.13999938964844,126.45999908447266,126.9800033569336,110.5621337890625,3384400
2017-09-01,127.2300033569336,127.45999908447266,127.12000274658203,127.2699966430664,110.81462860107422,2122600
2017-09-05,126.91999816894531,127.0999984741211,125.69000244140625,126.29000091552734,109.96133422851562,2319000
2017-09-06,126.69000244140625,126.86000061035156,126.31999969482422,126.63999938964844,110.26608276367188,1449900
2017-09-07,126.95999908447266,126.95999908447266,126.31999969482422,126.58000183105469,110.2138442993164,1218600
2017-09-08,126.3499984741211,126.73999786376953,126.2699966430664,126.48999786376953,110.135498046875,1206100
2017-09-11,127.1500015258789,127.91000366210938,127.1500015258789,127.8499984741211,111.31965637207031,1346500
2017-09-12,128.0399932861328,128.33999633789062,128.0,128.33999633789062,111.74629974365234,2264200
2017-09-13,128.22999572753906,128.41000366210938,128.1199951171875,128.39999389648438,111.79853820800781,1692500
2017-09-14,128.22999572753906,128.47999572753906,128.07000732421875,128.36000061035156,111.76370239257812,1493200
2017-09-15,128.30999755859375,128.6199951171875,128.1999969482422,128.60000610351562,111.97269439697266,1531300
2017-09-18,128.85000610351562,129.10000610351562,128.69000244140625,128.91000366210938,112.24260711669922,1792300
2017-09-19,129.05999755859375,129.10000610351562,128.85000610351562,128.97000122070312,112.29483032226562,1241700
2017-09-20,129.10000610351562,129.2100067138672,128.60000610351562,129.17999267578125,112.47770690917969,1729200
2017-09-21,129.1199951171875,129.1300048828125,128.72000122070312,128.82000732421875,112.16424560546875,1730600
2017-09-22,128.13999938964844,128.44000244140625,127.98999786376953,128.3699951171875,112.25428009033203,1601600
2017-09-25,128.24000549316406,128.42999267578125,127.69000244140625,128.16000366210938,112.07067108154297,2186000
2017-09-26,128.35000610351562,128.50999450683594,128.11000061035156,128.19000244140625,112.0969009399414,1851500
2017-09-27,128.83999633789062,129.10000610351562,128.1699981689453,128.88999938964844,112.70902252197266,2374400
2017-09-28,128.82000732421875,129.1300048828125,128.66000366210938,129.10000610351562,112.89266204833984,1484800
2017-09-29,129.02000427246094,129.55999755859375,129.00999450683594,129.52000427246094,113.25994873046875,1720600
2017-10-02,129.63999938964844,130.1999969482422,129.5500030517578,130.1999969482422,113.85454559326172,2678000
2017-10-03,130.30999755859375,130.5,130.1300048828125,130.4600067138672,114.08191680908203,1825100
2017-10-04,130.4499969482422,130.77999877929688,130.3000030517578,130.58999633789062,114.19559478759766,1495700
2017-10-05,130.72999572753906,131.33999633789062,130.72000122070312,131.27999877929688,114.79895782470703,2387200
2017-10-06,131.05999755859375,131.22999572753906,130.91000366210938,131.19000244140625,114.72027587890625,1635000
2017-10-09,131.3000030517578,131.36000061035156,130.75999450683594,130.92999267578125,114.492919921875,1012100
2017-10-10,131.25,131.47999572753906,130.94000244140625,131.24000549316406,114.76399230957031,2915300
2017-10-11,131.24000549316406,131.42999267578125,131.10000610351562,131.4199981689453,114.92142486572266,2012700
2017-10-12,131.16000366210938,131.4499969482422,131.1199951171875,131.25999450683594,114.78147888183594,2171200
2017-10-13,131.5500030517578,131.58999633789062,131.27999877929688,131.36000061035156,114.8689193725586,1543900
2017-10-16,131.5,131.64999389648438,131.27000427246094,131.4499969482422,114.94761657714844,1789500
2017-10-17,131.5,131.57000732421875,131.33999633789062,131.50999450683594,115.00007629394531,1340600
2017-10-18,131.8000030517578,131.8300018310547,131.57000732421875,131.67999267578125,115.14875030517578,1470900
2017-10-19,131.25,131.7100067138672,130.94000244140625,131.7100067138672,115.17498779296875,1942600
2017-10-20,132.07000732421875,132.4499969482422,132.07000732421875,132.4199981689453,115.79586029052734,1751000
2017-10-23,132.6300048828125,132.67999267578125,131.7899932861328,131.86000061035156,115.3061752319336,1755700
2017-10-24,132.16000366210938,132.22999572753906,131.88999938964844,132.08999633789062,115.50729370117188,1574400
2017-10-25,131.91000366210938,131.9499969482422,130.69000244140625,131.39999389648438,114.90388488769531,2186500
2017-10-26,131.72000122070312,132.00999450683594,131.49000549316406,131.57000732421875,115.05257415771484,5396300
2017-10-27,131.94000244140625,132.6699981689453,131.75999450683594,132.63999938964844,115.98822021484375,2672600
2017-10-30,131.94000244140625,132.5399932861328,131.89999389648438,132.05999755859375,115.48106384277344,1688900
2017-10-31,132.27000427246094,132.5,132.1199951171875,132.3300018310547,115.71717071533203,2378300
2017-11-01,132.8300018310547,133.02999877929688,132.1699981689453,132.44000244140625,115.81336975097656,2275500
2017-11-02,132.33999633789062,132.52999877929688,131.82000732421875,132.47000122070312,115.83959197998047,5097200
2017-11-03,132.5399932861328,132.88999938964844,132.27999877929688,132.82000732421875,116.14564514160156,2677400
2017-11-06,132.77000427246094,133.1699981689453,132.75,133.07000732421875,116.36425018310547,2017700
2017-11-07,133.16000366210938,133.3300018310547,132.52999877929688,132.83999633789062,116.16313934326172,2527400
2017-11-08,132.72999572753906,133.1199951171875,132.5500030517578,133.05999755859375,116.35550689697266,1267700
2017-11-09,132.3800048828125,132.74000549316406,131.6199951171875,132.52000427246094,115.88330841064453,4320300
2017-11-10,132.24000549316406,132.6300048828125,132.1699981689453,132.5399932861328,115.90079498291016,2042100
2017-11-13,132.11000061035156,132.75,132.0800018310547,132.61000061035156,115.9620132446289,1876000
2017-11-14,132.22000122070312,132.4199981689453,131.7899932861328,132.3699951171875,115.75210571289062,3776500
2017-11-15,131.7899932861328,132.0800018310547,131.2100067138672,131.69000244140625,115.15751647949219,1772400
2017-11-16,132.11000061035156,133.10000610351562,132.11000061035156,132.88999938964844,116.20684814453125,1730600
2017-11-17,132.63999938964844,132.91000366210938,132.61000061035156,132.63999938964844,115.98822021484375,4850200
2017-11-20,132.82000732421875,133.0500030517578,132.67999267578125,132.97999572753906,116.28556823730469,1805700
2017-11-21,133.44000244140625,133.94000244140625,133.4199981689453,133.89999389648438,117.09001922607422,1956900
2017-11-22,133.94000244140625,134.0,133.69000244140625,133.8000030517578,117.00262451171875,1295600
2017-11-24,134.0800018310547,134.1300048828125,133.97999572753906,134.11000061035156,117.2737045288086,670500
2017-11-27,134.1199951171875,134.2899932861328,133.8699951171875,133.97000122070312,117.15128326416016,1754300
2017-11-28,134.25,135.36000061035156,134.13999938964844,135.3000030517578,118.31429290771484,2922900
2017-11-29,135.4600067138672,135.7899932861328,135.02000427246094,135.3000030517578,118.31429290771484,2066300
2017-11-30,135.8800048828125,136.9199981689453,135.77999877929688,136.33999633789062,119.22372436523438,2854400
2017-12-01,136.27999877929688,136.5,134.0399932861328,136.07000732421875,118.98765563964844,3585700
2017-12-04,137.0399932861328,137.3800048828125,135.8800048828125,135.88999938964844,118.83021545410156,3119400
2017-12-05,136.08999633789062,136.3300018310547,135.22999572753906,135.30999755859375,118.32301330566406,2583300
2017-12-06,135.33999633789062,135.4600067138672,135.0,135.22999572753906,118.25310516357422,2835600
2017-12-07,135.13999938964844,135.94000244140625,135.0800018310547,135.77000427246094,118.72530364990234,1537600
2017-12-08,136.3699951171875,136.52000427246094,136.07000732421875,136.47999572753906,119.34612274169922,1502600
2017-12-11,136.5,136.8300018310547,136.47999572753906,136.8000030517578,119.62599182128906,1934300
2017-12-12,136.97999572753906,137.25,136.80999755859375,136.9499969482422,119.75715637207031,1517200
2017-12-13,137.02999877929688,137.42999267578125,136.91000366210938,136.97000122070312,119.77462005615234,1858800
2017-12-14,137.22000122070312,137.24000549316406,136.27000427246094,136.3300018310547,119.21499633789062,1856100
2017-12-15,136.9499969482422,137.8300018310547,136.8699951171875,137.5500030517578,120.2818374633789,2293000
2017-12-18,138.25999450683594,138.67999267578125,138.25999450683594,138.5,121.11254119873047,2696300
2017-12-19,138.72000122070312,138.72000122070312,137.89999389648438,137.94000244140625,120.6229019165039,3642100
2017-12-20,138.5,138.5500030517578,137.67999267578125,137.92999267578125,120.6141128540039,2522200
2017-12-21,137.6199951171875,137.92999267578125,137.38999938964844,137.57000732421875,120.88919830322266,2111200
2017-12-22,137.63999938964844,137.86000061035156,137.19000244140625,137.52000427246094,120.84526062011719,1926000
2017-12-26,137.33999633789062,137.52000427246094,137.2899932861328,137.41000366210938,120.74857330322266,2051300
2017-12-27,137.5800018310547,137.72000122070312,137.33999633789062,137.4600067138672,120.79254913330078,2242400
2017-12-28,137.7899932861328,137.80999755859375,137.50999450683594,137.75999450683594,121.05613708496094,2936500
2017-12-29,138.0800018310547,138.10000610351562,137.14999389648438,137.25,120.60797119140625,2256500
2018-01-02,137.75,138.22999572753906,137.44000244140625,138.22000122070312,121.4603500366211,3699700
2018-01-03,138.38999938964844,139.10000610351562,138.3000030517578,139.02000427246094,122.16338348388672,3052300
2018-01-04,139.4199981689453,139.80999755859375,139.35000610351562,139.5500030517578,122.62907409667969,2572400
2018-01-05,140.02000427246094,140.44000244140625,139.72000122070312,140.3699951171875,123.3496322631836,2188500
2018-01-08,140.30999755859375,140.77000427246094,140.10000610351562,140.69000244140625,123.63084411621094,2655300
2018-01-09,140.9199981689453,141.30999755859375,140.7100067138672,140.9499969482422,123.85933685302734,2625200
2018-01-10,140.57000732421875,140.85000610351562,140.07000732421875,140.72999572753906,123.66600036621094,2014900
2018-01-11,141.0,141.9199981689453,140.97000122070312,141.9199981689453,124.71171569824219,2188000
2018-01-12,142.0800018310547,142.85000610351562,142.0,142.75,125.44110870361328,2661800
2018-01-16,143.52999877929688,143.82000732421875,141.7100067138672,142.1199951171875,124.8874740600586,3973400
2018-01-17,142.72000122070312,143.63999938964844,142.25,143.42999267578125,126.03864288330078,2756400
2018-01-18,143.4199981689453,143.5800018310547,142.89999389648438,143.17999267578125,125.8189468383789,2705800
2018-01-19,143.49000549316406,143.92999267578125,143.19000244140625,143.9199981689453,126.46923065185547,2119000
2018-01-22,143.83999633789062,145.05999755859375,143.83999633789062,145.05999755859375,127.47100830078125,2849900
2018-01-23,145.10000610351562,145.57000732421875,144.9199981689453,145.4199981689453,127.78729248046875,2261300
2018-01-24,145.85000610351562,146.11000061035156,144.6300048828125,145.27999877929688,127.6643295288086,3409300
2018-01-25,145.83999633789062,145.83999633789062,144.8699951171875,145.33999633789062,127.71703338623047,4234600
2018-01-26,145.82000732421875,146.8699951171875,145.6300048828125,146.86000061035156,129.05271911621094,1995900
2018-01-29,146.5800018310547,146.82000732421875,145.82000732421875,145.89999389648438,128.2091064453125,2688200
2018-01-30,144.74000549316406,145.14999389648438,144.14999389648438,144.3800048828125,126.8734130859375,4898200
2018-01-31,144.94000244140625,145.24000549316406,143.7899932861328,144.42999267578125,126.91736602783203,4670200
2018-02-01,143.97999572753906,145.02000427246094,143.83999633789062,144.3699951171875,126.86461639404297,2924800
2018-02-02,143.50999450683594,143.67999267578125,141.24000549316406,141.3000030517578,124.16691589355469,5323600
2018-02-05,140.2100067138672,141.39999389648438,135.14999389648438,135.74000549316406,119.28108215332031,10357400
2018-02-06,133.25999450683594,138.24000549316406,132.5,137.9600067138672,121.23189544677734,10791200
2018-02-07,137.8300018310547,139.55999755859375,137.35000610351562,137.35000610351562,120.69583892822266,6176300
2018-02-08,137.52999877929688,137.8000030517578,132.35000610351562,132.41000366210938,116.35482788085938,7683300
2018-02-09,133.89999389648438,135.2100067138672,129.83999633789062,134.22999572753906,117.95417785644531,9474000
2018-02-12,135.35000610351562,136.85000610351562,134.22999572753906,136.02000427246094,119.5271224975586,4251900
2018-02-13,135.33999633789062,136.6999969482422,135.00999450683594,136.4499969482422,119.90496826171875,2973000
2018-02-14,135.6199951171875,138.5500030517578,135.57000732421875,138.36000061035156,121.5833969116211,3076800
2018-02-15,139.3300018310547,140.0500030517578,137.9499969482422,140.0500030517578,123.06846618652344,2853000
2018-02-16,139.67999267578125,141.22999572753906,139.6699981689453,140.11000061035156,123.12120819091797,2813100
2018-02-20,139.55999755859375,140.44000244140625,138.82000732421875,139.27000427246094,122.38304138183594,2490000
2018-02-21,139.4499969482422,140.9600067138672,138.61000061035156,138.6199951171875,121.81182861328125,2182200
2018-02-22,139.19000244140625,140.08999633789062,138.3800048828125,138.7100067138672,121.89093017578125,2111700
2018-02-23,139.4499969482422,140.86000061035156,139.13999938964844,140.86000061035156,123.78026580810547,1439500
2018-02-26,141.5,142.41000366210938,141.0399932861328,142.33999633789062,125.08076477050781,1765700
2018-02-27,142.41000366210938,142.86000061035156,140.5500030517578,140.5500030517578,123.50785827636719,2305100
2018-02-28,141.17999267578125,141.39999389648438,138.97000122070312,139.0,122.14582061767578,2290500
2018-03-01,139.07000732421875,139.8800048828125,136.39999389648438,137.35000610351562,120.69583892822266,4846700
2018-03-02,136.27999877929688,138.50999450683594,135.8300018310547,138.24000549316406,121.4779281616211,3021300
2018-03-05,137.5500030517578,140.14999389648438,137.5,139.8000030517578,122.84879302978516,2916600
2018-03-06,140.36000061035156,140.61000061035156,139.32000732421875,140.30999755859375,123.29695892333984,2788000
2018-03-07,139.0500030517578,140.61000061035156,138.97000122070312,140.42999267578125,123.40237426757812,2569100
2018-03-08,140.8300018310547,141.02999877929688,140.11000061035156,140.9600067138672,123.86813354492188,2307500
2018-03-09,141.7899932861328,143.3000030517578,141.5500030517578,143.3000030517578,125.92440032958984,2325100
2018-03-12,143.49000549316406,143.85000610351562,142.9600067138672,143.22000122070312,125.85408020019531,1999200
2018-03-13,143.86000061035156,144.13999938964844,142.00999450683594,142.3300018310547,125.07199096679688,2080500
2018-03-14,142.89999389648438,142.99000549316406,141.35000610351562,141.61000061035156,124.43932342529297,2103100
2018-03-15,141.9600067138672,142.22000122070312,141.11000061035156,141.4199981689453,124.27237701416016,1927900
2018-03-16,141.5800018310547,142.19000244140625,141.5800018310547,141.66000366210938,124.48331451416016,2641400
2018-03-19,141.16000366210938,141.39999389648438,138.86000061035156,139.83999633789062,122.88391876220703,3154300
2018-03-20,140.0,140.4199981689453,139.66000366210938,140.0500030517578,123.06846618652344,1672000
2018-03-21,140.0500030517578,141.24000549316406,139.77999877929688,139.92999267578125,122.96299743652344,2106700
2018-03-22,138.14999389648438,138.61000061035156,135.85000610351562,135.9499969482422,119.95077514648438,3130600
2018-03-23,136.1300048828125,136.44000244140625,133.02999877929688,133.10000610351562,117.4361801147461,5697000
2018-03-26,135.08999633789062,136.72999572753906,133.75999450683594,136.61000061035156,120.5331039428711,3859500
2018-03-27,137.17999267578125,137.30999755859375,133.42999267578125,134.19000244140625,118.39791107177734,3309900
2018-03-28,134.36000061035156,135.19000244140625,133.22999572753906,133.8800048828125,118.1243896484375,4740000
2018-03-29,134.49000549316406,136.58999633789062,134.16000366210938,135.72000122070312,119.74786376953125,2346400
2018-04-02,135.2899932861328,135.57000732421875,131.25999450683594,132.6300048828125,117.0215072631836,5703700
2018-04-03,133.35000610351562,134.5399932861328,132.35000610351562,134.27999877929688,118.4773178100586,3737200
2018-04-04,132.19000244140625,136.10000610351562,132.10000610351562,135.7899932861328,119.80961608886719,2928000
2018-04-05,136.64999389648438,137.22999572753906,136.11000061035156,136.74000549316406,120.64781951904297,2683600
2018-04-06,135.72999572753906,136.5399932861328,132.9199981689453,133.8699951171875,118.11559295654297,4942600
2018-04-09,134.72000122070312,136.3000030517578,134.16000366210938,134.32000732421875,118.51263427734375,2239400
2018-04-10,136.0,136.97000122070312,135.4600067138672,136.5,120.43609619140625,2153900
2018-04-11,135.6699981689453,136.8300018310547,135.39999389648438,135.8699951171875,119.88021087646484,2063800
2018-04-12,136.72999572753906,137.52999877929688,136.50999450683594,136.97000122070312,120.85073852539062,1858700
2018-04-13,137.72000122070312,137.75,136.00999450683594,136.5800018310547,120.50663757324219,2192600
2018-04-16,137.5399932861328,138.14999389648438,136.97000122070312,137.72000122070312,121.51250457763672,2892600
2018-04-17,138.72999572753906,139.52999877929688,138.42999267578125,139.1699981689453,122.79181671142578,2219900
2018-04-18,139.5399932861328,139.85000610351562,139.08999633789062,139.36000061035156,122.95950317382812,1554400
2018-04-19,138.97999572753906,139.17999267578125,138.02000427246094,138.60000610351562,122.28890991210938,4003900
2018-04-20,138.55999755859375,138.6699981689453,137.02999877929688,137.5,121.3183822631836,1669600
2018-04-23,137.77999877929688,138.16000366210938,136.80999755859375,137.4499969482422,121.27426147460938,2033700
2018-04-24,138.10000610351562,138.19000244140625,134.86000061035156,135.8000030517578,119.8184585571289,3053500
2018-04-25,135.77000427246094,136.25,134.61000061035156,135.9499969482422,119.95077514648438,2275400
2018-04-26,136.52000427246094,137.67999267578125,136.25,137.24000549316406,121.08898162841797,1284600
2018-04-27,137.5399932861328,137.74000549316406,136.8000030517578,137.3300018310547,121.16837310791016,1133600
2018-04-30,137.69000244140625,137.99000549316406,136.25,136.3300018310547,120.28605651855469,2277100
2018-05-01,136.0399932861328,136.60000610351562,135.1199951171875,136.5399932861328,120.47134399414062,1762700
2018-05-02,136.4600067138672,136.97000122070312,135.5399932861328,135.75,119.77432250976562,1661600
2018-05-03,135.19000244140625,135.8000030517578,133.66000366210938,135.3800048828125,119.44792175292969,2638000
2018-05-04,134.97000122070312,137.55999755859375,134.63999938964844,137.1300048828125,120.99192810058594,2379400
2018-05-07,137.64999389648438,138.30999755859375,137.3800048828125,137.72999572753906,121.52131652832031,1448000
2018-05-08,137.58999633789062,138.00999450683594,136.97999572753906,137.77999877929688,121.5654067993164,1357400
2018-05-09,138.1999969482422,139.27000427246094,137.89999389648438,139.0800018310547,122.71244812011719,1451700
2018-05-10,139.50999450683594,140.5399932861328,139.44000244140625,140.2899932861328,123.78003692626953,1810100
2018-05-11,140.41000366210938,140.8699951171875,140.0500030517578,140.57000732421875,124.02711486816406,1199100
2018-05-14,140.94000244140625,141.3000030517578,140.38999938964844,140.63999938964844,124.0888442993164,1396900
2018-05-15,139.9499969482422,140.11000061035156,139.33999633789062,139.7899932861328,123.33888244628906,2279700
2018-05-16,139.85000610351562,140.75999450683594,139.85000610351562,140.47000122070312,123.93885803222656,1345900
2018-05-17,140.3800048828125,141.0399932861328,140.02000427246094,140.50999450683594,123.97416687011719,1658500
2018-05-18,140.36000061035156,140.50999450683594,139.97000122070312,140.1999969482422,123.70062255859375,910200
2018-05-21,141.05999755859375,141.52999877929688,140.83999633789062,141.25,124.62708282470703,1299600
2018-05-22,141.55999755859375,141.66000366210938,140.58999633789062,140.72999572753906,124.1682357788086,1213000
2018-05-23,140.08999633789062,141.10000610351562,140.0,141.10000610351562,124.49470520019531,1431800
2018-05-24,140.92999267578125,141.05999755859375,139.86000061035156,140.8699951171875,124.29178619384766,1405100
2018-05-25,140.60000610351562,140.91000366210938,140.27999877929688,140.60000610351562,124.05355834960938,1264500
2018-05-29,139.8000030517578,140.16000366210938,138.5399932861328,139.2100067138672,122.82713317871094,2695000
2018-05-30,139.97000122070312,141.30999755859375,139.91000366210938,141.00999450683594,124.41532135009766,1587000
2018-05-31,140.8800048828125,140.9499969482422,139.80999755859375,140.0399932861328,123.5594711303711,1700900
2018-06-01,140.92999267578125,141.64999389648438,140.75999450683594,141.5,124.84764099121094,1857800
2018-06-04,141.89999389648438,142.25999450683594,141.72999572753906,142.16000366210938,125.42993927001953,1592000
2018-06-05,142.25999450683594,142.52000427246094,141.8300018310547,142.3699951171875,125.61527252197266,2952100
2018-06-06,142.75,143.6300048828125,142.3800048828125,143.6300048828125,126.72698211669922,3011000
2018-06-07,143.80999755859375,144.0,142.89999389648438,143.4199981689453,126.54174041748047,1663400
2018-06-08,143.27000427246094,143.94000244140625,143.1199951171875,143.91000366210938,126.97403717041016,1084200
2018-06-11,144.0,144.47000122070312,143.97000122070312,144.1199951171875,127.1593246459961,1664500
2018-06-12,144.39999389648438,144.61000061035156,144.0,144.4199981689453,127.42400360107422,1582300
2018-06-13,144.5399932861328,144.66000366210938,143.8000030517578,143.8800048828125,126.94757080078125,1402000
2018-06-14,144.39999389648438,144.57000732421875,143.88999938964844,144.2899932861328,127.30931091308594,1809800
2018-06-15,143.85000610351562,144.3300018310547,143.22999572753906,144.14999389648438,127.18580627441406,3328300
2018-06-18,143.3000030517578,144.05999755859375,143.02999877929688,143.99000549316406,127.04463195800781,1603500
2018-06-19,142.75,143.6199951171875,142.39999389648438,143.50999450683594,126.62110900878906,1962500
2018-06-20,143.9499969482422,144.19000244140625,143.58999633789062,143.83999633789062,126.91230010986328,1468400
2018-06-21,143.8300018310547,143.85000610351562,142.55999755859375,142.85000610351562,126.03878021240234,1881300
2018-06-22,143.0,143.0800018310547,142.3699951171875,142.4499969482422,126.21863555908203,1226300
2018-06-25,141.85000610351562,141.99000549316406,139.5399932861328,140.4499969482422,124.4465103149414,4347700
2018-06-26,140.6999969482422,141.25,140.3000030517578,140.77000427246094,124.73001861572266,2085300
2018-06-27,141.1999969482422,141.88999938964844,139.4499969482422,139.4600067138672,123.56936645507812,2958800
2018-06-28,139.42999267578125,140.69000244140625,138.99000549316406,140.3300018310547,124.34020233154297,2490500
2018-06-29,140.89999389648438,141.66000366210938,140.38999938964844,140.42999267578125,124.42878723144531,1834000
2018-07-02,139.55999755859375,140.8800048828125,139.42999267578125,140.77000427246094,124.73001861572266,2825900
2018-07-03,141.36000061035156,141.47000122070312,140.22000122070312,140.41000366210938,124.4111099243164,1325900
2018-07-05,141.1300048828125,141.6199951171875,140.4499969482422,141.60000610351562,125.46553039550781,2796400
2018-07-06,141.66000366210938,143.0,141.44000244140625,142.7899932861328,126.5198974609375,1756400
2018-07-09,143.4600067138672,144.11000061035156,143.13999938964844,144.08999633789062,127.67176055908203,2153000
2018-07-10,144.38999938964844,144.61000061035156,144.02999877929688,144.4600067138672,127.99957275390625,1437000
2018-07-11,143.6199951171875,144.10000610351562,143.10000610351562,143.42999267578125,127.08699798583984,2042300
2018-07-12,144.17999267578125,144.66000366210938,143.72000122070312,144.61000061035156,128.13253784179688,1440600
2018-07-13,144.52999877929688,144.97999572753906,144.25999450683594,144.6999969482422,128.21229553222656,1964700
2018-07-16,144.77000427246094,144.83999633789062,144.22000122070312,144.47000122070312,128.0084686279297,1571100
2018-07-17,144.02000427246094,145.3300018310547,144.00999450683594,145.1300048828125,128.59324645996094,1767100
2018-07-18,145.1300048828125,145.5,144.85000610351562,145.4499969482422,128.87673950195312,1327700
2018-07-19,145.07000732421875,145.4199981689453,144.60000610351562,145.10000610351562,128.56671142578125,2034200
2018-07-20,145.0,145.24000549316406,144.55999755859375,144.83999633789062,128.3363037109375,1507800
2018-07-23,144.7899932861328,145.16000366210938,144.47000122070312,145.07000732421875,128.54006958007812,1444500
2018-07-24,145.77000427246094,146.08999633789062,144.89999389648438,145.38999938964844,128.82362365722656,2340000
2018-07-25,145.3000030517578,146.6699981689453,145.00999450683594,146.6300048828125,129.92236328125,2125700
2018-07-26,146.22999572753906,146.74000549316406,146.0,146.38999938964844,129.70968627929688,2084600
2018-07-27,146.60000610351562,146.63999938964844,144.6300048828125,145.22000122070312,128.67300415039062,2535000
2018-07-30,145.22000122070312,145.33999633789062,144.05999755859375,144.27000427246094,127.8312759399414,5379700
2018-07-31,144.82000732421875,145.50999450683594,144.5399932861328,145.08999633789062,128.55780029296875,2003800
2018-08-01,145.19000244140625,145.52999877929688,144.49000549316406,144.9199981689453,128.40721130371094,1524100
2018-08-02,144.1699981689453,145.91000366210938,144.0800018310547,145.77999877929688,129.16920471191406,1508400
2018-08-03,145.88999938964844,146.2899932861328,145.75999450683594,146.27000427246094,129.6033935546875,1977100
2018-08-06,146.30999755859375,147.05999755859375,146.08999633789062,146.92999267578125,130.1881561279297,1802000
2018-08-07,146.30999755859375,147.6199951171875,146.30999755859375,147.41000366210938,130.61349487304688,2532500
2018-08-08,147.3300018310547,147.52999877929688,146.97999572753906,147.27000427246094,130.48944091796875,1270600
2018-08-09,147.3699951171875,147.67999267578125,147.07000732421875,147.1699981689453,130.40077209472656,1233800
2018-08-10,146.35000610351562,146.75999450683594,145.94000244140625,146.25,129.58563232421875,1854000
2018-08-13,146.39999389648438,146.75,145.4600067138672,145.69000244140625,129.08946228027344,1898200
2018-08-14,146.11000061035156,146.77999877929688,145.9199981689453,146.64999389648438,129.94009399414062,1784200
2018-08-15,145.8699951171875,146.02999877929688,144.63999938964844,145.49000549316406,128.91224670410156,2684700
2018-08-16,146.27999877929688,147.14999389648438,146.25999450683594,146.6300048828125,129.92236328125,1347500
2018-08-17,146.4499969482422,147.38999938964844,146.3000030517578,147.1699981689453,130.40077209472656,2188300
2018-08-20,147.4499969482422,147.69000244140625,147.16000366210938,147.4499969482422,130.64891052246094,5759800
2018-08-21,147.77999877929688,148.50999450683594,147.77999877929688,148.0,131.13624572753906,2090900
2018-08-22,147.7899932861328,148.2899932861328,147.7100067138672,148.0500030517578,131.1805419921875,1169600
2018-08-23,147.89999389648438,148.3699951171875,147.5800018310547,147.75999450683594,130.92359924316406,1351100
2018-08-24,148.14999389648438,148.75999450683594,148.10000610351562,148.67999267578125,131.73875427246094,1712700
2018-08-27,149.32000732421875,149.8699951171875,149.10000610351562,149.75,132.6868133544922,2126000
2018-08-28,150.10000610351562,150.1999969482422,149.52999877929688,149.83999633789062,132.76658630371094,3015300
2018-08-29,149.9600067138672,150.77000427246094,149.82000732421875,150.6300048828125,133.46658325195312,2688600
2018-08-30,150.30999755859375,150.60000610351562,149.6699981689453,150.00999450683594,132.917236328125,2150400
2018-08-31,149.80999755859375,150.27999877929688,149.58999633789062,150.07000732421875,132.97039794921875,2537500
2018-09-04,149.88999938964844,150.10000610351562,149.22000122070312,149.86000061035156,132.7843017578125,2342700
2018-09-05,149.66000366210938,149.69000244140625,148.7100067138672,149.3699951171875,132.3501739501953,2772000
2018-09-06,149.4600067138672,149.69000244140625,148.36000061035156,148.9199981689453,131.95144653320312,2592200
2018-09-07,148.3699951171875,149.1699981689453,148.1300048828125,148.5800018310547,131.65011596679688,2334400
2018-09-10,149.1999969482422,149.3300018310547,148.7899932861328,148.89999389648438,131.9337158203125,2156000
2018-09-11,148.5500030517578,149.6199951171875,148.3300018310547,149.39999389648438,132.37673950195312,2575100
2018-09-12,149.30999755859375,149.63999938964844,148.7899932861328,149.41000366210938,132.3855743408203,2181100
2018-09-13,149.97000122070312,150.3300018310547,149.75,150.16000366210938,133.0500946044922,1905900
2018-09-14,150.27999877929688,150.47999572753906,149.7899932861328,150.27999877929688,133.15643310546875,1363900
2018-09-17,150.24000549316406,150.27999877929688,149.19000244140625,149.3300018310547,132.31471252441406,1661600
2018-09-18,149.42999267578125,150.44000244140625,149.39999389648438,150.1300048828125,133.02354431152344,1665400
2018-09-19,150.1199951171875,150.47999572753906,150.00999450683594,150.14999389648438,133.041259765625,1809800
2018-09-20,150.8300018310547,151.47000122070312,150.52000427246094,151.30999755859375,134.069091796875,1713900
2018-09-21,151.82000732421875,151.83999633789062,151.0500030517578,151.16000366210938,133.93618774414062,1986100
2018-09-24,150.8699951171875,150.92999267578125,150.27000427246094,150.61000061035156,133.4488525390625,1668600
2018-09-25,150.88999938964844,151.07000732421875,150.4199981689453,150.52999877929688,133.37794494628906,2318900
2018-09-26,150.61000061035156,151.2899932861328,149.7899932861328,149.9499969482422,132.864013671875,4903500
2018-09-27,150.24000549316406,150.9499969482422,150.0800018310547,150.3000030517578,133.1741485595703,1808300
2018-09-28,149.27999877929688,149.99000549316406,149.22999572753906,149.64999389648438,133.2311553955078,1797000
2018-10-01,150.4199981689453,150.77000427246094,149.52000427246094,149.8800048828125,133.4359130859375,2718800
2018-10-02,149.86000061035156,150.10000610351562,149.42999267578125,149.66000366210938,133.24008178710938,2159200
2018-10-03,150.25999450683594,150.49000549316406,149.64999389648438,149.86000061035156,133.4180908203125,2563900
2018-10-04,149.5800018310547,149.61000061035156,147.7100067138672,148.58999633789062,132.2874298095703,3220800
2018-10-05,148.6199951171875,148.9499969482422,146.72999572753906,147.6300048828125,131.4327850341797,3197900
2018-10-08,147.27999877929688,147.75999450683594,146.36000061035156,147.52000427246094,131.33480834960938,2515600
2018-10-09,147.25,148.02000427246094,147.02000427246094,147.25999450683594,131.1033477783203,3690600
2018-10-10,146.92999267578125,146.9499969482422,142.41000366210938,142.57000732421875,126.92794036865234,6890300
2018-10-11,142.02000427246094,142.97000122070312,138.75,139.52999877929688,124.22149658203125,11707900
2018-10-12,142.0,142.32000732421875,139.49000549316406,141.3699951171875,125.85960388183594,7981200
2018-10-15,141.16000366210938,141.97999572753906,140.5,140.74000549316406,125.29873657226562,3386400
2018-10-16,141.75,144.05999755859375,141.36000061035156,143.83999633789062,128.05865478515625,3990400
2018-10-17,143.91000366210938,144.14999389648438,142.3300018310547,143.8000030517578,128.02297973632812,3148300
2018-10-18,143.30999755859375,143.61000061035156,141.0,141.72000122070312,126.1711654663086,3783800
2018-10-19,142.13999938964844,143.07000732421875,141.00999450683594,141.35000610351562,125.84181213378906,2997700
2018-10-22,141.72999572753906,141.94000244140625,140.4199981689453,140.7899932861328,125.34317779541016,3220600
2018-10-23,138.69000244140625,140.6699981689453,137.4600067138672,139.9600067138672,124.60433959960938,4981600
2018-10-24,139.88999938964844,140.08999633789062,135.39999389648438,135.61000061035156,120.73152923583984,6013700
2018-10-25,136.6300048828125,138.9600067138672,136.1699981689453,138.16000366210938,123.00180053710938,4886000
2018-10-26,136.1199951171875,137.52999877929688,134.1699981689453,135.77000427246094,120.87401580810547,6623500
2018-10-29,137.50999450683594,138.3300018310547,133.07000732421875,135.02000427246094,120.20628356933594,5167200
2018-10-30,134.9600067138672,137.2899932861328,134.61000061035156,137.1300048828125,122.08477783203125,3675500
2018-10-31,138.60000610351562,139.83999633789062,138.3699951171875,138.55999755859375,123.35787200927734,4034500
2018-11-01,139.0399932861328,140.3699951171875,138.52000427246094,140.1300048828125,124.75562286376953,3713900
2018-11-02,140.92999267578125,141.1999969482422,138.38999938964844,139.55999755859375,124.24816131591797,3171400
2018-11-05,139.8000030517578,140.52000427246094,139.19000244140625,140.24000549316406,124.85356903076172,3140200
2018-11-06,140.19000244140625,141.11000061035156,140.1699981689453,141.0399932861328,125.56578826904297,2029700
2018-11-07,142.3000030517578,144.0,141.97000122070312,143.9199981689453,128.1298370361328,2781200
2018-11-08,143.5500030517578,144.05999755859375,142.97999572753906,143.63999938964844,127.88056182861328,1874800
2018-11-09,142.91000366210938,142.9600067138672,141.2899932861328,142.1699981689453,126.57181549072266,2226900
2018-11-12,141.7899932861328,141.97000122070312,139.17999267578125,139.44000244140625,124.1413803100586,3530700
2018-11-13,139.77000427246094,140.9199981689453,138.82000732421875,139.24000549316406,123.96330261230469,2290500
2018-11-14,140.33999633789062,140.57000732421875,137.3800048828125,138.22000122070312,123.0551986694336,2766000
2018-11-15,137.5500030517578,140.00999450683594,136.6999969482422,139.77999877929688,124.44403839111328,3600900
2018-11-16,139.07000732421875,140.57000732421875,138.82000732421875,140.0800018310547,124.71110534667969,2272300
2018-11-19,139.8300018310547,139.92999267578125,137.1699981689453,137.64999389648438,122.54774475097656,3481800
2018-11-20,135.72999572753906,136.6199951171875,134.63999938964844,135.1999969482422,120.36654663085938,4627200
2018-11-21,136.0,136.88999938964844,135.75,135.86000061035156,120.95413208007812,4151300
2018-11-23,134.9199981689453,135.9199981689453,134.72999572753906,135.1300048828125,120.30419158935547,1300000
2018-11-26,136.47999572753906,137.27999877929688,136.17999267578125,137.22999572753906,122.1738052368164,4699700
2018-11-27,136.64999389648438,137.4199981689453,136.27000427246094,137.39999389648438,122.32514953613281,2860100
2018-11-28,138.02999877929688,140.60000610351562,137.4199981689453,140.60000610351562,125.17406463623047,6061100
2018-11-29,140.19000244140625,141.16000366210938,139.47999572753906,140.33999633789062,124.94258880615234,2895000
2018-11-30,140.24000549316406,141.50999450683594,140.07000732421875,141.35000610351562,125.84181213378906,2142100
2018-12-03,143.60000610351562,144.0,142.02999877929688,143.0,127.31076049804688,3655400
2018-12-04,142.63999938964844,142.82000732421875,138.10000610351562,138.3300018310547,123.15314483642578,3917700
2018-12-06,136.14999389648438,138.16000366210938,134.35000610351562,138.16000366210938,123.00180053710938,6542900
2018-12-07,137.94000244140625,138.8699951171875,134.42999267578125,134.89999389648438,120.09944152832031,4986900
2018-12-10,134.80999755859375,135.60000610351562,132.4499969482422,135.0500030517578,120.23297882080078,5046800
2018-12-11,136.86000061035156,137.00999450683594,134.22999572753906,135.02000427246094,120.20628356933594,3459200
2018-12-12,136.72000122070312,137.50999450683594,135.75,135.7899932861328,120.89179229736328,3720100
2018-12-13,136.24000549316406,136.69000244140625,134.88999938964844,135.4600067138672,120.59801483154297,3298400
2018-12-14,134.25999450683594,134.9199981689453,132.75999450683594,133.1199951171875,118.51472473144531,4503200
2018-12-17,132.5399932861328,133.16000366210938,129.47000122070312,130.27999877929688,115.98632049560547,7193100
2018-12-18,131.25999450683594,131.74000549316406,129.36000061035156,130.24000549316406,115.95072937011719,8065500
2018-12-19,130.27999877929688,132.38999938964844,127.30000305175781,128.24000549316406,114.17015075683594,8010800
2018-12-20,127.51000213623047,128.3800048828125,124.80000305175781,126.16999816894531,112.32725524902344,13119700
2018-12-21,126.51000213623047,127.97000122070312,123.12000274658203,123.48999786376953,109.94129180908203,13605000
2018-12-24,121.9000015258789,122.54000091552734,119.66999816894531,119.69999694824219,107.19296264648438,14488500
2018-12-26,120.33999633789062,125.5199966430664,119.3499984741211,125.45999908447266,112.35113525390625,12512300
2018-12-27,123.76000213623047,126.58999633789062,121.91000366210938,126.58999633789062,113.363037109375,16128500
2018-12-28,127.5,128.30999755859375,125.7300033569336,126.43000030517578,113.21977233886719,11668700
2018-12-31,127.37999725341797,127.7300033569336,126.27999877929688,127.62999725341797,114.29439544677734,9414800
2019-01-02,125.75,128.16000366210938,125.33999633789062,127.7300033569336,114.38394165039062,5093200
2019-01-03,126.91000366210938,126.91000366210938,124.56999969482422,124.7699966430664,111.73320007324219,5252900
2019-01-04,126.4800033569336,129.3699951171875,126.31999969482422,128.89999389648438,115.43167114257812,4776900
2019-01-07,129.19000244140625,131.0399932861328,128.80999755859375,130.1999969482422,116.59585571289062,4485100
2019-01-08,131.4499969482422,131.72999572753906,130.0500030517578,131.5399932861328,117.79586029052734,3949400
2019-01-09,132.02000427246094,132.6699981689453,131.36000061035156,132.16000366210938,118.3510513305664,6405100
2019-01-10,131.44000244140625,132.88999938964844,131.0,132.80999755859375,118.93315124511719,2685700
2019-01-11,132.1300048828125,132.86000061035156,131.85000610351562,132.83999633789062,118.96002960205078,3033800
2019-01-14,131.7899932861328,132.49000549316406,131.55999755859375,132.0,118.20777130126953,2479400
2019-01-15,132.19000244140625,133.55999755859375,132.0500030517578,133.44000244140625,119.49732208251953,4542100
2019-01-16,133.6699981689453,134.3300018310547,133.61000061035156,133.82000732421875,119.83761596679688,2963100
2019-01-17,133.39999389648438,135.39999389648438,133.16000366210938,134.89999389648438,120.80475616455078,4401100
2019-01-18,135.88999938964844,136.94000244140625,135.4499969482422,136.64999389648438,122.37193298339844,4224900
2019-01-22,135.88999938964844,135.9199981689453,133.88999938964844,134.77999877929688,120.69732666015625,5037900
2019-01-23,135.3800048828125,135.77000427246094,133.60000610351562,134.9199981689453,120.82266235351562,3934200
2019-01-24,134.92999267578125,135.47000122070312,134.4600067138672,135.1999969482422,121.07344055175781,3785200
2019-01-25,136.22999572753906,136.82000732421875,136.02999877929688,136.47000122070312,122.21072387695312,2987300
2019-01-28,135.24000549316406,135.52000427246094,134.47999572753906,135.47000122070312,121.31521606445312,4371600
2019-01-29,135.6199951171875,135.8699951171875,134.83999633789062,135.27999877929688,121.14508819580078,2975100
2019-01-30,136.14999389648438,137.80999755859375,135.6199951171875,137.32000732421875,122.97193908691406,3060700
2019-01-31,137.27000427246094,138.77000427246094,137.24000549316406,138.52999877929688,124.05548095703125,3932900
2019-02-01,138.6999969482422,139.1999969482422,138.25,138.72999572753906,124.23458862304688,3225400
2019-02-04,138.75999450683594,139.75,138.36000061035156,139.72000122070312,125.12116241455078,4938100
2019-02-05,139.9499969482422,140.4499969482422,139.66000366210938,140.3000030517578,125.64059448242188,2759100
2019-02-06,140.14999389648438,140.39999389648438,139.64999389648438,140.16000366210938,125.51517486572266,2945200
2019-02-07,139.17999267578125,139.49000549316406,137.1199951171875,138.8300018310547,124.32411193847656,5097500
2019-02-08,138.13999938964844,138.99000549316406,137.66000366210938,138.97000122070312,124.44952392578125,2105800
2019-02-11,139.39999389648438,139.5500030517578,138.88999938964844,139.25999450683594,124.70919799804688,2337000
2019-02-12,140.1199951171875,141.17999267578125,140.05999755859375,141.0,126.26741790771484,3312300
2019-02-13,141.4499969482422,141.8800048828125,141.13999938964844,141.44000244140625,126.66142272949219,2369300
2019-02-14,140.86000061035156,141.80999755859375,140.38999938964844,141.19000244140625,126.43755340576172,2731400
2019-02-15,142.16000366210938,142.77000427246094,141.91000366210938,142.74000549316406,127.8255844116211,2537600
2019-02-19,142.41000366210938,143.38999938964844,142.33999633789062,143.02000427246094,128.0763397216797,2469900
2019-02-20,143.0500030517578,143.52999877929688,142.74000549316406,143.32000732421875,128.34498596191406,2357400
2019-02-21,143.05999755859375,143.13999938964844,142.25,142.8300018310547,127.90619659423828,3684900
2019-02-22,143.1999969482422,143.83999633789062,143.02999877929688,143.77000427246094,128.74794006347656,1838400
2019-02-25,144.55999755859375,144.8800048828125,143.89999389648438,143.97999572753906,128.93601989746094,3920000
2019-02-26,143.75,144.22999572753906,143.58999633789062,143.7100067138672,128.6942138671875,2155200
2019-02-27,143.38999938964844,143.97000122070312,142.8800048828125,143.75999450683594,128.73899841308594,2046800
2019-02-28,143.64999389648438,143.89999389648438,143.32000732421875,143.4600067138672,128.4703826904297,2275100
2019-03-01,144.3800048828125,144.60000610351562,143.5,144.4199981689453,129.3300323486328,2985100
2019-03-04,145.0,145.02999877929688,142.4199981689453,143.75,128.73008728027344,3555400
2019-03-05,143.80999755859375,143.89999389648438,143.17999267578125,143.47999572753906,128.4882354736328,2838000
2019-03-06,143.52000427246094,143.5500030517578,142.22999572753906,142.38999938964844,127.51216888427734,2139600
2019-03-07,142.16000366210938,142.25,140.75999450683594,141.27999877929688,126.51815032958984,2851800
2019-03-08,140.1300048828125,141.02999877929688,139.9199981689453,140.99000549316406,126.25847625732422,2328000
2019-03-11,141.38999938964844,143.11000061035156,141.36000061035156,143.05999755859375,128.1121368408203,1910400
2019-03-12,143.3300018310547,143.83999633789062,143.22999572753906,143.5399932861328,128.5420379638672,1966100
2019-03-13,143.9600067138672,144.9499969482422,143.94000244140625,144.4600067138672,129.36587524414062,2013500
2019-03-14,144.4600067138672,144.63999938964844,144.0500030517578,144.33999633789062,129.2584228515625,1494000
2019-03-15,144.6199951171875,145.47999572753906,144.5500030517578,145.00999450683594,129.8583984375,2324300
2019-03-18,145.10000610351562,145.75999450683594,144.9499969482422,145.5500030517578,130.34194946289062,2489700
2019-03-19,146.1199951171875,146.47000122070312,144.99000549316406,145.52000427246094,130.3151092529297,6104600
2019-03-20,145.32000732421875,145.99000549316406,144.25,144.9199981689453,129.77781677246094,2900900
2019-03-21,144.47999572753906,146.83999633789062,144.36000061035156,146.6199951171875,131.30015563964844,2949700
2019-03-22,145.83999633789062,146.07000732421875,143.5,143.55999755859375,128.5598602294922,5151000
2019-03-25,142.5800018310547,143.30999755859375,141.89999389648438,142.69000244140625,128.47169494628906,3676500
2019-03-26,143.6999969482422,144.3800048828125,143.00999450683594,143.7899932861328,129.46205139160156,2861000
2019-03-27,143.83999633789062,144.14999389648438,142.14999389648438,143.1300048828125,128.8677978515625,3402700
2019-03-28,143.4600067138672,143.97999572753906,142.8300018310547,143.75999450683594,129.43507385253906,2654500
2019-03-29,144.61000061035156,144.7899932861328,144.02999877929688,144.7100067138672,130.2904052734375,3614700
2019-04-01,145.75999450683594,146.47999572753906,145.58999633789062,146.38999938964844,131.802978515625,3666800
2019-04-02,146.4199981689453,146.5,145.8699951171875,146.3800048828125,131.7940216064453,4292800
2019-04-03,147.0800018310547,147.33999633789062,146.32000732421875,146.72999572753906,132.109130859375,2404400
2019-04-04,146.83999633789062,147.14999389648438,146.35000610351562,147.0399932861328,132.38824462890625,2248400
2019-04-05,147.38999938964844,147.8300018310547,147.25999450683594,147.77999877929688,133.05447387695312,1744500
2019-04-08,147.5399932861328,147.92999267578125,147.11000061035156,147.91000366210938,133.17156982421875,2130500
2019-04-09,147.32000732421875,147.47999572753906,146.7100067138672,147.02000427246094,132.3701934814453,2150700
2019-04-10,147.24000549316406,147.72000122070312,147.07000732421875,147.6999969482422,132.98245239257812,2019000
2019-04-11,147.94000244140625,147.9600067138672,147.33999633789062,147.69000244140625,132.9734649658203,1794600
2019-04-12,148.5500030517578,148.8000030517578,148.1300048828125,148.67999267578125,133.86477661132812,2612000
2019-04-15,148.75,148.8000030517578,148.05999755859375,148.55999755859375,133.75677490234375,2083000
2019-04-16,149.0,149.05999755859375,148.24000549316406,148.60000610351562,133.7927703857422,2953300
2019-04-17,149.1999969482422,149.22000122070312,147.77000427246094,148.0500030517578,133.29759216308594,2983900
2019-04-18,148.39999389648438,148.39999389648438,147.50999450683594,148.27000427246094,133.49569702148438,2457000
2019-04-22,147.9499969482422,148.41000366210938,147.77000427246094,148.30999755859375,133.53167724609375,2148600
2019-04-23,148.5500030517578,149.9199981689453,148.4499969482422,149.8000030517578,134.8732147216797,2344200
2019-04-24,149.77999877929688,150.0500030517578,149.47000122070312,149.60000610351562,134.69314575195312,1924600
2019-04-25,149.5399932861328,149.69000244140625,148.60000610351562,149.35000610351562,134.468017578125,2428600
2019-04-26,149.41000366210938,150.16000366210938,148.99000549316406,150.16000366210938,135.1973419189453,2184500
2019-04-29,150.22000122070312,150.69000244140625,150.1300048828125,150.3800048828125,135.39541625976562,2461500
2019-04-30,150.27999877929688,150.60000610351562,149.3000030517578,150.38999938964844,135.4043731689453,2224500
2019-05-01,150.8000030517578,150.8699951171875,149.24000549316406,149.27000427246094,134.3960418701172,3761300
2019-05-02,149.14999389648438,149.74000549316406,148.05999755859375,149.02000427246094,134.1709442138672,2537800
2019-05-03,149.8000030517578,150.6999969482422,149.6999969482422,150.6300048828125,135.62051391601562,2147100
2019-05-06,148.19000244140625,150.33999633789062,148.02000427246094,150.14999389648438,135.18829345703125,2635300
2019-05-07,148.83999633789062,149.08999633789062,146.42999267578125,147.55999755859375,132.8563995361328,4385800
2019-05-08,147.35000610351562,148.24000549316406,147.00999450683594,147.32000732421875,132.6403350830078,2492100
2019-05-09,146.05999755859375,147.17999267578125,145.05999755859375,146.85000610351562,132.21717834472656,2768000
2019-05-10,146.3300018310547,147.9600067138672,144.64999389648438,147.52999877929688,132.82940673828125,3175300
2019-05-13,144.6999969482422,145.14999389648438,143.25,143.8000030517578,129.47103881835938,4241900
2019-05-14,144.27999877929688,145.91000366210938,144.13999938964844,145.10000610351562,130.64154052734375,3090200
2019-05-15,144.22999572753906,146.27000427246094,144.0500030517578,145.9600067138672,131.4158477783203,2072300
2019-05-16,146.3300018310547,148.02999877929688,146.2899932861328,147.27999877929688,132.6043243408203,2319500
2019-05-17,146.05999755859375,147.63999938964844,146.00999450683594,146.24000549316406,131.6679229736328,1923900
2019-05-20,145.25999450683594,145.9199981689453,144.77999877929688,145.1999969482422,130.73153686523438,1669200
2019-05-21,146.11000061035156,146.80999755859375,146.0399932861328,146.6199951171875,132.01007080078125,1438800
2019-05-22,146.05999755859375,146.57000732421875,145.77000427246094,146.08999633789062,131.53286743164062,1539800
2019-05-23,144.8300018310547,144.85000610351562,143.3800048828125,144.22999572753906,129.8582305908203,2701100
2019-05-24,144.9600067138672,145.22999572753906,144.16000366210938,144.5800018310547,130.17335510253906,1381900
2019-05-28,144.82000732421875,145.27999877929688,143.25,143.30999755859375,129.02989196777344,3866100
2019-05-29,142.6199951171875,142.8000030517578,141.44000244140625,142.3300018310547,128.14752197265625,2955100
2019-05-30,142.69000244140625,143.1699981689453,141.9499969482422,142.61000061035156,128.39962768554688,2621700
2019-05-31,141.11000061035156,141.58999633789062,140.60000610351562,140.69000244140625,126.67095184326172,2836300
2019-06-03,140.69000244140625,141.3800048828125,139.6199951171875,140.41000366210938,126.41888427734375,4765100
2019-06-04,141.72999572753906,143.61000061035156,141.47000122070312,143.55999755859375,129.25497436523438,2767600
2019-06-05,144.38999938964844,144.82000732421875,143.27000427246094,144.66000366210938,130.245361328125,5059700
2019-06-06,144.82000732421875,145.85000610351562,144.35000610351562,145.47000122070312,130.9746551513672,2795600
2019-06-07,146.05999755859375,147.4499969482422,145.97999572753906,146.7899932861328,132.16310119628906,1667900
2019-06-10,147.72999572753906,148.57000732421875,147.5399932861328,147.61000061035156,132.90142822265625,2259800
2019-06-11,148.6199951171875,148.8300018310547,147.0800018310547,147.47000122070312,132.775390625,1724500
2019-06-12,147.35000610351562,147.63999938964844,146.92999267578125,147.27000427246094,132.59527587890625,1729900
2019-06-13,147.7899932861328,148.08999633789062,147.42999267578125,147.9499969482422,133.20753479003906,1726600
2019-06-14,147.8000030517578,147.99000549316406,147.27000427246094,147.6300048828125,132.91944885253906,1401000
2019-06-17,147.27999877929688,147.6699981689453,147.13999938964844,147.19000244140625,133.01612854003906,2506100
2019-06-18,148.1999969482422,149.47000122070312,148.07000732421875,148.8000030517578,134.4711151123047,2261100
2019-06-19,148.91000366210938,149.49000549316406,148.38999938964844,149.30999755859375,134.9320068359375,4049900
2019-06-20,150.72999572753906,150.85000610351562,149.4499969482422,150.67999267578125,136.17001342773438,2968100
2019-06-21,150.39999389648438,150.94000244140625,150.0399932861328,150.6999969482422,136.18812561035156,2414300
2019-06-24,150.3300018310547,150.47000122070312,149.7100067138672,149.86000061035156,135.42897033691406,1977300
2019-06-25,149.8699951171875,149.89999389648438,148.3000030517578,148.44000244140625,134.1457977294922,2309500
2019-06-26,148.86000061035156,149.19000244140625,148.1300048828125,148.16000366210938,133.8927459716797,1903700
2019-06-27,148.66000366210938,149.1999969482422,148.55999755859375,149.0500030517578,134.69703674316406,2392200
2019-06-28,149.50999450683594,150.1699981689453,149.30999755859375,150.08999633789062,135.63685607910156,2589600
2019-07-01,151.85000610351562,151.9199981689453,150.50999450683594,151.14999389648438,136.59478759765625,3960800
2019-07-02,151.1199951171875,151.5,150.66000366210938,151.5,136.91107177734375,2705400
2019-07-03,151.8699951171875,152.66000366210938,151.75,152.63999938964844,137.94134521484375,2286800
2019-07-05,152.00999450683594,152.6199951171875,151.25999450683594,152.5500030517578,137.8599853515625,2446300
2019-07-08,151.8699951171875,152.02999877929688,151.3699951171875,151.72999572753906,137.1189727783203,2611300
2019-07-09,151.02000427246094,152.08999633789062,151.02000427246094,152.0,137.3629608154297,3178000
2019-07-10,152.58999633789062,153.1300048828125,152.1199951171875,152.6199951171875,137.92323303222656,1852500
2019-07-11,152.94000244140625,153.02999877929688,152.24000549316406,152.8300018310547,138.1129913330078,2641000
2019-07-12,153.10000610351562,153.63999938964844,152.99000549316406,153.61000061035156,138.81790161132812,1656000
2019-07-15,153.8300018310547,153.8300018310547,153.27000427246094,153.50999450683594,138.72750854492188,2155000
2019-07-16,153.5,153.6699981689453,152.9499969482422,153.1199951171875,138.37509155273438,1778500
2019-07-17,153.10000610351562,153.1699981689453,152.11000061035156,152.11000061035156,137.46237182617188,2575500
2019-07-18,151.8699951171875,152.83999633789062,151.58999633789062,152.6699981689453,137.96841430664062,1463500
2019-07-19,153.2100067138672,153.27999877929688,151.74000549316406,151.8000030517578,137.1821746826172,1487900
2019-07-22,152.05999755859375,152.39999389648438,151.75999450683594,152.16000366210938,137.5074920654297,1510000
2019-07-23,152.77999877929688,153.1999969482422,152.3000030517578,153.17999267578125,138.42930603027344,1643800
2019-07-24,152.75999450683594,154.14999389648438,152.75999450683594,154.1199951171875,139.27877807617188,2168900
2019-07-25,153.94000244140625,153.9499969482422,152.88999938964844,153.3000030517578,138.53775024414062,2046000
2019-07-26,153.64999389648438,154.50999450683594,153.61000061035156,154.41000366210938,139.54087829589844,1721600
2019-07-29,154.35000610351562,154.3800048828125,153.6300048828125,154.0399932861328,139.20651245117188,1587600
2019-07-30,153.19000244140625,154.0,152.9600067138672,153.88999938964844,139.07095336914062,1970300
2019-07-31,153.91000366210938,154.11000061035156,151.07000732421875,152.2100067138672,137.552734375,2512000
2019-08-01,152.2899932861328,153.85000610351562,150.25999450683594,150.8000030517578,136.27853393554688,3901500
2019-08-02,150.3000030517578,150.41000366210938,148.5800018310547,149.5800018310547,135.176025390625,7062200
2019-08-05,147.17999267578125,147.25,143.8699951171875,145.13999938964844,131.16351318359375,5701800
2019-08-06,146.19000244140625,147.0800018310547,145.2100067138672,147.02999877929688,132.87156677246094,3408400
2019-08-07,145.3000030517578,147.52999877929688,144.17999267578125,147.19000244140625,133.01612854003906,3195500
2019-08-08,147.97999572753906,150.02000427246094,147.6999969482422,149.99000549316406,135.5465087890625,4143200
2019-08-09,149.55999755859375,149.7899932861328,148.02000427246094,148.9199981689453,134.57952880859375,2349700
2019-08-12,148.1199951171875,148.25999450683594,146.5500030517578,147.0800018310547,132.9167022705078,2610200
2019-08-13,146.88999938964844,150.0800018310547,146.52999877929688,149.17999267578125,134.81448364257812,2721400
2019-08-14,146.9499969482422,147.1999969482422,144.77999877929688,144.8699951171875,130.9195556640625,3938800
2019-08-15,145.30999755859375,145.66000366210938,144.0500030517578,145.13999938964844,131.16351318359375,3591900
2019-08-16,146.0800018310547,147.60000610351562,146.0,147.33999633789062,133.15164184570312,3659300
2019-08-19,149.08999633789062,149.47999572753906,148.6300048828125,149.08999633789062,134.73313903808594,2875000
2019-08-20,148.80999755859375,149.02999877929688,147.89999389648438,147.9499969482422,133.70294189453125,1739000
2019-08-21,149.16000366210938,149.39999389648438,148.82000732421875,149.1999969482422,134.8325653076172,1439700
2019-08-22,149.61000061035156,149.89999389648438,148.1300048828125,149.07000732421875,134.71510314941406,1730700
2019-08-23,148.41000366210938,149.3000030517578,144.63999938964844,145.30999755859375,131.31719970703125,3808300
2019-08-26,146.52999877929688,146.8800048828125,145.66000366210938,146.77999877929688,132.64564514160156,3623000
2019-08-27,147.63999938964844,147.8300018310547,145.67999267578125,146.10000610351562,132.0310821533203,1984700
2019-08-28,145.69000244140625,147.24000549316406,145.30999755859375,147.13999938964844,132.9709014892578,1981000
2019-08-29,148.58999633789062,149.3800048828125,148.10000610351562,149.08999633789062,134.73313903808594,2576000
2019-08-30,149.8800048828125,149.88999938964844,148.44000244140625,149.0399932861328,134.68797302246094,2267900
2019-09-03,147.99000549316406,148.5500030517578,147.3699951171875,148.07000732421875,133.81143188476562,4307800
2019-09-04,149.3000030517578,149.64999389648438,148.82000732421875,149.64999389648438,135.23927307128906,2071700
2019-09-05,151.0,152.11000061035156,150.75,151.64999389648438,137.04664611816406,2991800
2019-09-06,151.80999755859375,152.05999755859375,151.39999389648438,151.67999267578125,137.07374572753906,1568700
2019-09-09,152.22000122070312,152.27000427246094,151.14999389648438,151.77000427246094,137.1550750732422,2575200
2019-09-10,151.36000061035156,151.9199981689453,150.6300048828125,151.9199981689453,137.29063415527344,3435200
2019-09-11,152.08999633789062,153.1699981689453,151.6999969482422,153.16000366210938,138.41127014160156,3848100
2019-09-12,153.6300048828125,154.1300048828125,153.0500030517578,153.6199951171875,138.82691955566406,3486800
2019-09-13,153.8699951171875,154.0800018310547,153.27999877929688,153.47000122070312,138.69139099121094,3002500
2019-09-16,152.22000122070312,152.69000244140625,152.0399932861328,152.4600067138672,138.40994262695312,1690800
2019-09-17,152.35000610351562,152.8699951171875,152.0,152.8300018310547,138.745849609375,2104500
2019-09-18,152.64999389648438,152.83999633789062,151.35000610351562,152.80999755859375,138.7276611328125,1716700
2019-09-19,153.1300048828125,153.61000061035156,152.5500030517578,152.7100067138672,138.63690185546875,2061400
2019-09-20,153.0,153.22999572753906,151.60000610351562,152.0399932861328,138.02862548828125,2106100
2019-09-23,151.7100067138672,152.4600067138672,151.57000732421875,152.1199951171875,138.10130310058594,2051800
2019-09-24,152.60000610351562,152.80999755859375,150.1999969482422,150.7100067138672,136.82122802734375,4234600
2019-09-25,150.72999572753906,151.91000366210938,149.9199981689453,151.66000366210938,137.68368530273438,6144100
2019-09-26,151.66000366210938,151.66000366210938,150.47000122070312,151.1999969482422,137.2660675048828,1723000
2019-09-27,151.63999938964844,151.7100067138672,149.44000244140625,150.3000030517578,136.44900512695312,1940200
2019-09-30,150.64999389648438,151.3699951171875,150.5500030517578,151.0,137.08448791503906,1702000
2019-10-01,151.5,151.8800048828125,148.9199981689453,149.02999877929688,135.2960205078125,2823000
2019-10-02,148.17999267578125,148.24000549316406,145.82000732421875,146.61000061035156,133.0990447998047,3811500
2019-10-03,146.47999572753906,147.8000030517578,144.89999389648438,147.8000030517578,134.17941284179688,4380400
2019-10-04,148.36000061035156,149.80999755859375,148.0399932861328,149.72999572753906,135.9315185546875,2509200
2019-10-07,149.3800048828125,150.19000244140625,148.88999938964844,149.13999938964844,135.39588928222656,2237400
2019-10-08,148.0399932861328,148.36000061035156,146.7100067138672,146.72999572753906,133.20797729492188,2213900
2019-10-09,147.85000610351562,148.58999633789062,147.52000427246094,148.0800018310547,134.43357849121094,3294600
2019-10-10,148.0,149.5,147.99000549316406,149.02999877929688,135.2960205078125,3508900
2019-10-11,150.50999450683594,151.89999389648438,150.47000122070312,150.6300048828125,136.74859619140625,3377100
2019-10-14,150.52000427246094,150.75,150.25,150.49000549316406,136.6215362548828,1213500
2019-10-15,151.02999877929688,152.3300018310547,150.9199981689453,151.97000122070312,137.965087890625,2153200
2019-10-16,151.63999938964844,152.0500030517578,151.3699951171875,151.69000244140625,137.71090698242188,1578400
2019-10-17,152.3300018310547,152.63999938964844,151.83999633789062,152.19000244140625,138.16481018066406,1640400
2019-10-18,151.94000244140625,152.1999969482422,150.89999389648438,151.5800018310547,137.6110382080078,1720000
2019-10-21,152.35000610351562,152.69000244140625,152.05999755859375,152.57000732421875,138.50979614257812,1710100
2019-10-22,152.92999267578125,153.00999450683594,152.0399932861328,152.11000061035156,138.09219360351562,1711800
2019-10-23,151.97000122070312,152.49000549316406,151.77000427246094,152.4199981689453,138.37364196777344,1804000
2019-10-24,153.00999450683594,153.0800018310547,152.27999877929688,152.83999633789062,138.75491333007812,1582200
2019-10-25,152.49000549316406,153.75999450683594,152.4199981689453,153.4499969482422,139.30870056152344,2461600
2019-10-28,154.1199951171875,154.66000366210938,154.0,154.3800048828125,140.1529998779297,2725500
2019-10-29,154.22999572753906,154.8000030517578,154.11000061035156,154.35000610351562,140.12576293945312,1561500
2019-10-30,154.39999389648438,154.94000244140625,153.63999938964844,154.72000122070312,140.46168518066406,2246000
2019-10-31,154.67999267578125,154.67999267578125,153.4199981689453,154.17999267578125,139.971435546875,2224400
2019-11-01,155.0,155.8300018310547,154.9199981689453,155.8300018310547,141.4693603515625,2341400
2019-11-04,156.6999969482422,156.77000427246094,156.17999267578125,156.39999389648438,141.98684692382812,2150600
2019-11-05,156.60000610351562,156.77999877929688,156.07000732421875,156.25999450683594,141.85977172851562,2377100
2019-11-06,156.24000549316406,156.3000030517578,155.6300048828125,156.19000244140625,141.7961883544922,2288400
2019-11-07,157.0,157.33999633789062,156.41000366210938,156.72000122070312,142.2773895263672,2407300
2019-11-08,156.55999755859375,157.16000366210938,156.0800018310547,157.16000366210938,142.6768035888672,2132400
2019-11-11,156.39999389648438,156.92999267578125,156.25,156.85000610351562,142.3953857421875,1738900
2019-11-12,157.02999877929688,157.69000244140625,156.74000549316406,157.1199951171875,142.64051818847656,1730700
2019-11-13,156.57000732421875,157.38999938964844,156.38999938964844,157.19000244140625,142.70407104492188,2189400
2019-11-14,156.99000549316406,157.44000244140625,156.72000122070312,157.35000610351562,142.8493194580078,2096200
2019-11-15,158.14999389648438,158.5500030517578,157.7899932861328,158.5500030517578,143.93875122070312,2615300
2019-11-18,158.4199981689453,158.74000549316406,158.1199951171875,158.63999938964844,144.02040100097656,3128400
2019-11-19,159.0500030517578,159.14999389648438,158.25999450683594,158.69000244140625,144.0658416748047,2225200
2019-11-20,158.32000732421875,158.72000122070312,157.25,158.19000244140625,143.61187744140625,3336200
2019-11-21,158.27000427246094,158.33999633789062,157.44000244140625,157.7899932861328,143.24874877929688,2220300
2019-11-22,158.30999755859375,158.33999633789062,157.61000061035156,158.13999938964844,143.5665283203125,1886000
2019-11-25,158.75999450683594,159.63999938964844,158.60000610351562,159.63999938964844,144.92825317382812,2525300
2019-11-26,159.6699981689453,160.05999755859375,159.47999572753906,159.97999572753906,145.23696899414062,1884900
2019-11-27,160.3800048828125,160.74000549316406,160.02000427246094,160.74000549316406,145.92691040039062,2343200
2019-11-29,160.4600067138672,160.5500030517578,159.9199981689453,160.02000427246094,145.2732696533203,1171000
2019-12-02,160.25999450683594,160.36000061035156,158.4499969482422,158.57000732421875,143.95692443847656,3766700
2019-12-03,157.08999633789062,157.7100067138672,156.3800048828125,157.6300048828125,143.103515625,4040300
2019-12-04,158.2899932861328,158.9600067138672,158.10000610351562,158.64999389648438,144.02947998046875,2132100
2019-12-05,159.0,159.0,158.17999267578125,158.8800048828125,144.23831176757812,1858100
2019-12-06,159.97999572753906,160.5399932861328,159.88999938964844,160.2899932861328,145.51837158203125,2021000
2019-12-09,160.08999633789062,160.42999267578125,159.75,159.77999877929688,145.05538940429688,1934300
2019-12-10,159.77000427246094,160.10000610351562,159.2899932861328,159.63999938964844,144.92825317382812,2150800
2019-12-11,159.88999938964844,160.13999938964844,159.57000732421875,160.02000427246094,145.2732696533203,1781300
2019-12-12,160.02000427246094,161.77999877929688,159.83999633789062,161.3300018310547,146.4625244140625,3012200
2019-12-13,161.25,162.08999633789062,160.6699981689453,161.3300018310547,146.4625244140625,3023500
2019-12-16,162.36000061035156,162.8800048828125,162.22000122070312,162.50999450683594,147.53379821777344,2466000
2019-12-17,162.77000427246094,162.86000061035156,162.44000244140625,162.57000732421875,147.5882568359375,4421500
2019-12-18,162.8300018310547,162.9199981689453,162.25999450683594,162.63999938964844,147.65182495117188,2139800
2019-12-19,162.74000549316406,163.35000610351562,162.6999969482422,163.35000610351562,148.29638671875,3018600
2019-12-20,164.0,164.33999633789062,163.86000061035156,164.19000244140625,149.05894470214844,3142900
2019-12-23,164.55999755859375,164.58999633789062,164.1999969482422,164.2899932861328,149.1497344970703,3822900
2019-12-24,163.67999267578125,163.72000122070312,163.25,163.44000244140625,149.18258666992188,1624900
2019-12-26,163.6999969482422,164.22999572753906,163.6300048828125,164.22999572753906,149.9036865234375,2515000
2019-12-27,164.61000061035156,164.67999267578125,163.8000030517578,164.0800018310547,149.76678466796875,2356700
2019-12-30,164.3000030517578,164.3800048828125,162.91000366210938,163.19000244140625,148.9544677734375,4503500
2019-12-31,163.0,163.75999450683594,162.72000122070312,163.6199951171875,149.346923828125,3262400
2020-01-02,164.67999267578125,164.97999572753906,163.77999877929688,164.97999572753906,150.58822631835938,3291100
2020-01-03,163.2899932861328,164.47000122070312,163.00999450683594,163.92999267578125,149.6298828125,3625400
2020-01-06,162.9199981689453,164.52000427246094,162.8300018310547,164.49000549316406,150.1409912109375,6813800
2020-01-07,164.27000427246094,164.4600067138672,163.77999877929688,164.10000610351562,149.78501892089844,2498400
2020-01-08,164.1999969482422,165.5500030517578,164.0399932861328,164.91000366210938,150.52439880371094,4244800
2020-01-09,165.80999755859375,165.97999572753906,165.36000061035156,165.94000244140625,151.4645233154297,2216900
2020-01-10,166.25999450683594,166.3000030517578,165.1999969482422,165.4600067138672,151.02639770507812,4023000
2020-01-13,166.0,166.6300048828125,165.52000427246094,166.58999633789062,152.0578155517578,3997100
2020-01-14,166.5500030517578,167.1199951171875,166.1699981689453,166.5,151.97567749023438,3062000
2020-01-15,166.5,167.39999389648438,166.4199981689453,166.91000366210938,152.3498992919922,2479200
2020-01-16,167.7100067138672,168.3699951171875,167.61000061035156,168.33999633789062,153.65516662597656,2205600
2020-01-17,169.00999450683594,169.00999450683594,168.3699951171875,168.75999450683594,154.03851318359375,2272000
2020-01-21,168.39999389648438,168.85000610351562,168.1699981689453,168.39999389648438,153.7099151611328,3174200
2020-01-22,168.92999267578125,169.32000732421875,168.35000610351562,168.5,153.80120849609375,2113600
2020-01-23,168.11000061035156,168.77000427246094,167.38999938964844,168.69000244140625,153.9746856689453,2370000
2020-01-24,169.08999633789062,169.08999633789062,166.3300018310547,167.08999633789062,152.51422119140625,3292500
2020-01-27,164.22999572753906,165.32000732421875,163.83999633789062,164.5800018310547,150.22317504882812,4692800
2020-01-28,165.3300018310547,166.6699981689453,165.05999755859375,166.1699981689453,151.67446899414062,4010700
2020-01-29,166.9600067138672,166.99000549316406,165.9199981689453,166.05999755859375,151.57406616210938,1751700
2020-01-30,165.0,166.61000061035156,164.47000122070312,166.4600067138672,151.93917846679688,2835900
2020-01-31,166.16000366210938,166.2100067138672,163.0399932861328,163.52000427246094,149.25564575195312,4525300
2020-02-03,164.35000610351562,165.8300018310547,164.30999755859375,164.9600067138672,150.5699920654297,2783200
2020-02-04,166.97000122070312,168.02000427246094,166.80999755859375,167.55999755859375,152.9432373046875,2732700
2020-02-05,169.1300048828125,169.35000610351562,168.1699981689453,169.2100067138672,154.44923400878906,4133700
2020-02-06,169.75999450683594,169.8300018310547,169.19000244140625,169.67999267578125,154.87826538085938,2202300
2020-02-07,169.0500030517578,169.39999389648438,168.41000366210938,168.7100067138672,153.99290466308594,2579200
2020-02-10,168.27999877929688,169.9499969482422,168.25999450683594,169.9499969482422,155.1247100830078,2494100
2020-02-11,170.74000549316406,171.25,170.11000061035156,170.4199981689453,155.5537109375,2921700
2020-02-12,171.24000549316406,171.5500030517578,170.91000366210938,171.49000549316406,156.53036499023438,2154100
2020-02-13,170.6999969482422,171.92999267578125,170.5500030517578,171.4199981689453,156.46649169921875,2827500
2020-02-14,171.60000610351562,171.77000427246094,170.97999572753906,171.6999969482422,156.7220458984375,2527800
2020-02-18,171.27000427246094,171.5399932861328,170.52999877929688,171.3000030517578,156.35694885253906,2459400
2020-02-19,171.9199981689453,172.55999755859375,171.77000427246094,172.1699981689453,157.15106201171875,2488100
2020-02-20,171.9600067138672,172.42999267578125,169.89999389648438,171.64999389648438,156.67642211914062,7061600
2020-02-21,170.9499969482422,171.02999877929688,169.39999389648438,169.88999938964844,155.06996154785156,2983500
2020-02-24,164.5,165.8699951171875,163.58999633789062,164.3000030517578,149.96762084960938,8710900
2020-02-25,165.0399932861328,165.38999938964844,158.77000427246094,159.27999877929688,145.3854522705078,10112300
2020-02-26,160.00999450683594,161.80999755859375,158.0,158.39999389648438,144.5822296142578,8210300
2020-02-27,155.0399932861328,157.52999877929688,151.39999389648438,151.4600067138672,138.24766540527344,14384200
2020-02-28,146.4199981689453,150.58999633789062,145.3000030517578,150.44000244140625,137.31661987304688,22272400
2020-03-02,151.41000366210938,156.82000732421875,149.5800018310547,156.6699981689453,143.00315856933594,12071600
2020-03-03,157.33999633789062,159.3000030517578,151.0800018310547,152.6300048828125,139.31556701660156,8623100
2020-03-04,155.52000427246094,158.75,154.0500030517578,158.72999572753906,144.8834991455078,5226600
2020-03-05,154.80999755859375,156.36000061035156,152.11000061035156,153.44000244140625,140.05490112304688,5343100
2020-03-06,148.97999572753906,151.33999633789062,147.1199951171875,150.58999633789062,137.45358276367188,9947700
2020-03-09,140.0,143.6300048828125,138.24000549316406,138.5,126.41820526123047,18537100
2020-03-10,144.35000610351562,145.41000366210938,137.89999389648438,145.3699951171875,132.68890380859375,11693300
2020-03-11,141.4499969482422,142.1999969482422,136.3000030517578,138.00999450683594,125.97095489501953,10760200
2020-03-12,129.17999267578125,133.6699981689453,124.41000366210938,124.58999633789062,113.72160339355469,20969500
2020-03-13,132.0,135.92999267578125,125.0,135.92999267578125,124.07238006591797,15351600
2020-03-16,121.05999755859375,127.98999786376953,120.0,120.45999908447266,109.951904296875,14652900
2020-03-17,122.20999908447266,127.37000274658203,118.0,126.5,115.46499633789062,16645800
2020-03-18,118.5,122.36000061035156,113.0,119.20999908447266,108.8109359741211,15388000
2020-03-19,117.41000366210938,122.80000305175781,114.58999633789062,120.08999633789062,109.61416625976562,11083500
2020-03-20,121.1500015258789,122.66000366210938,114.80000305175781,115.19000244140625,105.14161682128906,12264900
2020-03-23,113.6500015258789,114.9000015258789,109.48999786376953,111.91000366210938,102.14773559570312,16443000
2020-03-24,117.62999725341797,122.58000183105469,117.0,122.52999877929688,111.84130859375,10986900
2020-03-25,123.54000091552734,129.02999877929688,120.58999633789062,124.22000122070312,113.3839111328125,14428100
2020-03-26,124.83999633789062,131.6300048828125,124.66000366210938,131.11000061035156,120.267333984375,10549100
2020-03-27,127.12000274658203,130.50999450683594,125.51000213623047,126.93000030517578,116.4330062866211,9731500
2020-03-30,127.77999877929688,131.1699981689453,126.63999938964844,130.77999877929688,119.96460723876953,10416300
2020-03-31,130.97000122070312,131.61000061035156,128.02000427246094,128.91000366210938,118.24927520751953,8662400
2020-04-01,124.12999725341797,125.62000274658203,121.7699966430664,122.95999908447266,112.79131317138672,7911500
2020-04-02,122.37999725341797,126.12999725341797,122.0199966430664,125.5199966430664,115.13960266113281,6244300
2020-04-03,124.8499984741211,126.04000091552734,121.86000061035156,123.37999725341797,113.17659759521484,6584400
2020-04-06,128.42999267578125,132.8000030517578,127.77999877929688,132.00999450683594,121.09284973144531,9369400
2020-04-07,137.02000427246094,137.27999877929688,132.0800018310547,132.16000366210938,121.23048400878906,10469900
2020-04-08,133.72999572753906,137.4499969482422,132.4199981689453,136.8000030517578,125.48680114746094,6610400
2020-04-09,138.9199981689453,140.77999877929688,137.80999755859375,139.36000061035156,127.83504486083984,9311600
2020-04-13,138.75,140.05999755859375,135.6300048828125,137.6999969482422,126.31234741210938,7291600
2020-04-14,140.58999633789062,142.2100067138672,139.97000122070312,141.8800048828125,130.14663696289062,5609300
2020-04-15,138.74000549316406,139.49000549316406,137.42999267578125,138.5500030517578,127.092041015625,5164100
2020-04-16,139.27000427246094,139.5500030517578,137.42999267578125,139.1999969482422,127.6882553100586,5301200
2020-04-17,142.7100067138672,143.47999572753906,141.0800018310547,143.13999938964844,131.30250549316406,6411200
2020-04-20,141.0,143.0500030517578,140.50999450683594,140.82000732421875,129.17434692382812,5414000
2020-04-21,138.10000610351562,138.97999572753906,135.8699951171875,136.4499969482422,125.16568756103516,6367500
2020-04-22,139.25999450683594,140.3000030517578,138.36000061035156,139.52999877929688,127.990966796875,6340900
2020-04-23,140.22000122070312,141.97999572753906,139.44000244140625,139.5500030517578,128.0093536376953,6198300
2020-04-24,140.5,141.97000122070312,139.25999450683594,141.6300048828125,129.91732788085938,4403600
2020-04-27,142.64999389648438,144.66000366210938,141.0,144.13999938964844,132.21974182128906,4968200
2020-04-28,146.1699981689453,146.47999572753906,143.3699951171875,143.69000244140625,131.80694580078125,3594500
2020-04-29,146.80999755859375,148.5399932861328,146.02999877929688,147.75999450683594,135.54037475585938,4990900
2020-04-30,146.77999877929688,147.0500030517578,145.1199951171875,145.83999633789062,133.7791748046875,4228800
2020-05-01,143.1199951171875,143.60000610351562,139.8000030517578,141.80999755859375,130.08245849609375,4232500
2020-05-04,140.6699981689453,142.4499969482422,139.91000366210938,142.35000610351562,130.5777587890625,4741200
2020-05-05,144.0800018310547,145.33999633789062,143.4600067138672,143.6699981689453,131.7886199951172,3665900
2020-05-06,144.61000061035156,144.8699951171875,142.6999969482422,142.8800048828125,131.06394958496094,3927300
2020-05-07,144.6999969482422,145.75999450683594,144.39999389648438,144.75,132.77932739257812,3796300
2020-05-08,146.4499969482422,147.6300048828125,145.8800048828125,147.47000122070312,135.27438354492188,4248400
2020-05-11,146.22000122070312,148.2100067138672,146.02999877929688,147.49000549316406,135.29270935058594,4240900
2020-05-12,148.0800018310547,148.30999755859375,144.1999969482422,144.35000610351562,132.41241455078125,4864400
2020-05-13,143.89999389648438,144.30999755859375,140.02000427246094,141.4499969482422,129.75218200683594,5862100
2020-05-14,139.85000610351562,143.08999633789062,138.3699951171875,142.97000122070312,131.14649963378906,7561000
2020-05-15,141.77000427246094,143.86000061035156,141.19000244140625,143.8300018310547,131.93540954589844,3845600
2020-05-18,147.52999877929688,149.41000366210938,147.25,148.60000610351562,136.3109130859375,4557800
2020-05-19,148.36000061035156,149.3000030517578,147.02000427246094,147.02000427246094,134.86158752441406,3180900
2020-05-20,149.1699981689453,150.19000244140625,148.91000366210938,149.74000549316406,137.3566436767578,3894000
2020-05-21,149.60000610351562,150.1300048828125,148.02000427246094,148.83999633789062,136.5310821533203,3419200
2020-05-22,148.75999450683594,149.27999877929688,147.97000122070312,149.25999450683594,136.91632080078125,3003000
2020-05-26,152.83999633789062,152.88999938964844,151.11000061035156,151.33999633789062,138.82431030273438,4197500
2020-05-27,153.0,153.72999572753906,150.02000427246094,153.72999572753906,141.01666259765625,5077700
2020-05-28,154.41000366210938,155.19000244140625,152.72999572753906,153.1999969482422,140.53045654296875,4601500
2020-05-29,152.8000030517578,154.1300048828125,151.41000366210938,153.7100067138672,140.9983367919922,4776100
2020-06-01,153.6199951171875,155.08999633789062,153.27000427246094,154.75,141.95230102539062,3478900
2020-06-02,155.1999969482422,156.0,154.42999267578125,155.9199981689453,143.0255126953125,4157200
2020-06-03,157.1999969482422,158.8000030517578,157.00999450683594,158.35000610351562,145.25460815429688,9496400
2020-06-04,157.7100067138672,158.64999389648438,156.6199951171875,157.85000610351562,144.79595947265625,5629200
2020-06-05,161.39999389648438,163.0800018310547,161.0,161.89999389648438,148.51100158691406,4373400
2020-06-08,162.89999389648438,164.1999969482422,162.32000732421875,164.10000610351562,150.5290985107422,5851300
2020-06-09,162.64999389648438,163.47999572753906,161.8800048828125,162.60000610351562,149.15316772460938,3200400
2020-06-10,162.80999755859375,163.25,161.00999450683594,161.38999938964844,148.043212890625,4292900
2020-06-11,156.91000366210938,157.6999969482422,151.6300048828125,151.8699951171875,139.3105010986328,12504600
2020-06-12,156.49000549316406,156.49000549316406,150.8300018310547,153.97000122070312,141.23681640625,6882100
2020-06-15,150.55999755859375,156.16000366210938,149.85000610351562,155.6199951171875,142.7503662109375,4859200
2020-06-16,160.1199951171875,160.1199951171875,155.91000366210938,158.61000061035156,145.49307250976562,4581200
2020-06-17,159.13999938964844,159.2100067138672,157.41000366210938,157.83999633789062,144.78675842285156,3702200
2020-06-18,156.94000244140625,158.3000030517578,156.42999267578125,157.97000122070312,144.90606689453125,2797800
2020-06-19,159.86000061035156,159.8800048828125,156.2899932861328,157.0800018310547,144.08963012695312,3824900
2020-06-22,156.9499969482422,158.3000030517578,156.0500030517578,158.1699981689453,145.08949279785156,2561300
2020-06-23,159.6300048828125,159.97999572753906,158.5500030517578,158.7899932861328,145.65821838378906,2555100
2020-06-24,157.6300048828125,157.91000366210938,153.41000366210938,154.47999572753906,141.70465087890625,3729100
2020-06-25,153.42999267578125,155.77000427246094,152.41000366210938,155.63999938964844,143.41856384277344,4029200
2020-06-26,154.97999572753906,155.1699981689453,151.72999572753906,152.02000427246094,140.0828094482422,3508500
2020-06-29,152.6999969482422,154.27999877929688,151.35000610351562,154.25,142.1377410888672,3161600
2020-06-30,154.47999572753906,157.22000122070312,154.07000732421875,156.52999877929688,144.23870849609375,4317400
2020-07-01,156.89999389648438,158.0399932861328,156.61000061035156,157.44000244140625,145.07723999023438,3640900
2020-07-02,159.3000030517578,160.07000732421875,157.86000061035156,158.07000732421875,145.6577606201172,3181600
2020-07-06,160.5,161.02999877929688,159.86000061035156,160.55999755859375,147.95225524902344,3307600
2020-07-07,159.7899932861328,160.8800048828125,158.72999572753906,158.92999267578125,146.45021057128906,2357400
2020-07-08,159.30999755859375,160.27999877929688,158.3699951171875,160.22999572753906,147.64817810058594,2434900
2020-07-09,160.55999755859375,160.6999969482422,157.27999877929688,159.24000549316406,146.73590087890625,2465200
2020-07-10,159.1699981689453,161.00999450683594,158.42999267578125,160.9499969482422,148.31161499023438,2391800
2020-07-13,162.0800018310547,163.5500030517578,158.8800048828125,159.2100067138672,146.708251953125,4694700
2020-07-14,158.5,161.4199981689453,157.74000549316406,161.3000030517578,148.6341094970703,3221300
2020-07-15,163.3300018310547,163.63999938964844,161.6699981689453,163.3000030517578,150.4771270751953,3747800
2020-07-16,162.16000366210938,162.8000030517578,161.67999267578125,162.57000732421875,149.80441284179688,2190700
2020-07-17,163.08999633789062,163.50999450683594,162.07000732421875,163.19000244140625,150.37574768066406,2141100
2020-07-20,163.02000427246094,164.86000061035156,162.60000610351562,164.44000244140625,151.52761840820312,3113200
2020-07-21,165.63999938964844,165.89999389648438,164.3699951171875,164.91000366210938,151.9606475830078,2345600
2020-07-22,164.58999633789062,165.94000244140625,164.58999633789062,165.77000427246094,152.7531280517578,2723200
2020-07-23,165.61000061035156,166.1999969482422,163.0800018310547,163.9600067138672,151.0852813720703,3114900
2020-07-24,162.8300018310547,163.39999389648438,161.89999389648438,162.69000244140625,149.9149932861328,2360800
2020-07-27,163.05999755859375,164.10000610351562,162.6300048828125,164.08999633789062,151.20504760742188,2423500
2020-07-28,163.6199951171875,164.22999572753906,162.77999877929688,162.88999938964844,150.09930419921875,1904900
2020-07-29,163.4600067138672,165.42999267578125,163.4600067138672,165.0500030517578,152.08969116210938,2153300
2020-07-30,163.44000244140625,164.8699951171875,162.41000366210938,164.67999267578125,151.7487030029297,2473300
2020-07-31,165.5399932861328,165.6199951171875,162.9600067138672,165.52000427246094,152.52276611328125,3159700
2020-08-03,166.47000122070312,167.3000030517578,166.14999389648438,166.9600067138672,153.8496856689453,4341600
2020-08-04,166.61000061035156,167.6199951171875,166.52999877929688,167.6199951171875,154.4578857421875,2811700
2020-08-05,168.47999572753906,168.9199981689453,168.3000030517578,168.83999633789062,155.5820770263672,2683000
2020-08-06,168.6199951171875,169.77999877929688,168.27999877929688,169.66000366210938,156.3376922607422,2150900
2020-08-07,169.22000122070312,169.9499969482422,168.60000610351562,169.8000030517578,156.4667205810547,2194200
2020-08-10,170.02999877929688,170.38999938964844,169.0500030517578,170.27000427246094,156.89981079101562,2496700
2020-08-11,171.0,171.3300018310547,168.47999572753906,168.89999389648438,155.63731384277344,3124600
2020-08-12,170.3699951171875,171.52000427246094,170.33999633789062,171.16000366210938,157.71990966796875,3364900
2020-08-13,170.7899932861328,171.75,170.47999572753906,171.02999877929688,157.60009765625,2247200
2020-08-14,170.72000122070312,171.3000030517578,170.3800048828125,170.97999572753906,157.5540313720703,2213900
2020-08-17,171.42999267578125,171.86000061035156,171.38999938964844,171.7100067138672,158.2267303466797,3422400
2020-08-18,172.0,172.27000427246094,170.97999572753906,171.97000122070312,158.46629333496094,3551400
2020-08-19,172.1699981689453,172.5,170.99000549316406,171.3000030517578,157.8489227294922,2291000
2020-08-20,170.25999450683594,172.05999755859375,170.19000244140625,171.7899932861328,158.3004150390625,2184400
2020-08-21,171.5399932861328,172.3000030517578,171.41000366210938,172.22000122070312,158.69668579101562,2284500
2020-08-24,173.50999450683594,173.8699951171875,172.8699951171875,173.8699951171875,160.2171173095703,2467500
2020-08-25,174.22000122070312,174.47000122070312,173.4199981689453,174.4499969482422,160.75155639648438,5162700
2020-08-26,174.72999572753906,176.17999267578125,174.47999572753906,176.02999877929688,162.20750427246094,2441100
2020-08-27,176.52000427246094,177.2899932861328,175.52999877929688,176.4499969482422,162.59454345703125,3435300
2020-08-28,177.17999267578125,177.7100067138672,176.5399932861328,177.67999267578125,163.72793579101562,4163100
2020-08-31,177.66000366210938,178.13999938964844,176.9499969482422,177.27999877929688,163.3593292236328,3189600
2020-09-01,177.69000244140625,178.99000549316406,177.1699981689453,178.85000610351562,164.80606079101562,2877700
2020-09-02,180.0,181.6699981689453,179.00999450683594,181.24000549316406,167.00839233398438,4021900
2020-09-03,180.0,180.49000549316406,173.50999450683594,174.94000244140625,161.2030792236328,5341400
2020-09-04,175.33999633789062,176.13999938964844,169.1999969482422,173.4499969482422,159.83009338378906,4379900
2020-09-08,170.3000030517578,171.0399932861328,168.36000061035156,168.5800018310547,155.3424835205078,3976000
2020-09-09,170.8300018310547,173.13999938964844,170.3300018310547,171.8800048828125,158.3833465576172,4290400
2020-09-10,173.05999755859375,173.49000549316406,168.60000610351562,169.05999755859375,155.78477478027344,3507600
2020-09-11,170.24000549316406,170.55999755859375,167.5,169.1199951171875,155.84007263183594,3407700
2020-09-14,171.0,172.3699951171875,170.60000610351562,171.75999450683594,158.27276611328125,3080800
2020-09-15,173.1999969482422,173.63999938964844,172.11000061035156,172.74000549316406,159.17584228515625,2129700
2020-09-16,173.4600067138672,174.3800048828125,172.07000732421875,172.1699981689453,158.65057373046875,2826900
2020-09-17,169.55999755859375,171.5399932861328,169.22000122070312,170.75,157.34207153320312,2780400
2020-09-18,171.2100067138672,171.2100067138672,167.52999877929688,169.08999633789062,155.8124542236328,3178000
2020-09-21,166.47000122070312,167.05999755859375,164.27000427246094,167.0500030517578,153.93263244628906,4175300
2020-09-22,167.75999450683594,168.92999267578125,166.3699951171875,168.7100067138672,155.4622802734375,2090900
2020-09-23,169.0,169.1300048828125,164.35000610351562,164.63999938964844,151.7118682861328,2071400
2020-09-24,163.9199981689453,166.69000244140625,162.85000610351562,164.99000549316406,152.0343780517578,3792200
2020-09-25,163.77999877929688,167.44000244140625,163.52999877929688,166.9600067138672,154.48080444335938,2986000
2020-09-28,169.32000732421875,170.3000030517578,168.88999938964844,169.99000549316406,157.28431701660156,3291300
2020-09-29,169.83999633789062,170.22999572753906,168.69000244140625,169.0399932861328,156.40528869628906,2120600
2020-09-30,169.50999450683594,171.97000122070312,169.25,170.30999755859375,157.58038330078125,4786400
2020-10-01,171.72000122070312,172.25,170.61000061035156,171.72999572753906,158.89419555664062,3234100
2020-10-02,168.64999389648438,171.30999755859375,168.22999572753906,170.38999938964844,157.65440368652344,2325600
2020-10-05,171.61000061035156,173.52999877929688,171.3300018310547,173.4600067138672,160.49496459960938,2574200
2020-10-06,173.72999572753906,174.97999572753906,171.00999450683594,171.32000732421875,158.51487731933594,2803300
2020-10-07,172.99000549316406,174.72999572753906,172.94000244140625,174.30999755859375,161.2814178466797,1952400
2020-10-08,175.52999877929688,175.88999938964844,174.8800048828125,175.83999633789062,162.69705200195312,2335200
2020-10-09,176.89999389648438,177.6300048828125,176.44000244140625,177.32000732421875,164.06646728515625,2489200
2020-10-12,178.64999389648438,180.63999938964844,178.41000366210938,179.9499969482422,166.49986267089844,2895800
2020-10-13,179.6699981689453,179.82000732421875,178.42999267578125,179.0,165.620849609375,2448900
2020-10-14,179.1999969482422,179.9199981689453,177.49000549316406,177.80999755859375,164.51980590820312,2155600
2020-10-15,175.61000061035156,178.07000732421875,175.16000366210938,177.8699951171875,164.5753173828125,2865300
2020-10-16,178.47999572753906,179.30999755859375,177.5500030517578,177.5500030517578,164.2792205810547,1910200
2020-10-19,178.30999755859375,179.25,174.6199951171875,175.00999450683594,161.92909240722656,2713800
2020-10-20,175.89999389648438,177.36000061035156,175.24000549316406,175.6199951171875,162.49346923828125,2622900
2020-10-21,175.66000366210938,176.72000122070312,175.02000427246094,175.02000427246094,161.93832397460938,3237200
2020-10-22,175.3300018310547,176.55999755859375,174.1199951171875,176.25999450683594,163.0856475830078,3762200
2020-10-23,176.80999755859375,176.9499969482422,175.4600067138672,176.83999633789062,163.62229919433594,2412700
2020-10-26,175.0399932861328,175.49000549316406,171.60000610351562,173.6300048828125,160.65225219726562,3873600
2020-10-27,173.8300018310547,174.02000427246094,172.82000732421875,172.92999267578125,160.00454711914062,2525200
2020-10-28,169.89999389648438,170.22999572753906,167.00999450683594,167.1999969482422,154.70286560058594,4617500
2020-10-29,167.5,170.47000122070312,166.5,168.77999877929688,156.1647491455078,3101000
2020-10-30,167.88999938964844,168.75,165.02000427246094,166.99000549316406,154.508544921875,3990400
2020-11-02,168.7899932861328,169.80999755859375,167.16000366210938,168.72999572753906,156.11846923828125,3741600
2020-11-03,170.6999969482422,172.9600067138672,170.33999633789062,171.97000122070312,159.11630249023438,4096000
2020-11-04,174.16000366210938,177.85000610351562,173.69000244140625,175.72000122070312,162.58604431152344,3632100
2020-11-05,178.6699981689453,180.0800018310547,178.41000366210938,179.35000610351562,165.94471740722656,3678100
2020-11-06,179.17999267578125,179.8000030517578,178.0800018310547,179.25999450683594,165.86143493652344,3222100
2020-11-09,187.52000427246094,187.52000427246094,181.1199951171875,181.38999938964844,167.83221435546875,5549800
2020-11-10,181.00999450683594,181.69000244140625,179.08999633789062,181.08999633789062,167.5546417236328,5609200
2020-11-11,182.42999267578125,182.89999389648438,181.58999633789062,182.55999755859375,168.914794921875,2878800
2020-11-12,181.9499969482422,182.39999389648438,179.6999969482422,180.75999450683594,167.24928283691406,3325700
2020-11-13,181.8800048828125,183.63999938964844,181.5800018310547,183.32000732421875,169.61801147460938,4769900
2020-11-16,185.5399932861328,185.61000061035156,184.08999633789062,185.55999755859375,171.6905517578125,6214800
2020-11-17,184.75999450683594,185.69000244140625,183.61000061035156,185.13999938964844,171.30194091796875,5733100
2020-11-18,185.4499969482422,185.75,183.1699981689453,183.17999267578125,169.48843383789062,3281900
2020-11-19,183.0,184.35000610351562,182.2100067138672,184.1999969482422,170.43215942382812,3038500
2020-11-20,184.1699981689453,184.1699981689453,183.16000366210938,183.22999572753906,169.53469848632812,2785700
2020-11-23,184.2899932861328,185.1999969482422,183.3699951171875,184.72999572753906,170.92254638671875,4390900
2020-11-24,186.2899932861328,187.82000732421875,185.60000610351562,187.58999633789062,173.56881713867188,5378100
2020-11-25,187.4499969482422,187.67999267578125,186.57000732421875,187.52000427246094,173.5040283203125,3459400
2020-11-27,188.1300048828125,188.3699951171875,187.67999267578125,188.17999267578125,174.11468505859375,1742500
2020-11-30,188.05999755859375,188.1300048828125,185.5399932861328,186.6999969482422,172.74534606933594,3721800
2020-12-01,189.1699981689453,189.8000030517578,188.64999389648438,189.07000732421875,174.9381866455078,3867300
2020-12-02,188.44000244140625,189.2899932861328,187.8000030517578,189.22999572753906,175.0862274169922,3831400
2020-12-03,189.32000732421875,190.3000030517578,189.02000427246094,189.61000061035156,175.43780517578125,4408600
2020-12-04,190.0,191.50999450683594,189.99000549316406,191.50999450683594,177.19583129882812,4401400
2020-12-07,191.3000030517578,191.5,190.6199951171875,191.3000030517578,177.00149536132812,4319700
2020-12-08,190.63999938964844,192.38999938964844,190.60000610351562,192.1300048828125,177.76950073242188,3449000
2020-12-09,192.5399932861328,192.63999938964844,189.50999450683594,190.24000549316406,176.020751953125,4470500
2020-12-10,189.3300018310547,190.91000366210938,188.7100067138672,190.52000427246094,176.27980041503906,3223500
2020-12-11,189.55999755859375,190.3699951171875,188.60000610351562,190.17999267578125,175.9652099609375,3463000
2020-12-14,191.69000244140625,192.19000244140625,189.5800018310547,189.63999938964844,175.46559143066406,3530500
2020-12-15,191.19000244140625,192.27000427246094,190.3800048828125,192.24000549316406,177.87130737304688,3226100
2020-12-16,192.47000122070312,192.99000549316406,191.88999938964844,192.50999450683594,178.12106323242188,2983900
2020-12-17,193.4199981689453,194.02000427246094,193.2100067138672,194.02000427246094,179.51821899414062,4132800
2020-12-18,194.3800048828125,194.47000122070312,192.2100067138672,193.47000122070312,179.00933837890625,4542100
2020-12-21,191.60000610351562,193.35000610351562,189.82000732421875,192.91000366210938,178.49118041992188,5011900
2020-12-22,193.30999755859375,193.47999572753906,192.2100067138672,192.9499969482422,178.52816772460938,4336000
2020-12-23,193.64999389648438,194.22000122070312,193.16000366210938,193.27999877929688,178.83349609375,3451400
2020-12-24,192.8800048828125,193.0,192.24000549316406,192.82000732421875,179.13270568847656,1744000
2020-12-28,194.58999633789062,194.60000610351562,193.8000030517578,194.0399932861328,180.2660369873047,3780500
2020-12-29,194.86000061035156,194.9499969482422,192.82000732421875,193.22999572753906,179.51356506347656,4606200
2020-12-30,193.89999389648438,194.3800048828125,193.61000061035156,193.75,179.99667358398438,4314000
2020-12-31,193.75,194.8699951171875,193.25,194.63999938964844,180.82351684570312,3746400
2021-01-04,195.38999938964844,195.42999267578125,189.75999450683594,191.8699951171875,178.2500762939453,8825800
2021-01-05,191.49000549316406,193.9499969482422,191.4199981689453,193.4199981689453,179.6900634765625,3894000
2021-01-06,192.5,196.88999938964844,192.4600067138672,195.16000366210938,181.30654907226562,6175700
2021-01-07,196.4199981689453,198.6199951171875,196.39999389648438,198.2899932861328,184.21434020996094,4830900
2021-01-08,199.13999938964844,199.4600067138672,196.97999572753906,199.25,185.1062469482422,7538700
2021-01-11,197.4199981689453,199.05999755859375,197.22000122070312,198.05999755859375,184.00067138671875,3858600
2021-01-12,198.3699951171875,198.99000549316406,197.33999633789062,198.75999450683594,184.65101623535156,3874100
2021-01-13,198.72999572753906,199.5800018310547,198.0500030517578,198.97999572753906,184.8553924560547,3465800
2021-01-14,199.5500030517578,200.02999877929688,198.52000427246094,198.7899932861328,184.6788787841797,4289000
2021-01-15,197.9600067138672,198.25,195.97999572753906,197.05999755859375,183.07168579101562,3444800
2021-01-19,198.66000366210938,199.0399932861328,197.8300018310547,198.86000061035156,184.74391174316406,4153700
2021-01-20,200.0800018310547,201.75999450683594,199.97000122070312,201.3699951171875,187.07571411132812,5224900
2021-01-21,201.85000610351562,202.0,200.77999877929688,201.22000122070312,186.93638610839844,2960600
2021-01-22,200.25999450683594,201.30999755859375,199.9600067138672,200.88999938964844,186.6298065185547,3045900
2021-01-25,201.27000427246094,201.9499969482422,198.35000610351562,201.4600067138672,187.15933227539062,5323200
2021-01-26,201.88999938964844,202.33999633789062,200.67999267578125,200.72999572753906,186.48118591308594,4046900
2021-01-27,199.0500030517578,199.0800018310547,194.64999389648438,195.91000366210938,182.00332641601562,6727700
2021-01-28,196.83999633789062,199.67999267578125,196.74000549316406,197.4499969482422,183.4340057373047,5310100
2021-01-29,196.74000549316406,197.25,192.82000732421875,193.99000549316406,180.21963500976562,8315700
2021-02-01,195.8800048828125,197.72999572753906,194.52999877929688,197.3000030517578,183.29466247558594,3900700
2021-02-02,199.1999969482422,200.9600067138672,199.0500030517578,200.1300048828125,185.92376708984375,3278700
2021-02-03,200.82000732421875,201.25999450683594,199.58999633789062,200.42999267578125,186.2024688720703,2905600
2021-02-04,201.16000366210938,202.97000122070312,201.02999877929688,202.97000122070312,188.5621795654297,2746400
2021-02-05,204.1199951171875,204.2899932861328,203.16000366210938,204.11000061035156,189.62123107910156,3127200
2021-02-08,205.19000244140625,205.97999572753906,204.77999877929688,205.94000244140625,191.32135009765625,3676700
2021-02-09,205.60000610351562,206.4499969482422,205.25,206.02000427246094,191.3956756591797,3384800
2021-02-10,207.07000732421875,207.22000122070312,204.4499969482422,205.92999267578125,191.31204223632812,3682400
2021-02-11,206.6999969482422,206.94000244140625,204.82000732421875,206.4199981689453,191.76730346679688,2630000
2021-02-12,205.88999938964844,207.50999450683594,205.8000030517578,207.49000549316406,192.76133728027344,2416700
2021-02-16,208.30999755859375,208.38999938964844,206.52000427246094,207.1199951171875,192.41757202148438,4955700
2021-02-17,206.02000427246094,206.89999389648438,205.0399932861328,206.69000244140625,192.01808166503906,4484000
2021-02-18,205.22999572753906,206.08999633789062,204.00999450683594,205.5,190.91258239746094,3658900
2021-02-19,206.42999267578125,207.02999877929688,205.64999389648438,205.97000122070312,191.34915161132812,4921800
2021-02-22,204.72000122070312,205.52999877929688,203.91000366210938,204.00999450683594,189.5283203125,4400300
2021-02-23,202.5500030517578,204.67999267578125,199.36000061035156,203.97999572753906,189.50047302246094,5707900
2021-02-24,203.60000610351562,206.47999572753906,202.77999877929688,206.27000427246094,191.62791442871094,3722800
2021-02-25,205.74000549316406,206.3800048828125,200.0,200.8800048828125,186.6204833984375,7581100
2021-02-26,201.99000549316406,202.69000244140625,198.5500030517578,200.0800018310547,185.87733459472656,6324600
2021-03-01,203.14999389648438,205.85000610351562,203.07000732421875,205.22000122070312,190.65245056152344,4691800
2021-03-02,205.5,205.5500030517578,203.1699981689453,203.2899932861328,188.85940551757812,4859000
2021-03-03,203.22000122070312,203.5399932861328,200.17999267578125,200.36000061035156,186.13746643066406,4334000
2021-03-04,200.0399932861328,201.24000549316406,194.52000427246094,197.19000244140625,183.1924591064453,7198800
2021-03-05,199.3699951171875,201.2100067138672,194.11000061035156,200.75,186.499755859375,6614800
2021-03-08,201.44000244140625,202.88999938964844,199.57000732421875,199.77000427246094,185.58934020996094,4281400
2021-03-09,202.22999572753906,204.35000610351562,201.7100067138672,202.8699951171875,188.4692840576172,4116100
2021-03-10,204.5500030517578,205.27000427246094,203.61000061035156,204.32000732421875,189.8163299560547,4133800
2021-03-11,206.0800018310547,207.8300018310547,205.7100067138672,206.99000549316406,192.29681396484375,4102700
2021-03-12,206.16000366210938,207.4600067138672,205.5500030517578,207.39999389648438,192.6776885986328,4069000
2021-03-15,207.72999572753906,208.89999389648438,206.38999938964844,208.85000610351562,194.0247802734375,3421900
2021-03-16,209.13999938964844,209.3000030517578,207.36000061035156,208.00999450683594,193.24441528320312,4599900
2021-03-17,207.30999755859375,209.2899932861328,206.36000061035156,208.8000030517578,193.9783172607422,3347000
2021-03-18,207.4499969482422,208.44000244140625,204.77000427246094,205.0,190.44808959960938,3641900
2021-03-19,205.13999938964844,206.14999389648438,203.57000732421875,205.25999450683594,190.68960571289062,3871000
2021-03-22,205.8800048828125,207.25999450683594,205.3800048828125,206.3699951171875,191.72076416015625,3603900
2021-03-23,206.19000244140625,206.44000244140625,203.63999938964844,204.02000427246094,189.53759765625,4764800
2021-03-24,205.1699981689453,205.85000610351562,202.3300018310547,202.3300018310547,187.96759033203125,4014500
2021-03-25,200.9199981689453,203.66000366210938,199.5,203.14999389648438,189.3583526611328,4976800
2021-03-26,204.11000061035156,206.63999938964844,203.24000549316406,206.47000122070312,192.45289611816406,3554900
2021-03-29,205.58999633789062,206.36000061035156,204.24000549316406,205.5,191.5487823486328,4562900
2021-03-30,205.1699981689453,205.88999938964844,204.2899932861328,205.44000244140625,191.49285888671875,3960500
2021-03-31,206.0500030517578,207.6199951171875,206.0,206.69000244140625,192.65798950195312,5494800
2021-04-01,207.99000549316406,209.3000030517578,207.55999755859375,209.27999877929688,195.07211303710938,4543300
2021-04-05,210.85000610351562,211.9600067138672,210.55999755859375,211.72000122070312,197.3464813232422,5941400
2021-04-06,211.69000244140625,212.49000549316406,211.41000366210938,211.8000030517578,197.42108154296875,4029900
2021-04-07,211.7899932861328,212.1199951171875,211.08999633789062,211.6199951171875,197.2532501220703,3299100
2021-04-08,212.5399932861328,212.85000610351562,211.77000427246094,212.85000610351562,198.39979553222656,3628900
2021-04-09,212.85000610351562,214.25,212.6199951171875,214.13999938964844,199.6021728515625,3559100
2021-04-12,214.05999755859375,214.3699951171875,213.3300018310547,214.1999969482422,199.6581573486328,3882800
2021-04-13,214.36000061035156,215.27999877929688,214.0,214.8000030517578,200.2173614501953,4056900
2021-04-14,215.05999755859375,215.8699951171875,214.0399932861328,214.32000732421875,199.7699737548828,3765600
2021-04-15,215.72999572753906,216.6699981689453,215.4600067138672,216.60000610351562,201.8951873779297,5439600
2021-04-16,217.4600067138672,217.47000122070312,216.32000732421875,217.14999389648438,202.4078369140625,4306000
2021-04-19,216.72999572753906,216.91000366210938,215.0,215.72999572753906,201.08425903320312,3986900
2021-04-20,215.22000122070312,215.5399932861328,212.9199981689453,213.75,199.23867797851562,5210300
2021-04-21,213.64999389648438,216.3300018310547,213.25,216.3000030517578,201.6156005859375,3167900
2021-04-22,216.4499969482422,217.0399932861328,213.8800048828125,214.61000061035156,200.04029846191406,4394800
2021-04-23,215.0800018310547,217.8699951171875,214.97000122070312,217.2100067138672,202.4637908935547,4374300
2021-04-26,217.74000549316406,218.27000427246094,217.4499969482422,218.0,203.20013427734375,3202500
2021-04-27,218.3000030517578,218.3300018310547,217.35000610351562,217.89999389648438,203.10691833496094,2670000
2021-04-28,218.07000732421875,218.63999938964844,217.6199951171875,217.8699951171875,203.0789337158203,2603900
2021-04-29,219.60000610351562,219.64999389648438,216.94000244140625,218.6999969482422,203.85263061523438,4178800
2021-04-30,217.50999450683594,218.1699981689453,216.75,217.10000610351562,202.3612518310547,3256600
2021-05-03,218.57000732421875,218.57000732421875,217.3000030517578,217.47999572753906,202.71543884277344,3846300
2021-05-04,216.47999572753906,216.5399932861328,213.80999755859375,215.85000610351562,201.19610595703125,4900000
2021-05-05,216.94000244140625,216.94000244140625,215.27999877929688,215.80999755859375,201.15878295898438,2032600
2021-05-06,215.77999877929688,216.9499969482422,214.0800018310547,216.91000366210938,202.18414306640625,4131200
2021-05-07,217.39999389648438,218.99000549316406,217.10000610351562,218.75,203.89920043945312,3868100
2021-05-10,218.88999938964844,218.89999389648438,216.0500030517578,216.17999267578125,201.50369262695312,4443800
2021-05-11,213.2899932861328,214.91000366210938,212.02000427246094,214.44000244140625,199.88185119628906,5959900
2021-05-12,212.94000244140625,213.6300048828125,209.2100067138672,209.61000061035156,195.3797149658203,5788400
2021-05-13,210.3800048828125,212.9199981689453,210.3300018310547,211.9199981689453,197.53292846679688,4970900
2021-05-14,213.5500030517578,215.9600067138672,213.5,215.5399932861328,200.9071502685547,4292600
2021-05-17,214.89999389648438,215.3800048828125,213.74000549316406,215.0800018310547,200.47837829589844,4063200
2021-05-18,215.25,215.6300048828125,213.33999633789062,213.39999389648438,198.91246032714844,3173100
2021-05-19,210.57000732421875,212.77999877929688,209.75,212.77999877929688,198.3345489501953,6015000
2021-05-20,213.2100067138672,215.66000366210938,213.17999267578125,215.08999633789062,200.48768615722656,3478300
2021-05-21,216.0800018310547,216.74000549316406,214.7100067138672,214.97000122070312,200.37586975097656,3623300
2021-05-24,216.24000549316406,217.6999969482422,215.9199981689453,217.13999938964844,202.39854431152344,2873700
2021-05-25,217.83999633789062,218.02000427246094,216.1999969482422,216.5399932861328,201.83926391601562,3700600
2021-05-26,216.97999572753906,217.55999755859375,216.47999572753906,217.32000732421875,202.56626892089844,3258100
2021-05-27,218.0,218.24000549316406,217.58999633789062,217.72000122070312,202.93914794921875,2617200
2021-05-28,218.60000610351562,218.72999572753906,218.02999877929688,218.08999633789062,203.2840118408203,2635700
2021-06-01,219.52999877929688,219.52999877929688,217.80999755859375,218.17999267578125,203.367919921875,3805700
2021-06-02,218.6199951171875,218.82000732421875,217.88999938964844,218.47000122070312,203.6382598876953,3599400
2021-06-03,217.3000030517578,218.0500030517578,216.0800018310547,217.5,202.73406982421875,2967000
2021-06-04,218.57000732421875,219.47999572753906,218.4600067138672,219.38999938964844,204.49578857421875,2287100
2021-06-07,219.5500030517578,219.67999267578125,219.02999877929688,219.57000732421875,204.6636199951172,2762800
2021-06-08,220.02999877929688,220.27999877929688,218.66000366210938,220.02000427246094,205.08302307128906,2831700
2021-06-09,220.41000366210938,220.5,219.35000610351562,219.39999389648438,204.50511169433594,2688600
2021-06-10,220.2100067138672,220.89999389648438,219.19000244140625,220.3699951171875,205.4092559814453,2936700
2021-06-11,220.77999877929688,221.02000427246094,220.1300048828125,221.02000427246094,206.01510620117188,2837200
2021-06-14,221.1999969482422,221.38999938964844,220.3800048828125,221.36000061035156,206.33201599121094,3189400
2021-06-15,221.49000549316406,221.52999877929688,220.1699981689453,220.77999877929688,205.79144287109375,3094000
2021-06-16,220.97000122070312,220.97000122070312,218.3800048828125,219.67999267578125,204.76611328125,3459600
2021-06-17,219.44000244140625,220.05999755859375,217.9499969482422,219.47000122070312,204.5703582763672,3002900
2021-06-18,217.99000549316406,218.14999389648438,216.52999877929688,216.75,202.03500366210938,4538300
2021-06-21,217.6699981689453,219.8000030517578,217.0800018310547,219.74000549316406,204.82203674316406,3870000
2021-06-22,219.85000610351562,221.35000610351562,219.17999267578125,220.99000549316406,205.9871826171875,2684300
2021-06-23,221.10000610351562,221.58999633789062,220.80999755859375,220.89999389648438,205.90325927734375,2662200
2021-06-24,221.50999450683594,221.8699951171875,221.2899932861328,221.72000122070312,207.301025390625,2931600
2021-06-25,222.25999450683594,222.6999969482422,221.91000366210938,222.5500030517578,208.0771026611328,2801300
2021-06-28,222.99000549316406,222.99000549316406,221.86000061035156,222.8000030517578,208.31080627441406,3094900
2021-06-29,223.30999755859375,223.39999389648438,222.47000122070312,222.80999755859375,208.32015991210938,4068000
2021-06-30,222.69000244140625,223.14999389648438,222.4600067138672,222.82000732421875,208.32952880859375,3041700
2021-07-01,223.39999389648438,224.05999755859375,223.10000610351562,224.02999877929688,209.4608154296875,3836000
2021-07-02,224.7100067138672,225.41000366210938,224.30999755859375,225.27000427246094,210.62017822265625,3026400
2021-07-06,225.3800048828125,225.52000427246094,223.16000366210938,224.77999877929688,210.1620330810547,4147200
2021-07-07,225.0800018310547,225.36000061035156,223.52000427246094,225.0800018310547,210.44253540039062,4042200
2021-07-08,221.92999267578125,223.72000122070312,221.13999938964844,223.17999267578125,208.66604614257812,4486100
2021-07-09,224.16000366210938,225.97999572753906,224.02000427246094,225.8800048828125,211.1905517578125,3886600
2021-07-12,225.9499969482422,226.61000061035156,225.47000122070312,226.50999450683594,211.77951049804688,3294600
2021-07-13,226.10000610351562,226.52000427246094,225.1199951171875,225.25,210.60147094726562,4668400
2021-07-14,226.27000427246094,226.4600067138672,224.4199981689453,224.94000244140625,210.3116455078125,2830200
2021-07-15,224.4499969482422,224.75999450683594,222.86000061035156,224.14999389648438,209.57302856445312,3276500
2021-07-16,225.0,225.0,222.19000244140625,222.38999938964844,207.92745971679688,3203300
2021-07-19,219.80999755859375,219.80999755859375,217.82000732421875,219.22999572753906,204.9729766845703,6966200
2021-07-20,219.9499969482422,223.7100067138672,219.38999938964844,223.02000427246094,208.51649475097656,5362900
2021-07-21,223.75,225.02000427246094,223.5500030517578,225.02000427246094,210.38644409179688,2542500
2021-07-22,225.1999969482422,225.35000610351562,224.17999267578125,225.2100067138672,210.56407165527344,2236200
2021-07-23,226.25,227.61000061035156,225.8300018310547,227.4600067138672,212.66775512695312,2982700
2021-07-26,227.25,227.9199981689453,227.1300048828125,227.9199981689453,213.09783935546875,2849700
2021-07-27,227.3800048828125,227.42999267578125,224.97999572753906,226.69000244140625,211.94784545898438,4169600
2021-07-28,227.1199951171875,227.80999755859375,226.19000244140625,227.0399932861328,212.27505493164062,3306700
2021-07-29,227.5800018310547,228.75,227.5800018310547,228.0399932861328,213.21005249023438,2960900
2021-07-30,226.57000732421875,227.9199981689453,226.39999389648438,226.69000244140625,211.94784545898438,2846800
2021-08-02,227.85000610351562,228.10000610351562,226.19000244140625,226.3699951171875,211.64865112304688,3558100
2021-08-03,226.8300018310547,228.0,225.27999877929688,227.99000549316406,213.16329956054688,3245400
2021-08-04,227.19000244140625,227.69000244140625,226.75,226.97000122070312,212.20960998535156,3374500
2021-08-05,227.52000427246094,228.60000610351562,227.24000549316406,228.58999633789062,213.7242889404297,2461700
2021-08-06,228.92999267578125,229.30999755859375,228.38999938964844,228.8699951171875,213.986083984375,2343100
2021-08-09,228.86000061035156,229.0399932861328,228.02000427246094,228.77999877929688,213.9019317626953,3295500
2021-08-10,229.0,229.30999755859375,228.50999450683594,228.92999267578125,214.0421600341797,2946700
2021-08-11,229.44000244140625,229.49000549316406,228.41000366210938,229.3800048828125,214.46292114257812,3051400
2021-08-12,229.35000610351562,230.02000427246094,228.77000427246094,230.02000427246094,215.06124877929688,2746000
2021-08-13,230.22999572753906,230.25,229.75999450683594,230.14999389648438,215.1828155517578,2516000
2021-08-16,229.47999572753906,230.25,228.27999877929688,230.24000549316406,215.2669677734375,3193200
2021-08-17,228.72000122070312,229.0399932861328,226.77999877929688,228.52999877929688,213.66818237304688,3735100
2021-08-18,228.11000061035156,228.8300018310547,226.05999755859375,226.25,211.53643798828125,3194100
2021-08-19,224.72000122070312,226.82000732421875,224.39999389648438,226.0800018310547,211.37750244140625,3964500
2021-08-20,226.32000732421875,228.19000244140625,226.02000427246094,228.11000061035156,213.27548217773438,2655100
2021-08-23,229.07000732421875,230.74000549316406,228.77999877929688,230.32000732421875,215.34178161621094,3180600
2021-08-24,230.86000061035156,231.41000366210938,230.6699981689453,231.13999938964844,216.10842895507812,2772300
2021-08-25,231.38999938964844,232.02000427246094,230.97999572753906,231.8000030517578,216.72552490234375,2897000
2021-08-26,231.6199951171875,231.7899932861328,230.16000366210938,230.25,215.2763214111328,3352000
2021-08-27,230.8000030517578,232.94000244140625,230.6699981689453,232.72999572753906,217.5950469970703,3749800
2021-08-30,233.22000122070312,233.97000122070312,232.8000030517578,233.61000061035156,218.4178466796875,3194000
2021-08-31,233.55999755859375,233.6300048828125,232.77000427246094,233.1699981689453,218.00640869140625,3099400
2021-09-01,233.82000732421875,234.2100067138672,233.25,233.5800018310547,218.3897705078125,3533100
2021-09-02,234.30999755859375,234.64999389648438,233.67999267578125,234.3699951171875,219.12838745117188,3274600
2021-09-03,234.0,234.5,233.6300048828125,234.2899932861328,219.0535888671875,2484200
2021-09-07,234.2899932861328,234.3000030517578,233.02000427246094,233.27999877929688,218.10926818847656,3256800
2021-09-08,233.00999450683594,233.25999450683594,231.58999633789062,232.72999572753906,217.5950469970703,3027600
2021-09-09,232.6699981689453,233.64999389648438,231.75,231.9199981689453,216.83773803710938,3265900
2021-09-10,233.02999877929688,233.19000244140625,229.9600067138672,230.0800018310547,215.1173553466797,3385600
2021-09-13,231.50999450683594,231.74000549316406,229.3300018310547,230.60000610351562,215.6035919189453,3312700
2021-09-14,231.41000366210938,231.49000549316406,228.6199951171875,229.2100067138672,214.30393981933594,3158900
2021-09-15,229.4199981689453,231.33999633789062,228.72000122070312,231.10000610351562,216.07106018066406,2598900
2021-09-16,230.94000244140625,231.52000427246094,229.3000030517578,230.88999938964844,215.8747100830078,2537200
2021-09-17,230.5399932861328,230.8300018310547,228.64999389648438,229.0399932861328,214.14500427246094,3078200
2021-09-20,225.50999450683594,226.30999755859375,222.30999755859375,225.07000732421875,210.43321228027344,7749300
2021-09-21,226.50999450683594,227.02999877929688,224.4600067138672,225.0500030517578,210.41448974609375,4564400
2021-09-22,226.3300018310547,228.42999267578125,225.8300018310547,227.32000732421875,212.536865234375,4187300
2021-09-23,228.44000244140625,230.9499969482422,228.0500030517578,230.08999633789062,215.12673950195312,3778100
2021-09-24,228.5500030517578,229.9499969482422,228.19000244140625,229.63999938964844,215.38369750976562,3122800
2021-09-27,229.16000366210938,229.8699951171875,228.50999450683594,229.13999938964844,214.91477966308594,2856700
2021-09-28,227.64999389648438,227.7899932861328,224.0500030517578,224.33999633789062,210.41273498535156,5078600
2021-09-29,225.22000122070312,225.99000549316406,224.27999877929688,224.49000549316406,210.553466796875,4585500
2021-09-30,225.35000610351562,228.39999389648438,221.94000244140625,222.05999755859375,208.27427673339844,5080200
2021-10-01,223.10000610351562,225.6300048828125,221.02000427246094,225.1199951171875,211.1443328857422,5148600
2021-10-04,224.24000549316406,224.39999389648438,220.5399932861328,221.72999572753906,207.96473693847656,4984000
2021-10-05,222.42999267578125,224.99000549316406,222.10000610351562,223.8000030517578,209.90626525878906,3568200
2021-10-06,221.88999938964844,224.80999755859375,220.97999572753906,224.72999572753906,210.7785186767578,3076000
2021-10-07,226.5,228.36000061035156,226.11000061035156,226.88999938964844,212.80445861816406,3081300
2021-10-08,227.39999389648438,227.5500030517578,226.02000427246094,226.38999938964844,212.33546447753906,1922600
2021-10-11,226.07000732421875,227.58999633789062,224.67999267578125,224.75999450683594,210.8066864013672,2354900
2021-10-12,225.30999755859375,225.6999969482422,224.16000366210938,224.60000610351562,210.65660095214844,2898400
2021-10-13,225.1699981689453,226.02999877929688,223.64999389648438,225.6199951171875,211.61328125,3179500
2021-10-14,227.7100067138672,229.42999267578125,227.5,229.3699951171875,215.1304473876953,2688800
2021-10-15,230.69000244140625,231.16000366210938,230.27000427246094,230.72999572753906,216.40603637695312,2717900
2021-10-18,230.07000732421875,231.66000366210938,229.4499969482422,231.57000732421875,217.1938934326172,3078300
2021-10-19,232.5,233.27999877929688,232.11000061035156,233.25999450683594,218.7789764404297,2683100
2021-10-20,233.5500030517578,234.35000610351562,233.38999938964844,234.1699981689453,219.6324920654297,2838400
2021-10-21,233.91000366210938,234.9499969482422,233.6699981689453,234.80999755859375,220.23275756835938,2839800
2021-10-22,234.60000610351562,235.30999755859375,233.32000732421875,234.36000061035156,219.81069946289062,2144500
2021-10-25,235.07000732421875,235.9600067138672,234.10000610351562,235.8000030517578,221.1613006591797,2170100
2021-10-26,236.64999389648438,237.19000244140625,235.4600067138672,235.7100067138672,221.076904296875,2759900
2021-10-27,236.0500030517578,236.0800018310547,233.99000549316406,234.10000610351562,219.5668182373047,3409600
2021-10-28,234.94000244140625,236.60000610351562,234.77999877929688,236.60000610351562,221.91163635253906,2104900
2021-10-29,235.47999572753906,237.1300048828125,235.3699951171875,236.91000366210938,222.20237731933594,3565900
2021-11-01,237.75,238.1199951171875,236.72000122070312,238.08999633789062,223.30911254882812,3967500
2021-11-02,238.32000732421875,238.92999267578125,237.91000366210938,238.8300018310547,224.00320434570312,4004800
2021-11-03,238.69000244140625,240.72999572753906,238.3000030517578,240.52000427246094,225.58827209472656,3704400
2021-11-04,241.02999877929688,241.8000030517578,240.52999877929688,241.42999267578125,226.44175720214844,3557000
2021-11-05,242.75,243.50999450683594,241.38999938964844,242.36000061035156,227.31407165527344,3919400
2021-11-08,243.1699981689453,243.55999755859375,242.42999267578125,242.75999450683594,227.689208984375,3401400
2021-11-09,243.0399932861328,243.13999938964844,241.19000244140625,242.05999755859375,227.03262329101562,2764100
2021-11-10,241.13999938964844,241.9600067138672,238.72999572753906,239.67999267578125,224.80039978027344,3356500
2021-11-11,240.6699981689453,240.75999450683594,239.9600067138672,239.97000122070312,225.07240295410156,2277100
2021-11-12,240.63999938964844,242.0399932861328,240.2100067138672,241.75,226.74192810058594,2419900
2021-11-15,242.44000244140625,242.6699981689453,241.13999938964844,241.75,226.74192810058594,3630500
2021-11-16,241.66000366210938,243.3300018310547,241.41000366210938,242.7899932861328,227.71730041503906,2947400
2021-11-17,242.60000610351562,242.60000610351562,241.42999267578125,241.7899932861328,226.77943420410156,2809000
2021-11-18,242.3000030517578,242.44000244140625,240.52000427246094,242.1699981689453,227.13583374023438,3507700
2021-11-19,242.08999633789062,242.6199951171875,241.3300018310547,241.47999572753906,226.48867797851562,3353800
2021-11-22,242.33999633789062,243.60000610351562,240.25,240.32000732421875,225.40072631835938,3902900
2021-11-23,240.10000610351562,241.10000610351562,238.24000549316406,240.39999389648438,225.47569274902344,3826200
2021-11-24,239.13999938964844,241.2100067138672,238.6300048828125,241.2100067138672,226.23545837402344,2195400
2021-11-26,237.24000549316406,238.10000610351562,234.94000244140625,235.99000549316406,221.33950805664062,5730300
2021-11-29,238.47999572753906,239.27999877929688,236.52000427246094,238.2100067138672,223.42169189453125,4789200
2021-11-30,236.99000549316406,237.72999572753906,233.10000610351562,233.4499969482422,218.95713806152344,7231400
2021-12-01,236.41000366210938,237.8699951171875,229.8800048828125,230.16000366210938,215.87142944335938,5274700
2021-12-02,230.2100067138672,234.67999267578125,230.08999633789062,233.89999389648438,219.37925720214844,4257400
2021-12-03,234.8300018310547,235.27000427246094,229.02000427246094,231.19000244140625,216.83750915527344,5821900
2021-12-06,232.61000061035156,235.17999267578125,230.9499969482422,234.16000366210938,219.6230926513672,4210600
2021-12-07,237.55999755859375,239.6999969482422,237.33999633789062,239.1699981689453,224.32208251953125,4284700
2021-12-08,239.57000732421875,240.3800048828125,238.63999938964844,240.1999969482422,225.28814697265625,3417400
2021-12-09,239.52000427246094,239.89999389648438,237.77999877929688,237.91000366210938,223.1403045654297,2853800
2021-12-10,239.4199981689453,239.8699951171875,237.57000732421875,239.52999877929688,224.6597442626953,2610800
2021-12-13,239.5,239.60000610351562,237.13999938964844,237.35000610351562,222.6150665283203,5839100
2021-12-14,235.4499969482422,236.86000061035156,234.0500030517578,235.57000732421875,220.945556640625,3360400
2021-12-15,235.55999755859375,239.25,233.85000610351562,239.1999969482422,224.3502197265625,3720700
2021-12-16,240.2899932861328,240.49000549316406,235.66000366210938,236.52000427246094,221.8365936279297,3876100
2021-12-17,235.0,237.16000366210938,233.33999633789062,235.44000244140625,220.8236541748047,4455100
2021-12-20,232.10000610351562,232.35000610351562,230.07000732421875,232.1300048828125,217.71914672851562,5839800
2021-12-21,234.19000244140625,236.83999633789062,233.22000122070312,236.67999267578125,221.9866485595703,4158800
2021-12-22,236.6300048828125,239.10000610351562,236.5500030517578,239.02000427246094,224.1814422607422,3202900
2021-12-23,239.8699951171875,241.36000061035156,239.5,240.6699981689453,225.72897338867188,2925100
2021-12-27,240.47999572753906,242.9600067138672,240.33999633789062,242.9600067138672,228.6930389404297,4395100
2021-12-28,243.05999755859375,243.77999877929688,242.0399932861328,242.4600067138672,228.22244262695312,3960900
2021-12-29,242.5500030517578,243.16000366210938,241.7100067138672,242.60000610351562,228.35418701171875,3044300
2021-12-30,243.11000061035156,243.69000244140625,242.0,242.2100067138672,227.98707580566406,4501500
2021-12-31,242.08999633789062,242.69000244140625,241.44000244140625,241.44000244140625,227.2622833251953,3499900
2022-01-03,242.4199981689453,242.97000122070312,240.86000061035156,242.97000122070312,228.70245361328125,4204000
2022-01-04,243.72999572753906,244.05999755859375,241.35000610351562,242.50999450683594,228.26950073242188,4217000
2022-01-05,242.0800018310547,242.66000366210938,237.1999969482422,237.25,223.31837463378906,4878300
2022-01-06,237.1999969482422,238.77000427246094,235.5399932861328,237.19000244140625,223.26187133789062,4519200
2022-01-07,237.19000244140625,238.07000732421875,235.32000732421875,236.11000061035156,222.2452850341797,3580200
2022-01-10,234.2100067138672,235.83999633789062,230.97000122070312,235.6999969482422,221.85935974121094,5819600
2022-01-11,235.7100067138672,238.11000061035156,234.08999633789062,238.0500030517578,224.07138061523438,3524800
2022-01-12,239.0399932861328,239.85000610351562,237.30999755859375,238.4199981689453,224.41964721679688,4033100
2022-01-13,239.17999267578125,239.39999389648438,234.47999572753906,234.92999267578125,221.1345977783203,4049300
2022-01-14,233.5,235.1300048828125,232.30999755859375,235.02000427246094,221.21929931640625,3829900
2022-01-18,232.5,232.6999969482422,229.94000244140625,230.4499969482422,216.91761779785156,6511600
2022-01-19,231.22000122070312,232.16000366210938,227.89999389648438,228.02999877929688,214.63973999023438,4868100
2022-01-20,229.1300048828125,231.91000366210938,225.13999938964844,225.3699951171875,212.13595581054688,5175100
2022-01-21,224.6199951171875,226.08999633789062,220.8300018310547,220.91000366210938,207.9378204345703,8582600
2022-01-24,217.99000549316406,222.57000732421875,212.10000610351562,222.3300018310547,209.27444458007812,22004300
2022-01-25,219.10000610351562,222.02000427246094,215.63999938964844,219.22000122070312,206.3471221923828,6600400
2022-01-26,222.72000122070312,224.16000366210938,216.0500030517578,218.3699951171875,205.54701232910156,7096400
2022-01-27,220.80999755859375,222.39999389648438,215.89999389648438,216.75,204.0221405029297,5789200
2022-01-28,217.5,222.1699981689453,214.92999267578125,222.08999633789062,209.04855346679688,4961200
2022-01-31,222.08999633789062,226.9499969482422,221.22000122070312,226.80999755859375,213.49136352539062,5306400
2022-02-01,227.94000244140625,228.92999267578125,225.13999938964844,228.5399932861328,215.11981201171875,4697600
2022-02-02,229.88999938964844,230.44000244140625,227.99000549316406,230.0500030517578,216.54115295410156,4048200
2022-02-03,226.80999755859375,227.92999267578125,224.1300048828125,224.5800018310547,211.39234924316406,4217700
2022-02-04,224.8300018310547,227.99000549316406,223.32000732421875,226.07000732421875,212.7948760986328,3585300
2022-02-07,226.47999572753906,227.3800048828125,224.83999633789062,225.5,212.25833129882812,2757300
2022-02-08,225.27000427246094,228.0500030517578,224.47999572753906,227.57000732421875,214.20675659179688,3075500
2022-02-09,229.86000061035156,231.3000030517578,229.60000610351562,231.27000427246094,217.68951416015625,3698700
2022-02-10,228.16000366210938,231.80999755859375,226.13999938964844,227.35000610351562,213.99966430664062,3511200
2022-02-11,227.3800048828125,228.5,222.00999450683594,222.94000244140625,209.84864807128906,4839800
2022-02-14,222.52000427246094,223.5500030517578,220.3000030517578,222.1199951171875,209.0767822265625,4402100
2022-02-15,224.5800018310547,226.1699981689453,224.39999389648438,226.07000732421875,212.7948760986328,4406200
2022-02-16,225.0,226.8800048828125,223.80999755859375,226.27999877929688,212.99253845214844,4812400
2022-02-17,224.41000366210938,224.6999969482422,220.72000122070312,221.13999938964844,208.15435791015625,5784600
2022-02-18,221.13999938964844,221.99000549316406,218.2100067138672,219.3699951171875,206.48826599121094,7007900
2022-02-22,218.11000061035156,220.0800018310547,215.05999755859375,216.85000610351562,204.1162567138672,7748900
2022-02-23,218.57000732421875,218.8300018310547,212.57000732421875,212.86000061035156,200.36053466796875,7684500
2022-02-24,207.63999938964844,216.85000610351562,207.0,216.58999633789062,203.8715057373047,10471000
2022-02-25,217.27999877929688,221.44000244140625,216.16000366210938,221.41000366210938,208.4084930419922,4615100
2022-02-28,219.25,222.05999755859375,218.25,221.1699981689453,208.18255615234375,4219800
2022-03-01,220.6199951171875,221.49000549316406,216.3300018310547,217.72000122070312,204.93515014648438,4765000
2022-03-02,219.0,222.61000061035156,218.4199981689453,221.85000610351562,208.82264709472656,3884900
2022-03-03,222.5399932861328,223.08999633789062,219.19000244140625,220.16000366210938,207.23190307617188,4161700
2022-03-04,218.2100067138672,218.61000061035156,215.85000610351562,217.9600067138672,205.16107177734375,4518100
2022-03-07,217.67999267578125,217.9199981689453,211.22000122070312,211.24000549316406,198.835693359375,7953400
2022-03-08,211.07000732421875,215.49000549316406,209.27999877929688,210.0500030517578,197.71554565429688,6132200
2022-03-09,214.6699981689453,216.91000366210938,213.57000732421875,215.8800048828125,203.20321655273438,4558400
2022-03-10,213.77000427246094,215.35000610351562,212.3000030517578,214.91000366210938,202.29019165039062,5271300
2022-03-11,216.32000732421875,216.5399932861328,211.6999969482422,211.99000549316406,199.54165649414062,5511000
2022-03-14,212.27999877929688,213.80999755859375,209.27000427246094,209.89999389648438,197.57437133789062,6284200
2022-03-15,211.0,214.63999938964844,210.5,214.27999877929688,201.6971893310547,6491000
2022-03-16,216.36000061035156,219.63999938964844,213.99000549316406,219.63999938964844,206.74241638183594,4863500
2022-03-17,218.52999877929688,222.60000610351562,218.27999877929688,222.5800018310547,209.5098114013672,6570100
2022-03-18,221.99000549316406,225.4499969482422,221.42999267578125,225.17999267578125,211.9570770263672,3425100
2022-03-21,225.44000244140625,226.1999969482422,223.07000732421875,224.97000122070312,211.7594451904297,2802200
2022-03-22,225.77999877929688,228.14999389648438,225.60000610351562,227.72999572753906,214.3573455810547,3269300
2022-03-23,225.72999572753906,226.5,223.92999267578125,223.92999267578125,211.43783569335938,2695400
2022-03-24,225.00999450683594,227.19000244140625,224.3300018310547,227.1199951171875,214.44989013671875,2375100
2022-03-25,227.57000732421875,228.25,225.89999389648438,228.08999633789062,215.3657989501953,3851100
2022-03-28,228.02999877929688,229.57000732421875,226.47999572753906,229.57000732421875,216.76321411132812,6799400
2022-03-29,231.4199981689453,233.36000061035156,230.4499969482422,233.0500030517578,220.04905700683594,4470500
2022-03-30,232.38999938964844,232.80999755859375,230.02999877929688,231.16000366210938,218.2645263671875,3436400
2022-03-31,230.67999267578125,231.32000732421875,227.61000061035156,227.6699981689453,214.96920776367188,4087000
2022-04-01,228.66000366210938,228.75,226.6300048828125,228.5800018310547,215.82846069335938,3456400
2022-04-04,228.86000061035156,230.5399932861328,228.3800048828125,230.52000427246094,217.6602325439453,3241100
2022-04-05,229.88999938964844,230.8800048828125,226.5800018310547,227.14999389648438,214.4781951904297,3268800
2022-04-06,225.02999877929688,225.83999633789062,222.94000244140625,224.5399932861328,212.01382446289062,4122000
2022-04-07,224.1999969482422,226.44000244140625,222.63999938964844,225.38999938964844,212.81640625,4347500
2022-04-08,224.97999572753906,226.35000610351562,223.91000366210938,224.69000244140625,212.1554718017578,2954800
2022-04-11,223.1699981689453,223.57000732421875,221.0,221.17999267578125,208.8412628173828,2942200
2022-04-12,222.86000061035156,224.5,219.74000549316406,220.5,208.1991729736328,3164200
2022-04-13,220.50999450683594,223.7899932861328,220.27000427246094,223.38999938964844,210.92796325683594,2404600
2022-04-14,223.5800018310547,224.2100067138672,220.61000061035156,220.6699981689453,208.35972595214844,2465500
2022-04-18,220.41000366210938,221.2899932861328,219.14999389648438,220.2899932861328,208.00086975097656,3674400
2022-04-19,220.22999572753906,224.60000610351562,220.22999572753906,224.1699981689453,211.66445922851562,2631200
2022-04-20,225.0,225.52000427246094,223.39999389648438,223.8800048828125,211.39065551757812,2933200
2022-04-21,225.6999969482422,226.67999267578125,219.6999969482422,220.22000122070312,207.93479919433594,3172100
2022-04-22,219.72999572753906,219.72999572753906,214.02000427246094,214.22000122070312,202.26954650878906,6361400
2022-04-25,213.07000732421875,215.6999969482422,210.7899932861328,215.38999938964844,203.37425231933594,9271800
2022-04-26,214.25999450683594,214.41000366210938,209.25,209.25,197.57679748535156,6891100
2022-04-27,209.85000610351562,212.39999389648438,208.5500030517578,209.66000366210938,197.96392822265625,4955900
2022-04-28,211.8800048828125,215.75,209.4499969482422,214.77000427246094,202.78884887695312,3767700
2022-04-29,212.89999389648438,214.30999755859375,206.7100067138672,206.8800048828125,195.3390350341797,7330500
2022-05-02,207.14999389648438,209.1300048828125,203.7100067138672,208.44000244140625,196.8119659423828,10630500
2022-05-03,208.49000549316406,210.61000061035156,207.8800048828125,209.42999267578125,197.7467803955078,3901800
2022-05-04,209.72000122070312,215.91000366210938,207.69000244140625,215.57000732421875,203.54421997070312,3870600
2022-05-05,213.2899932861328,213.38999938964844,205.4600067138672,207.6199951171875,196.03770446777344,5186700
2022-05-06,206.4199981689453,207.82000732421875,203.11000061035156,205.9499969482422,194.46090698242188,5193900
2022-05-09,203.0,203.3800048828125,197.86000061035156,198.64999389648438,187.568115234375,9551400
2022-05-10,201.88999938964844,202.7100067138672,196.5500030517578,199.0500030517578,187.94580078125,7605000
2022-05-11,198.58999633789062,201.6300048828125,195.14999389648438,195.4499969482422,184.546630859375,6365500
2022-05-12,194.05999755859375,197.58999633789062,192.1199951171875,195.66000366210938,184.74493408203125,7964900
2022-05-13,197.91000366210938,201.75,197.74000549316406,200.89999389648438,189.69259643554688,4543200
2022-05-16,200.38999938964844,201.86000061035156,198.86000061035156,199.91000366210938,188.75782775878906,4479400
2022-05-17,203.3800048828125,204.25999450683594,201.16000366210938,204.17999267578125,192.78964233398438,3954500
2022-05-18,201.82000732421875,202.02000427246094,195.44000244140625,196.19000244140625,185.24537658691406,4712200
2022-05-19,194.49000549316406,197.66000366210938,193.8800048828125,195.32000732421875,184.42388916015625,5710900
2022-05-20,197.0399932861328,197.5399932861328,190.66000366210938,195.32000732421875,184.42388916015625,5153300
2022-05-23,196.64999389648438,199.14999389648438,195.4600067138672,198.66000366210938,187.57757568359375,5018000
2022-05-24,196.57000732421875,197.3000030517578,193.32000732421875,196.6699981689453,185.6985626220703,4788700
2022-05-25,195.9499969482422,199.86000061035156,195.77999877929688,198.86000061035156,187.76641845703125,4921900
2022-05-26,199.39999389648438,203.8000030517578,199.3699951171875,202.92999267578125,191.60934448242188,4216700
2022-05-27,204.27000427246094,208.08999633789062,204.17999267578125,208.07000732421875,196.46261596679688,4381100
2022-05-31,207.1699981689453,208.35000610351562,205.19000244140625,206.36000061035156,194.84800720214844,4100900
2022-06-01,207.6699981689453,208.32000732421875,203.4600067138672,205.0,193.5638885498047,3087800
2022-06-02,205.0,209.1999969482422,204.0,209.17999267578125,197.5106658935547,2977800
2022-06-03,206.67999267578125,207.61000061035156,205.3000030517578,205.83999633789062,194.35704040527344,2694100
2022-06-06,208.1199951171875,208.7899932861328,205.91000366210938,206.4499969482422,194.93301391601562,2745500
2022-06-07,204.6300048828125,208.8800048828125,204.35000610351562,208.69000244140625,197.04803466796875,3350500
2022-06-08,207.92999267578125,208.6999969482422,205.91000366210938,206.35000610351562,194.83856201171875,2187200
2022-06-09,205.4199981689453,206.3300018310547,201.3800048828125,201.41000366210938,190.1741485595703,3061100
2022-06-10,198.38999938964844,198.38999938964844,195.36000061035156,195.42999267578125,184.5277557373047,5703800
2022-06-13,190.64999389648438,191.17999267578125,186.67999267578125,187.4499969482422,176.99293518066406,10468300
2022-06-14,188.50999450683594,189.0500030517578,185.27000427246094,186.9199981689453,176.49249267578125,7045900
2022-06-15,188.61000061035156,192.1300048828125,186.17999267578125,189.63999938964844,179.06076049804688,5011700
2022-06-16,185.3800048828125,185.67999267578125,181.6699981689453,183.02000427246094,172.81005859375,8225100
2022-06-17,183.25999450683594,185.41000366210938,181.8000030517578,183.7100067138672,173.4615936279297,5252700
2022-06-21,186.69000244140625,189.02999877929688,186.69000244140625,188.16000366210938,177.66336059570312,6103400
2022-06-22,185.91000366210938,189.9499969482422,185.6199951171875,188.1300048828125,177.63499450683594,7321300
2022-06-23,188.1300048828125,189.57000732421875,186.4600067138672,189.0800018310547,179.24560546875,6675800
2022-06-24,190.9199981689453,195.22000122070312,190.58999633789062,195.19000244140625,185.037841796875,3856400
2022-06-27,195.6300048828125,196.00999450683594,193.89999389648438,194.58999633789062,184.46900939941406,5950400
2022-06-28,195.44000244140625,196.85000610351562,190.55999755859375,190.5800018310547,180.66757202148438,6012700
2022-06-29,190.7899932861328,191.17999267578125,189.17999267578125,190.25999450683594,180.36424255371094,4155800
2022-06-30,188.0,190.30999755859375,186.1300048828125,188.6199951171875,178.80953979492188,4250300
2022-07-01,188.19000244140625,190.8699951171875,186.89999389648438,190.61000061035156,180.6959991455078,3223100
2022-07-05,188.36000061035156,191.30999755859375,186.36000061035156,191.2899932861328,181.34063720703125,3986100
2022-07-06,191.2899932861328,192.89999389648438,189.8800048828125,191.6699981689453,181.70089721679688,2981000
2022-07-07,192.6300048828125,195.22000122070312,192.58999633789062,194.8300018310547,184.69654846191406,2919300
2022-07-08,194.05999755859375,195.6999969482422,193.00999450683594,194.6300048828125,184.5069580078125,2799200
2022-07-11,193.3800048828125,193.75,191.80999755859375,192.1699981689453,182.17491149902344,3033800
2022-07-12,192.0,193.24000549316406,189.60000610351562,190.50999450683594,180.6011962890625,2640300
2022-07-13,187.7899932861328,191.08999633789062,187.38999938964844,189.67999267578125,179.81442260742188,3322400
2022-07-14,187.27999877929688,189.19000244140625,185.5800018310547,188.83999633789062,179.01809692382812,3355600
2022-07-15,191.19000244140625,192.5500030517578,189.97999572753906,192.50999450683594,182.4972381591797,2914600
2022-07-18,194.2899932861328,194.77000427246094,190.5399932861328,191.17999267578125,181.23638916015625,3974200
2022-07-19,193.27000427246094,196.72000122070312,192.99000549316406,196.52000427246094,186.29864501953125,3287500
2022-07-20,196.42999267578125,198.75,195.99000549316406,198.11000061035156,187.8059539794922,3332400
2022-07-21,197.6300048828125,200.07000732421875,196.4600067138672,200.07000732421875,189.66403198242188,2929300
2022-07-22,200.0,200.8000030517578,196.72999572753906,197.89999389648438,187.60684204101562,2717400
2022-07-25,198.33999633789062,198.60000610351562,196.99000549316406,198.1699981689453,187.86285400390625,2997100
2022-07-26,197.2899932861328,197.3300018310547,195.27999877929688,195.72000122070312,185.54029846191406,2918500
2022-07-27,197.50999450683594,201.72000122070312,197.30999755859375,200.86000061035156,190.4129180908203,2902200
2022-07-28,201.02000427246094,203.72999572753906,199.3300018310547,203.47999572753906,192.89663696289062,2670700
2022-07-29,204.1699981689453,206.77999877929688,203.60000610351562,206.25,195.52261352539062,3342400
2022-08-01,204.97000122070312,207.0399932861328,204.2899932861328,205.77000427246094,195.06753540039062,3531500
2022-08-02,205.0,207.0399932861328,203.8800048828125,204.66000366210938,194.0153045654297,3020900
2022-08-03,205.9199981689453,208.52999877929688,205.74000549316406,207.9499969482422,197.13417053222656,2827100
2022-08-04,207.94000244140625,208.25,206.9199981689453,207.75,196.94454956054688,2261800
2022-08-05,205.69000244140625,208.0800018310547,205.5,207.67999267578125,196.878173828125,2758900
2022-08-08,208.6199951171875,210.1699981689453,207.27000427246094,207.8699951171875,197.0583038330078,3024200
2022-08-09,207.44000244140625,207.57000732421875,205.97000122070312,206.55999755859375,195.8164520263672,1829500
2022-08-10,210.2899932861328,211.4199981689453,209.5399932861328,211.27000427246094,200.281494140625,2878200
2022-08-11,212.82000732421875,214.0399932861328,210.9199981689453,211.27999877929688,200.2909698486328,2835000
2022-08-12,212.42999267578125,214.99000549316406,211.8699951171875,214.94000244140625,203.7606201171875,2366500
2022-08-15,213.83999633789062,216.0800018310547,213.69000244140625,215.77999877929688,204.5569305419922,4479200
2022-08-16,215.41000366210938,217.1999969482422,214.58999633789062,216.24000549316406,204.99298095703125,2835600
2022-08-17,214.38999938964844,215.77999877929688,213.16000366210938,214.3000030517578,203.1538848876953,4007900
2022-08-18,214.3300018310547,215.27999877929688,213.6999969482422,214.86000061035156,203.684814453125,1640200
2022-08-19,213.36000061035156,213.47000122070312,211.22999572753906,211.7899932861328,200.7744140625,2555000
2022-08-22,209.0800018310547,209.44000244140625,206.82000732421875,207.25999450683594,196.4800262451172,3142900
2022-08-23,207.36000061035156,208.5800018310547,206.64999389648438,206.8699951171875,196.11033630371094,2856400
2022-08-24,206.83999633789062,208.52000427246094,206.42999267578125,207.74000549316406,196.93508911132812,1790900
2022-08-25,208.60000610351562,210.82000732421875,208.1300048828125,210.75,199.7884979248047,1874100
2022-08-26,210.86000061035156,210.9199981689453,203.6999969482422,203.77000427246094,193.17156982421875,3550200
2022-08-29,202.1999969482422,203.9499969482422,201.6199951171875,202.27999877929688,191.75904846191406,3529100
2022-08-30,202.94000244140625,203.1300048828125,198.89999389648438,200.02999877929688,189.6260986328125,4799400
2022-08-31,200.9499969482422,201.55999755859375,198.5,198.55999755859375,188.2325439453125,2911400
2022-09-01,197.39999389648438,198.88999938964844,195.52999877929688,198.67999267578125,188.3463134765625,4555800
2022-09-02,200.64999389648438,201.36000061035156,195.8300018310547,196.7100067138672,186.478759765625,3810400
2022-09-06,197.47000122070312,197.6699981689453,194.72999572753906,195.91000366210938,185.72039794921875,5382900
2022-09-07,195.72999572753906,199.94000244140625,195.63999938964844,199.52999877929688,189.15208435058594,3032400
2022-09-08,198.33999633789062,201.17999267578125,197.7100067138672,201.11000061035156,190.64991760253906,2971300
2022-09-09,202.3800048828125,204.85000610351562,202.32000732421875,204.4499969482422,193.8162078857422,2953400
2022-09-12,205.52999877929688,206.99000549316406,205.32000732421875,206.64999389648438,195.90176391601562,2736900
2022-09-13,201.97000122070312,202.5500030517578,197.14999389648438,197.77000427246094,187.483642578125,5190300
2022-09-14,198.4199981689453,199.1999969482422,196.75,198.5399932861328,188.21359252929688,2793400
2022-09-15,197.86000061035156,199.3699951171875,195.69000244140625,196.4199981689453,186.20384216308594,2491000
2022-09-16,194.47000122070312,194.86000061035156,192.82000732421875,194.6300048828125,184.5069580078125,4966100
2022-09-19,192.89999389648438,196.0800018310547,192.86000061035156,196.00999450683594,185.815185546875,3346700
2022-09-20,194.42999267578125,194.75,192.2899932861328,193.72999572753906,183.6537628173828,3244200
2022-09-21,194.63999938964844,196.41000366210938,190.39999389648438,190.4199981689453,180.5159149169922,3060200
2022-09-22,190.11000061035156,190.50999450683594,187.97000122070312,188.2899932861328,178.49668884277344,5279700
2022-09-23,185.52999877929688,185.8699951171875,181.82000732421875,184.25999450683594,175.4178924560547,8249900
2022-09-26,183.5,185.47999572753906,181.6199951171875,182.24000549316406,173.49485778808594,6603500
2022-09-27,184.2100067138672,185.39999389648438,180.6699981689453,181.97000122070312,173.23777770996094,6910700
2022-09-28,182.5500030517578,186.6999969482422,181.6999969482422,185.8000030517578,176.88400268554688,6929100
2022-09-29,184.24000549316406,184.30999755859375,180.30999755859375,181.94000244140625,173.20924377441406,8241100
2022-09-30,181.55999755859375,183.7100067138672,179.27999877929688,179.47000122070312,170.85777282714844,8431700
2022-10-03,181.52000427246094,185.02000427246094,180.22999572753906,184.02999877929688,175.19891357421875,7321600
2022-10-04,187.19000244140625,190.07000732421875,187.13999938964844,189.94000244140625,180.8253631591797,6212800
2022-10-05,187.91000366210938,190.69000244140625,186.36000061035156,189.5800018310547,180.4826202392578,4548100
2022-10-06,188.8800048828125,190.4600067138672,187.44000244140625,187.77000427246094,178.75949096679688,3784100
2022-10-07,185.69000244140625,185.8300018310547,181.4600067138672,182.39999389648438,173.64715576171875,4780100
2022-10-10,182.89999389648438,183.1999969482422,179.69000244140625,180.9499969482422,172.26673889160156,4304000
2022-10-11,180.02999877929688,182.47000122070312,178.52000427246094,179.7899932861328,171.1623992919922,4419100
2022-10-12,180.1699981689453,180.72999572753906,178.9499969482422,179.3000030517578,170.69593811035156,5016700
2022-10-13,176.3699951171875,184.5500030517578,174.83999633789062,183.75,174.93238830566406,5626900
2022-10-14,185.08999633789062,185.99000549316406,179.13999938964844,179.4199981689453,170.81016540527344,3798800
2022-10-17,182.75999450683594,184.80999755859375,182.5800018310547,184.2100067138672,175.37030029296875,4025800
2022-10-18,188.13999938964844,188.6999969482422,184.7100067138672,186.4600067138672,177.5123291015625,3906800
2022-10-19,185.25,186.63999938964844,183.33999633789062,184.8699951171875,175.9986114501953,2589100
2022-10-20,184.5399932861328,186.99000549316406,182.80999755859375,183.27000427246094,174.4753875732422,2636200
2022-10-21,182.99000549316406,187.77999877929688,182.2899932861328,187.49000549316406,178.492919921875,3381200
2022-10-24,188.3800048828125,190.1199951171875,186.69000244140625,189.50999450683594,180.41595458984375,4527800
2022-10-25,189.57000732421875,193.16000366210938,189.52999877929688,192.94000244140625,183.68136596679688,3287100
2022-10-26,191.25999450683594,194.63999938964844,191.25999450683594,191.75,182.5484619140625,4091100
2022-10-27,192.4600067138672,193.47000122070312,190.61000061035156,190.85000610351562,181.69166564941406,3556300
2022-10-28,190.83999633789062,195.52999877929688,190.74000549316406,195.2899932861328,185.91860961914062,3178800
2022-10-31,193.99000549316406,195.1699981689453,193.50999450683594,194.02999877929688,184.7190704345703,5053900
2022-11-01,196.0,196.44000244140625,192.75999450683594,193.42999267578125,184.1478729248047,9873800
2022-11-02,193.07000732421875,195.27000427246094,188.2899932861328,188.33999633789062,179.30209350585938,4686000
2022-11-03,186.5,188.08999633789062,185.1300048828125,186.5399932861328,177.58848571777344,3935600
2022-11-04,189.32000732421875,190.3000030517578,185.75,188.94000244140625,179.8733673095703,3586200
2022-11-07,189.58999633789062,190.97000122070312,188.47000122070312,190.66000366210938,181.5107879638672,3420000
2022-11-08,191.25,193.30999755859375,189.4199981689453,191.66000366210938,182.4628143310547,4847500
2022-11-09,190.4600067138672,191.0399932861328,187.2100067138672,187.52999877929688,178.53097534179688,13959600
2022-11-10,194.35000610351562,198.30999755859375,193.64999389648438,198.13999938964844,188.6318359375,3981600
2022-11-11,198.5800018310547,200.6999969482422,197.82000732421875,200.16000366210938,190.55491638183594,4550200
2022-11-14,199.25999450683594,200.9199981689453,198.2100067138672,198.35000610351562,188.83177185058594,4248200
2022-11-15,201.5,202.13999938964844,198.33999633789062,200.36000061035156,190.74530029296875,4606200
2022-11-16,199.4499969482422,199.72000122070312,198.02999877929688,198.32000732421875,188.80322265625,2905000
2022-11-17,195.6699981689453,197.89999389648438,195.4499969482422,197.49000549316406,188.01304626464844,3704700
2022-11-18,199.0800018310547,199.41000366210938,196.89999389648438,198.4199981689453,188.89842224121094,3039000
2022-11-21,197.72000122070312,198.2100067138672,196.64999389648438,197.5800018310547,188.0986785888672,2961700
2022-11-22,198.1300048828125,200.2899932861328,197.7899932861328,200.1699981689453,190.56443786621094,3390300
2022-11-23,200.0,201.75999450683594,199.8300018310547,201.38999938964844,191.7258758544922,2685700
2022-11-25,201.22000122070312,201.8300018310547,201.02999877929688,201.5399932861328,191.86866760253906,1289100
2022-11-28,199.92999267578125,200.75999450683594,197.8000030517578,198.27000427246094,188.75559997558594,3365800
2022-11-29,198.49000549316406,199.05999755859375,197.10000610351562,197.9600067138672,188.4604949951172,2640700
2022-11-30,198.13999938964844,204.10000610351562,197.0399932861328,204.05999755859375,194.2677459716797,4201300
2022-12-01,204.8300018310547,205.47000122070312,202.7899932861328,204.17999267578125,194.38201904296875,4354300
2022-12-02,201.5500030517578,204.47999572753906,201.1999969482422,203.99000549316406,194.2010955810547,2917100
2022-12-05,202.50999450683594,202.9600067138672,199.25,199.97999572753906,190.38352966308594,3840500
2022-12-06,199.91000366210938,200.0500030517578,195.83999633789062,196.97999572753906,187.5275115966797,3901000
2022-12-07,196.4499969482422,197.97000122070312,196.02000427246094,196.66000366210938,187.22288513183594,3438100
2022-12-08,197.5500030517578,198.9199981689453,196.82000732421875,198.36000061035156,188.84129333496094,3982600
2022-12-09,197.52999877929688,198.8300018310547,196.6199951171875,196.6999969482422,187.26097106933594,3784900
2022-12-12,197.0,199.52999877929688,196.6999969482422,199.52999877929688,189.95513916015625,3931600
2022-12-13,205.6300048828125,205.6300048828125,199.6199951171875,201.02000427246094,191.37364196777344,4191900
2022-12-14,200.9199981689453,202.72000122070312,198.27000427246094,199.89999389648438,190.30740356445312,3331200
2022-12-15,197.2100067138672,197.7100067138672,194.07000732421875,194.9199981689453,185.5663299560547,5537100
2022-12-16,193.50999450683594,194.22000122070312,191.4199981689453,192.69000244140625,183.44337463378906,4755400
2022-12-19,192.8000030517578,192.9199981689453,189.9499969482422,190.75,181.59645080566406,6433800
2022-12-20,190.4199981689453,191.97000122070312,189.72999572753906,191.14999389648438,181.97727966308594,5637800
2022-12-21,192.47000122070312,194.64999389648438,192.1999969482422,194.0399932861328,184.7285919189453,4973400
2022-12-22,191.61000061035156,191.67999267578125,187.3800048828125,190.3699951171875,182.1084747314453,5153500
2022-12-23,190.0,191.44000244140625,189.00999450683594,191.4199981689453,183.1129150390625,4214400
2022-12-27,191.38999938964844,191.52000427246094,189.75,190.6199951171875,182.34756469726562,6037700
2022-12-28,190.64999389648438,191.5,188.05999755859375,188.22000122070312,180.05177307128906,5711900
2022-12-29,189.49000549316406,192.16000366210938,189.3699951171875,191.67999267578125,183.3616180419922,5425700
2022-12-30,190.17999267578125,191.27000427246094,189.27999877929688,191.19000244140625,182.8928680419922,5979800
2023-01-03,192.3800048828125,193.36000061035156,188.92999267578125,190.41000366210938,182.14674377441406,4092500
2023-01-04,191.50999450683594,193.05999755859375,190.13999938964844,192.10000610351562,183.7633819580078,3852500
2023-01-05,191.22000122070312,191.27000427246094,189.4600067138672,189.85000610351562,181.6110076904297,4150000
2023-01-06,191.1199951171875,194.63999938964844,189.85000610351562,194.0399932861328,185.61917114257812,3184300
2023-01-09,195.4600067138672,196.88999938964844,194.00999450683594,194.1199951171875,185.69569396972656,3888300
2023-01-10,193.64999389648438,195.64999389648438,193.2899932861328,195.64999389648438,187.15933227539062,2963500
2023-01-11,196.5500030517578,198.25,196.14999389648438,198.22999572753906,189.62734985351562,3435300
2023-01-12,198.7899932861328,199.8000030517578,196.6300048828125,199.19000244140625,190.5457000732422,3552700
2023-01-13,197.6199951171875,200.27000427246094,197.3000030517578,200.0399932861328,191.35877990722656,2798600
2023-01-17,200.0399932861328,200.8800048828125,199.33999633789062,199.77000427246094,191.1005096435547,5426700
2023-01-18,200.39999389648438,201.08999633789062,196.55999755859375,196.6199951171875,188.08721923828125,3890200
2023-01-19,195.41000366210938,196.24000549316406,194.32000732421875,195.02000427246094,186.556640625,2282400
2023-01-20,195.85000610351562,198.80999755859375,194.92999267578125,198.75999450683594,190.13433837890625,2429300
2023-01-23,199.1999969482422,202.16000366210938,198.6999969482422,201.27999877929688,192.54498291015625,3438100
2023-01-24,200.39999389648438,201.4600067138672,199.74000549316406,200.9499969482422,192.22930908203125,2679400
2023-01-25,198.9499969482422,201.1999969482422,197.58999633789062,201.0500030517578,192.32498168945312,2802000
2023-01-26,202.35000610351562,203.27999877929688,200.85000610351562,203.1199951171875,194.30516052246094,2806200
2023-01-27,202.60000610351562,205.0500030517578,202.5800018310547,203.94000244140625,195.0895538330078,4521900
2023-01-30,202.27999877929688,203.61000061035156,201.08999633789062,201.2100067138672,192.47802734375,2992300
2023-01-31,201.64999389648438,204.49000549316406,201.4499969482422,204.42999267578125,195.55825805664062,4827600
2023-02-01,203.91000366210938,208.32000732421875,202.50999450683594,206.9199981689453,197.94020080566406,4385600
2023-02-02,209.0,210.8800048828125,208.10000610351562,210.00999450683594,200.89610290527344,3730800
2023-02-03,207.50999450683594,210.17999267578125,207.0399932861328,207.83999633789062,198.8203125,2854200
2023-02-06,206.41000366210938,207.07000732421875,205.5,206.27999877929688,197.32798767089844,2841700
2023-02-07,206.0,209.55999755859375,205.02999877929688,208.8800048828125,199.81517028808594,3028100
2023-02-08,207.91000366210938,208.7100067138672,206.25999450683594,206.64999389648438,197.68194580078125,2945400
2023-02-09,208.4600067138672,208.61000061035156,204.10000610351562,204.63999938964844,195.75918579101562,2705900
2023-02-10,204.02000427246094,205.17999267578125,203.47000122070312,205.00999450683594,196.11314392089844,2159800
2023-02-13,205.41000366210938,207.5,204.99000549316406,207.4499969482422,198.44720458984375,3467200
2023-02-14,206.64999389648438,208.66000366210938,205.30999755859375,207.52999877929688,198.52377319335938,2743400
2023-02-15,206.4600067138672,208.5,206.0399932861328,208.4600067138672,199.4134063720703,2001600
2023-02-16,205.97000122070312,208.02000427246094,205.5399932861328,205.67999267578125,196.75404357910156,2458800
2023-02-17,204.77000427246094,205.22999572753906,203.52999877929688,205.0800018310547,196.18008422851562,2324000
2023-02-21,203.14999389648438,203.5,200.64999389648438,200.8300018310547,192.114501953125,3110800
2023-02-22,201.0,201.9600067138672,199.92999267578125,200.66000366210938,191.951904296875,3011700
2023-02-23,202.08999633789062,202.4600067138672,199.3800048828125,201.72999572753906,192.9754638671875,3440100
2023-02-24,199.2899932861328,199.92999267578125,198.16000366210938,199.47999572753906,190.8231201171875,3020600
2023-02-27,201.30999755859375,202.02999877929688,199.72000122070312,200.19000244140625,191.50230407714844,2850300
2023-02-28,200.25,201.0800018310547,199.52000427246094,199.52000427246094,190.86141967773438,2299100
2023-03-01,199.3800048828125,200.0,198.1999969482422,200.0,191.32052612304688,4176000
2023-03-02,197.99000549316406,200.8000030517578,197.5,200.30999755859375,191.61709594726562,3364000
2023-03-03,201.0800018310547,203.6999969482422,200.91000366210938,203.57000732421875,194.73561096191406,2484700
2023-03-06,203.86000061035156,204.97999572753906,203.02999877929688,203.3000030517578,194.4773406982422,3812700
2023-03-07,203.10000610351562,203.47000122070312,199.9499969482422,200.27000427246094,191.57882690429688,3346700
2023-03-08,200.39999389648438,201.0,199.39999389648438,200.52999877929688,191.82754516601562,1985900
2023-03-09,200.8000030517578,201.75,196.1199951171875,196.57000732421875,188.0393829345703,2974300
2023-03-10,196.25,197.0,192.25999450683594,193.25999450683594,184.87306213378906,6310500
2023-03-13,190.89999389648438,195.16000366210938,190.17999267578125,192.4600067138672,184.10777282714844,6253700
2023-03-14,195.5,196.9499969482422,193.57000732421875,195.88999938964844,187.388916015625,4473800
2023-03-15,192.6300048828125,194.39999389648438,191.52999877929688,194.3800048828125,185.94442749023438,3855400
2023-03-16,193.3300018310547,197.91000366210938,192.8000030517578,197.74000549316406,189.15863037109375,3224900
2023-03-17,197.25,197.42999267578125,194.3800048828125,195.19000244140625,186.71926879882812,2902400
2023-03-20,195.75,197.3800048828125,195.2899932861328,196.88999938964844,188.3455352783203,2898100
2023-03-21,198.75999450683594,200.0500030517578,198.22999572753906,199.6999969482422,191.03355407714844,2421700
2023-03-22,199.85000610351562,201.41000366210938,196.1199951171875,196.1300048828125,187.61846923828125,2187900
2023-03-23,196.85000610351562,198.9499969482422,194.25,195.6999969482422,187.96038818359375,2629700
2023-03-24,194.8800048828125,196.97000122070312,193.64999389648438,196.92999267578125,189.1417694091797,2324800
2023-03-27,198.27000427246094,198.60000610351562,196.9199981689453,197.42999267578125,189.62196350097656,2425400
2023-03-28,197.1999969482422,197.64999389648438,196.13999938964844,197.14999389648438,189.35305786132812,3678600
2023-03-29,199.08999633789062,200.08999633789062,198.61000061035156,199.99000549316406,192.0807647705078,3486500
2023-03-30,201.27000427246094,201.58999633789062,200.1199951171875,201.07000732421875,193.11805725097656,2259200
2023-03-31,201.57000732421875,204.19000244140625,201.57000732421875,204.10000610351562,196.02821350097656,2986300
2023-04-03,203.72000122070312,204.99000549316406,203.3300018310547,204.63999938964844,196.54684448242188,3068200
2023-04-04,205.0,205.05999755859375,202.52999877929688,203.27000427246094,195.2310333251953,2881800
2023-04-05,202.69000244140625,203.16000366210938,201.5800018310547,202.52999877929688,194.5203094482422,3119400
2023-04-06,202.24000549316406,203.33999633789062,201.4499969482422,203.1999969482422,195.163818359375,1989800
2023-04-10,202.0,203.67999267578125,201.64999389648438,203.66000366210938,195.60560607910156,2545300
2023-04-11,203.8699951171875,204.63999938964844,203.39999389648438,203.8699951171875,195.8072967529297,3389300
2023-04-12,205.0,205.25999450683594,202.7100067138672,203.00999450683594,194.98130798339844,2431200
2023-04-13,203.52999877929688,205.8000030517578,203.33999633789062,205.64999389648438,197.5168914794922,2197600
2023-04-14,205.3300018310547,206.5,203.80999755859375,205.0800018310547,196.9694366455078,4142000
2023-04-17,205.02999877929688,205.91000366210938,204.4499969482422,205.89999389648438,197.75698852539062,2780400
2023-04-18,206.67999267578125,206.8300018310547,205.3000030517578,206.0,197.85304260253906,2784500
2023-04-19,205.02999877929688,206.47999572753906,204.97000122070312,206.10000610351562,197.94911193847656,2531400
2023-04-20,204.4600067138672,205.77000427246094,204.07000732421875,204.82000732421875,196.71974182128906,2563100
2023-04-21,204.9600067138672,205.24000549316406,203.9199981689453,205.0,196.89259338378906,2341600
2023-04-24,204.89999389648438,205.44000244140625,204.10000610351562,205.0800018310547,196.9694366455078,3704400
2023-04-25,204.02000427246094,204.22999572753906,201.6199951171875,201.66000366210938,193.6846923828125,2606400
2023-04-26,202.16000366210938,202.50999450683594,200.41000366210938,200.75,192.81068420410156,2762300
2023-04-27,201.86000061035156,204.69000244140625,201.8300018310547,204.52000427246094,196.43161010742188,2254600
2023-04-28,204.0,206.3000030517578,204.0,206.3000030517578,198.1411895751953,2309100
2023-05-01,206.0,207.17999267578125,205.99000549316406,206.1999969482422,198.04515075683594,2838500
2023-05-02,205.6199951171875,205.89999389648438,202.07000732421875,203.67999267578125,195.62478637695312,2700600
2023-05-03,203.85000610351562,205.49000549316406,202.35000610351562,202.49000549316406,194.4818878173828,2154000
2023-05-04,201.83999633789062,202.02000427246094,200.1999969482422,200.97999572753906,193.03155517578125,2577600
2023-05-05,202.85000610351562,205.27000427246094,202.7899932861328,204.69000244140625,196.5948944091797,1942300
2023-05-08,204.92999267578125,205.10000610351562,204.1199951171875,204.91000366210938,196.80615234375,2632600
2023-05-09,204.02999877929688,204.6300048828125,203.8000030517578,204.07000732421875,195.9993896484375,1802500
2023-05-10,205.6199951171875,205.94000244140625,203.0500030517578,204.97000122070312,196.86383056640625,2677600
2023-05-11,204.47000122070312,204.6999969482422,203.49000549316406,204.6999969482422,196.60446166992188,2108300
2023-05-12,205.0399932861328,205.27999877929688,202.92999267578125,204.22000122070312,196.14344787597656,2252400
2023-05-15,204.1699981689453,205.3800048828125,203.7100067138672,205.08999633789062,196.97903442382812,3240000
2023-05-16,204.41000366210938,204.80999755859375,203.47000122070312,203.5,195.45191955566406,1884400
2023-05-17,204.4600067138672,206.4499969482422,203.64999389648438,206.13999938964844,197.987548828125,2650100
2023-05-18,206.0,208.3699951171875,205.82000732421875,208.19000244140625,199.95643615722656,2370200
2023-05-19,208.63999938964844,208.83999633789062,207.07000732421875,207.69000244140625,199.4761962890625,2683900
2023-05-22,207.67999267578125,208.80999755859375,207.1999969482422,208.0500030517578,199.8219451904297,2229400
2023-05-23,207.3000030517578,207.99000549316406,205.63999938964844,205.85000610351562,197.708984375,2386700
2023-05-24,205.0,205.1300048828125,203.69000244140625,204.25999450683594,196.18186950683594,2083700
2023-05-25,205.8699951171875,206.3300018310547,204.52999877929688,205.64999389648438,197.5168914794922,2230400
2023-05-26,206.0,208.72000122070312,205.97000122070312,208.36000061035156,200.11972045898438,2347000
2023-05-30,209.6300048828125,209.67999267578125,207.69000244140625,208.42999267578125,200.1869659423828,2772300
2023-05-31,207.49000549316406,207.97999572753906,206.3000030517578,207.17999267578125,198.98638916015625,2325400
2023-06-01,207.3000030517578,209.8000030517578,206.64999389648438,209.25,200.9745330810547,2696700
2023-06-02,210.67999267578125,213.08999633789062,210.5,212.7100067138672,204.29766845703125,3018700
2023-06-05,212.74000549316406,213.36000061035156,207.47000122070312,212.14999389648438,203.75982666015625,2249400
2023-06-06,212.0,213.3699951171875,211.63999938964844,213.1199951171875,204.69146728515625,2227700
2023-06-07,213.33999633789062,214.1199951171875,212.38999938964844,212.6999969482422,204.2880859375,2272800
2023-06-08,212.6300048828125,213.97000122070312,212.08999633789062,213.6999969482422,205.24853515625,1943100
2023-06-09,214.10000610351562,215.0800018310547,213.41000366210938,213.92999267578125,205.46942138671875,2084600
2023-06-12,214.5,215.86000061035156,214.0500030517578,215.85000610351562,207.31350708007812,2479900
2023-06-13,216.77999877929688,217.77000427246094,216.4600067138672,217.44000244140625,208.84063720703125,4295700
2023-06-14,217.5500030517578,218.52999877929688,215.6999969482422,217.44000244140625,208.84063720703125,4131000
2023-06-15,216.99000549316406,220.7100067138672,216.91000366210938,220.08999633789062,211.3858184814453,2895100
2023-06-16,221.4199981689453,221.4199981689453,219.1300048828125,219.25999450683594,210.5886688232422,4763700
2023-06-20,218.3800048828125,218.6699981689453,217.07000732421875,218.17999267578125,209.5513458251953,3156500
2023-06-21,217.82000732421875,218.0800018310547,216.6999969482422,216.97999572753906,208.3988037109375,2713400
2023-06-22,216.50999450683594,217.58999633789062,216.1699981689453,217.55999755859375,208.95590209960938,2669100
2023-06-23,215.1300048828125,215.88999938964844,214.5800018310547,214.94000244140625,207.2272186279297,3338400
2023-06-26,214.8000030517578,215.82000732421875,214.13999938964844,214.19000244140625,206.50411987304688,2846800
2023-06-27,214.75,217.11000061035156,214.5500030517578,216.8000030517578,209.02047729492188,2653000
2023-06-28,216.47999572753906,217.50999450683594,215.9600067138672,216.97999572753906,209.1939697265625,4362100
2023-06-29,216.89999389648438,218.10000610351562,216.66000366210938,218.02000427246094,210.19668579101562,2857900
2023-06-30,219.61000061035156,220.86000061035156,219.47999572753906,220.27999877929688,212.3755645751953,3444100
2023-07-03,220.27999877929688,220.94000244140625,220.0500030517578,220.94000244140625,213.01190185546875,2423600
2023-07-05,220.0800018310547,220.61000061035156,219.6300048828125,220.27000427246094,212.36595153808594,3341400
2023-07-06,218.5399932861328,218.5399932861328,216.8300018310547,218.30999755859375,210.4762725830078,3404300
2023-07-07,217.91000366210938,220.0800018310547,217.80999755859375,218.0399932861328,210.21597290039062,2771700
2023-07-10,217.89999389648438,219.02999877929688,217.8000030517578,218.99000549316406,211.13192749023438,2080500
2023-07-11,219.3800048828125,220.92999267578125,219.00999450683594,220.7100067138672,212.79019165039062,2155700
2023-07-12,222.57000732421875,223.10000610351562,221.86000061035156,222.39999389648438,214.4195098876953,3030200
2023-07-13,223.4600067138672,224.63999938964844,223.1300048828125,224.27999877929688,216.2320556640625,4113300
2023-07-14,224.85000610351562,224.86000061035156,223.5,223.9499969482422,215.9138946533203,2914100
2023-07-17,223.9499969482422,225.36000061035156,223.75999450683594,224.8000030517578,216.73342895507812,2688200
2023-07-18,224.6999969482422,226.9199981689453,224.52999877929688,226.58999633789062,218.45916748046875,2916500
2023-07-19,227.0800018310547,227.75999450683594,226.67999267578125,227.17999267578125,219.0279541015625,3106700
2023-07-20,226.61000061035156,227.00999450683594,225.13999938964844,225.5399932861328,217.4468231201172,2651700
2023-07-21,226.4199981689453,226.5399932861328,225.4600067138672,225.52000427246094,217.42759704589844,2296800
2023-07-24,226.0500030517578,226.7100067138672,225.63999938964844,226.32000732421875,218.19886779785156,2291700
2023-07-25,226.02000427246094,227.60000610351562,226.02000427246094,226.88999938964844,218.74842834472656,2084400
2023-07-26,226.42999267578125,227.77000427246094,226.0500030517578,227.05999755859375,218.91229248046875,1985600
2023-07-27,228.80999755859375,228.97000122070312,224.8300018310547,225.30999755859375,217.22511291503906,4730600
2023-07-28,227.1699981689453,228.02999877929688,226.77000427246094,227.66000366210938,219.49075317382812,2257600
2023-07-31,228.1199951171875,228.55999755859375,227.55999755859375,228.35000610351562,220.1560516357422,2658500
2023-08-01,227.64999389648438,228.0,227.07000732421875,227.72999572753906,219.5582733154297,2809500
2023-08-02,225.99000549316406,226.13999938964844,224.07000732421875,224.5,216.44418334960938,4239000
2023-08-03,223.47999572753906,224.77000427246094,222.99000549316406,223.85000610351562,215.8175048828125,2925200
2023-08-04,224.74000549316406,225.83999633789062,222.61000061035156,222.89999389648438,214.901611328125,3024600
2023-08-07,223.72000122070312,224.7100067138672,223.22000122070312,224.61000061035156,216.55023193359375,2376600
2023-08-08,223.1999969482422,223.77000427246094,221.6999969482422,223.57000732421875,215.54754638671875,2796400
2023-08-09,223.66000366210938,223.69000244140625,221.55999755859375,221.97000122070312,214.0049591064453,2203400
2023-08-10,223.24000549316406,224.8800048828125,221.33999633789062,222.00999450683594,214.04351806640625,3033300
2023-08-11,221.10000610351562,222.41000366210938,220.77000427246094,221.8000030517578,213.841064453125,2220400
2023-08-14,221.32000732421875,222.9199981689453,221.0500030517578,222.89999389648438,214.901611328125,2435100
2023-08-15,222.0,222.24000549316406,220.0399932861328,220.3699951171875,212.46237182617188,2997300
2023-08-16,220.1300048828125,220.9600067138672,218.5500030517578,218.5500030517578,210.7076873779297,2933500
2023-08-17,219.27999877929688,219.5,216.5500030517578,216.75999450683594,208.9818878173828,3135900
2023-08-18,215.22999572753906,217.55999755859375,215.02999877929688,217.00999450683594,209.22293090820312,2933300
2023-08-21,217.41000366210938,218.67999267578125,216.36000061035156,218.25999450683594,210.4281005859375,2755400
2023-08-22,219.22000122070312,219.22000122070312,217.3800048828125,217.67999267578125,209.86888122558594,2891900
2023-08-23,218.0800018310547,220.39999389648438,218.0800018310547,220.05999755859375,212.16348266601562,2560200
2023-08-24,220.6999969482422,221.13999938964844,217.0800018310547,217.11000061035156,209.31935119628906,3099400
2023-08-25,217.97999572753906,219.24000549316406,216.0500030517578,218.58999633789062,210.7462615966797,3631000
2023-08-28,219.57000732421875,220.32000732421875,219.10000610351562,219.99000549316406,212.09600830078125,2364700
2023-08-29,219.94000244140625,223.32000732421875,219.8000030517578,223.19000244140625,215.18113708496094,3160300
2023-08-30,223.25,224.5,223.0500030517578,224.17999267578125,216.13563537597656,2420800
2023-08-31,224.5,225.17999267578125,223.8800048828125,223.94000244140625,215.9042510986328,3044000
2023-09-01,225.33999633789062,225.77999877929688,223.9600067138672,224.67999267578125,216.61769104003906,3047600
2023-09-05,224.25999450683594,224.63999938964844,223.27999877929688,223.33999633789062,215.32579040527344,2531500
2023-09-06,222.99000549316406,223.17999267578125,220.75,221.94000244140625,213.97604370117188,2473700
2023-09-07,220.3800048828125,221.5,220.0800018310547,221.17999267578125,213.24330139160156,2964700
2023-09-08,221.2100067138672,222.17999267578125,220.97999572753906,221.4199981689453,213.47467041015625,2244400
2023-09-11,222.66000366210938,223.0399932861328,221.9499969482422,222.80999755859375,214.81480407714844,2087900
2023-09-12,222.13999938964844,222.97000122070312,221.4499969482422,221.72999572753906,213.7735595703125,2448500
2023-09-13,221.7899932861328,222.3000030517578,221.10000610351562,221.75999450683594,213.80250549316406,1990000
2023-09-14,222.85000610351562,223.97999572753906,222.33999633789062,223.66000366210938,215.6343231201172,2002400
2023-09-15,222.88999938964844,222.9199981689453,220.75999450683594,221.02999877929688,213.0986785888672,2639200
2023-09-18,220.91000366210938,221.69000244140625,220.5500030517578,221.0500030517578,213.1179962158203,2259600
2023-09-19,220.61000061035156,220.8699951171875,219.1699981689453,220.49000549316406,212.57806396484375,2977800
2023-09-20,221.1300048828125,221.49000549316406,218.4499969482422,218.5399932861328,210.69802856445312,2448400
2023-09-21,216.36000061035156,216.4199981689453,213.97999572753906,214.08999633789062,207.16419982910156,4190400
2023-09-22,214.67999267578125,215.3000030517578,213.39999389648438,213.63999938964844,206.7287139892578,3261300
2023-09-25,213.14999389648438,214.5,212.75,214.5,207.56089782714844,3440000
2023-09-26,213.05999755859375,213.42999267578125,211.00999450683594,211.41000366210938,204.57086181640625,4371900
2023-09-27,212.1199951171875,212.4600067138672,209.83999633789062,211.6300048828125,204.78375244140625,4407300
2023-09-28,211.4199981689453,213.8699951171875,211.13999938964844,213.02999877929688,206.13848876953125,2952400
2023-09-29,214.5500030517578,214.6699981689453,211.7899932861328,212.41000366210938,205.53854370117188,4441400
2023-10-02,212.1999969482422,212.85000610351562,210.74000549316406,212.1300048828125,205.26756286621094,4358100
2023-10-03,211.0,211.69000244140625,208.3300018310547,209.0500030517578,202.2872314453125,4389100
2023-10-04,209.22999572753906,210.88999938964844,208.39999389648438,210.55999755859375,203.7483673095703,3045400
2023-10-05,210.3800048828125,210.86000061035156,208.77999877929688,210.4499969482422,203.6419219970703,2679700
2023-10-06,209.05999755859375,213.77999877929688,208.57000732421875,212.9600067138672,206.07073974609375,3666300
2023-10-09,211.91000366210938,214.64999389648438,211.75999450683594,214.3000030517578,207.3673858642578,2869700
2023-10-10,214.60000610351562,216.9499969482422,214.57000732421875,215.6300048828125,208.6543731689453,3494600
2023-10-11,216.1999969482422,216.6300048828125,214.8800048828125,216.47999572753906,209.4768524169922,3033000
2023-10-12,216.6300048828125,216.72000122070312,213.52999877929688,214.74000549316406,207.79315185546875,3244200
2023-10-13,215.52999877929688,216.00999450683594,212.75,213.52999877929688,206.6222686767578,3267700
2023-10-16,214.72999572753906,216.4600067138672,214.55999755859375,216.00999450683594,209.02207946777344,3361600
2023-10-17,214.3699951171875,217.3800048828125,214.1699981689453,216.2899932861328,209.29302978515625,3627700
2023-10-18,215.11000061035156,215.6300048828125,212.58999633789062,213.08999633789062,206.196533203125,3255000
2023-10-19,213.39999389648438,214.35000610351562,210.69000244140625,211.0800018310547,204.2515106201172,4322700
2023-10-20,210.86000061035156,211.0500030517578,208.3800048828125,208.47000122070312,201.72598266601562,4447600
2023-10-23,207.6699981689453,209.97000122070312,206.66000366210938,207.89999389648438,201.17442321777344,5473000
2023-10-24,209.07000732421875,210.2100067138672,208.1199951171875,209.47000122070312,202.6936492919922,3180900
2023-10-25,208.4499969482422,208.5399932861328,206.08999633789062,206.36000061035156,199.68423461914062,3454500
2023-10-26,205.9199981689453,206.36000061035156,203.6300048828125,204.22000122070312,197.6134796142578,4133400
2023-10-27,205.0,205.11000061035156,202.44000244140625,203.1199951171875,196.549072265625,4290700
2023-10-30,204.52999877929688,205.97999572753906,203.75999450683594,205.4600067138672,198.8133544921875,3562700
2023-10-31,205.6300048828125,207.0,204.82000732421875,206.7899932861328,200.10032653808594,3325300
2023-11-01,207.13999938964844,209.22000122070312,206.8699951171875,208.86000061035156,202.1033477783203,5789300
2023-11-02,210.85000610351562,213.11000061035156,210.85000610351562,213.00999450683594,206.1190948486328,4111600
2023-11-03,214.32000732421875,216.1999969482422,214.27000427246094,215.41000366210938,208.4414825439453,4217100
2023-11-06,215.8300018310547,216.07000732421875,214.47000122070312,215.5,208.52853393554688,2915000
2023-11-07,215.3800048828125,216.5,214.89999389648438,216.13999938964844,209.14785766601562,3194300
2023-11-08,216.33999633789062,216.72000122070312,215.0,216.11000061035156,209.11883544921875,2813800
2023-11-09,216.6300048828125,216.77999877929688,214.05999755859375,214.27000427246094,207.33834838867188,2771200
2023-11-10,215.10000610351562,217.61000061035156,214.4499969482422,217.4600067138672,210.4251708984375,3303400
2023-11-13,216.80999755859375,217.86000061035156,216.33999633789062,217.3300018310547,210.29934692382812,2829400
2023-11-14,220.50999450683594,222.77999877929688,220.50999450683594,222.14999389648438,214.96343994140625,4055100
2023-11-15,222.86000061035156,223.8000030517578,222.2899932861328,222.6999969482422,215.49563598632812,2819200
2023-11-16,222.3000030517578,222.8800048828125,221.60000610351562,222.5500030517578,215.3505096435547,2754500
2023-11-17,222.8699951171875,223.44000244140625,222.4199981689453,223.11000061035156,215.89236450195312,3123700
2023-11-20,223.11000061035156,225.25,223.0,224.7899932861328,217.5180206298828,2875600
2023-11-21,224.25,224.42999267578125,223.61000061035156,224.17999267578125,216.92774963378906,2513800
2023-11-22,224.85000610351562,225.75999450683594,224.52999877929688,225.13999938964844,217.85670471191406,2880400
2023-11-24,225.0399932861328,225.44000244140625,225.00999450683594,225.3800048828125,218.0889434814453,1219500
2023-11-27,225.1199951171875,225.52999877929688,224.77000427246094,225.08999633789062,217.80833435058594,2410000
2023-11-28,224.77000427246094,225.91000366210938,224.4499969482422,225.22999572753906,217.9438018798828,2761900
2023-11-29,226.3800048828125,227.19000244140625,225.11000061035156,225.3300018310547,218.0405731201172,2653700
2023-11-30,225.72999572753906,226.38999938964844,224.82000732421875,226.25999450683594,218.94049072265625,3148000
2023-12-01,225.99000549316406,228.3300018310547,225.58999633789062,228.1699981689453,220.7886962890625,4078700
2023-12-04,226.5800018310547,227.42999267578125,226.0800018310547,227.35000610351562,219.99522399902344,3837800
2023-12-05,226.5800018310547,227.4499969482422,226.2100067138672,226.91000366210938,219.5694580078125,3019000
2023-12-06,227.88999938964844,228.16000366210938,225.8800048828125,225.9499969482422,218.64051818847656,3172900
2023-12-07,226.99000549316406,228.0500030517578,226.7100067138672,227.75999450683594,220.3919677734375,2724300
2023-12-08,227.36000061035156,229.08999633789062,227.27000427246094,228.85000610351562,221.4467315673828,2741500
2023-12-11,228.69000244140625,229.8300018310547,228.50999450683594,229.7899932861328,222.3562774658203,3076600
2023-12-12,229.58999633789062,230.77999877929688,228.9600067138672,230.66000366210938,223.19813537597656,3214900
2023-12-13,230.77000427246094,234.42999267578125,230.5500030517578,234.24000549316406,226.66232299804688,4231100
2023-12-14,235.66000366210938,236.5800018310547,234.19000244140625,235.6300048828125,228.00735473632812,5014500
2023-12-15,234.7899932861328,235.94000244140625,234.6300048828125,235.30999755859375,227.6977081298828,4298600
2023-12-18,235.86000061035156,236.82000732421875,235.82000732421875,236.3300018310547,228.68472290039062,3855100
2023-12-19,236.72000122070312,238.10000610351562,236.72000122070312,238.05999755859375,230.35874938964844,3731700
2023-12-20,237.74000549316406,238.69000244140625,234.44000244140625,234.50999450683594,226.92356872558594,5149700
2023-12-21,235.0800018310547,236.1699981689453,234.05999755859375,236.08999633789062,229.4327850341797,4427000
2023-12-22,236.58999633789062,237.52000427246094,235.63999938964844,236.6300048828125,229.9575653076172,3662400
2023-12-26,236.97999572753906,238.30999755859375,236.86000061035156,237.8000030517578,231.0945587158203,3829400
2023-12-27,238.0,238.44000244140625,237.47000122070312,238.25,231.53187561035156,5103700
2023-12-28,238.25,238.74000549316406,238.1300048828125,238.1300048828125,231.41526794433594,4099400
2023-12-29,238.13999938964844,238.47000122070312,236.47999572753906,237.22000122070312,230.53091430664062,4188800
2024-01-02,235.64999389648438,236.50999450683594,234.77000427246094,235.6300048828125,228.9857635498047,4847600
2024-01-03,234.52999877929688,234.74000549316406,233.11000061035156,233.3699951171875,226.78945922851562,3925500
2024-01-04,233.25999450683594,234.5500030517578,232.66000366210938,232.77000427246094,226.20640563964844,3681900
2024-01-05,232.6999969482422,234.38999938964844,232.39999389648438,233.1199951171875,226.5465545654297,3305500
2024-01-08,233.27000427246094,236.55999755859375,233.25999450683594,236.4499969482422,229.7826385498047,4156600
2024-01-09,235.14999389648438,236.55999755859375,234.74000549316406,236.00999450683594,229.3550567626953,4524800
2024-01-10,236.1199951171875,237.66000366210938,235.7899932861328,237.22999572753906,230.54063415527344,3343400
2024-01-11,237.52000427246094,237.86000061035156,234.9199981689453,237.07000732421875,230.38516235351562,3375600
2024-01-12,237.97999572753906,238.3699951171875,236.4199981689453,237.11000061035156,230.4239959716797,3053400
2024-01-16,236.2899932861328,236.91000366210938,235.10000610351562,236.00999450683594,229.3550567626953,3646700
2024-01-17,234.41000366210938,234.8699951171875,233.42999267578125,234.58999633789062,227.97509765625,3336600
2024-01-18,235.63999938964844,236.9600067138672,234.6199951171875,236.66000366210938,229.9866943359375,3509900
2024-01-19,237.3800048828125,239.74000549316406,236.75999450683594,239.5399932861328,232.78549194335938,3850800
2024-01-22,240.5399932861328,241.39999389648438,240.0500030517578,240.5800018310547,233.7961883544922,3952700
2024-01-23,241.02000427246094,241.1699981689453,240.05999755859375,241.02000427246094,234.22377014160156,3015300
2024-01-24,242.66000366210938,242.8699951171875,240.85000610351562,240.97999572753906,234.18490600585938,3003000
2024-01-25,242.19000244140625,242.55999755859375,241.07000732421875,242.32000732421875,235.4871368408203,2993900
2024-01-26,242.30999755859375,243.02000427246094,241.72999572753906,242.1199951171875,235.29275512695312,2858200
2024-01-29,242.33999633789062,244.33999633789062,242.1300048828125,244.32000732421875,237.43072509765625,3463400
2024-01-30,244.07000732421875,244.3300018310547,243.57000732421875,243.97999572753906,237.10028076171875,3098900
2024-01-31,242.83999633789062,243.24000549316406,239.86000061035156,239.8699951171875,233.10621643066406,3884500
2024-02-01,240.89999389648438,243.10000610351562,240.0399932861328,243.10000610351562,236.24513244628906,3986800
2024-02-02,242.9600067138672,246.00999450683594,242.69000244140625,245.17999267578125,238.26646423339844,3876600
2024-02-05,244.8300018310547,244.99000549316406,242.74000549316406,244.02000427246094,237.13917541503906,3324800
2024-02-06,244.47999572753906,245.02000427246094,243.89999389648438,244.85000610351562,237.94578552246094,2568400
2024-02-07,246.0,247.08999633789062,245.38999938964844,246.77999877929688,239.8213348388672,2305700
2024-02-08,246.80999755859375,247.47000122070312,246.50999450683594,247.38999938964844,240.4141387939453,2668200
2024-02-09,247.75,249.14999389648438,247.50999450683594,248.89999389648438,241.88157653808594,2367700
2024-02-12,249.0399932861328,250.33999633789062,248.72000122070312,249.13999938964844,242.1147918701172,2769700
2024-02-13,245.61000061035156,246.32000732421875,243.35000610351562,245.14999389648438,238.2373046875,5832600
2024-02-14,246.8699951171875,248.02999877929688,245.61000061035156,247.86000061035156,240.87091064453125,2606900
2024-02-15,248.33999633789062,249.94000244140625,248.02000427246094,249.77000427246094,242.72703552246094,3181900
2024-02-16,249.61000061035156,250.22999572753906,248.10000610351562,248.4600067138672,241.45399475097656,2909200
2024-02-20,247.5500030517578,247.75,245.75999450683594,246.89999389648438,239.93797302246094,3445100
2024-02-21,246.0500030517578,246.99000549316406,245.1300048828125,246.9499969482422,239.98655700683594,2169900
2024-02-22,249.9600067138672,252.2100067138672,249.61000061035156,251.8300018310547,244.7289581298828,3873000
2024-02-23,252.4600067138672,252.9199981689453,251.52999877929688,252.0,244.89418029785156,2856000
2024-02-26,252.02000427246094,252.44000244140625,251.1999969482422,251.24000549316406,244.15560913085938,2585800
2024-02-27,251.7899932861328,252.10000610351562,250.9499969482422,251.94000244140625,244.8358612060547,2024600
2024-02-28,251.10000610351562,251.9600067138672,250.97000122070312,251.52000427246094,244.42771911621094,2192200
2024-02-29,252.67999267578125,253.3000030517578,251.1199951171875,252.5800018310547,245.45779418945312,2610400
2024-03-01,253.0399932861328,255.07000732421875,252.67999267578125,254.89999389648438,247.71238708496094,3693800
2024-03-04,254.77999877929688,255.5800018310547,254.52999877929688,254.64999389648438,247.4694366455078,4966800
2024-03-05,253.67999267578125,253.86000061035156,250.91000366210938,251.9499969482422,244.8455810546875,3134800
2024-03-06,253.8699951171875,254.50999450683594,252.67999267578125,253.44000244140625,246.29356384277344,2501700
2024-03-07,255.0,256.3699951171875,254.64999389648438,255.91000366210938,248.69390869140625,2940900
2024-03-08,256.4200134277344,257.7099914550781,254.0399932861328,254.42999267578125,247.25563049316406,3673500
2024-03-11,253.88999938964844,254.35000610351562,252.6999969482422,254.02000427246094,246.85719299316406,3038700
2024-03-12,254.99000549316406,256.739990234375,253.64999389648438,256.5299987792969,249.29641723632812,4380100
2024-03-13,256.57000732421875,256.8699951171875,255.47000122070312,256.2099914550781,248.98544311523438,2667400
2024-03-14,256.69000244140625,256.8699951171875,253.72000122070312,255.22000122070312,248.02337646484375,3664100
2024-03-15,253.60000610351562,254.64999389648438,252.6999969482422,253.7100067138672,246.55593872070312,3216800
2024-03-18,255.5800018310547,256.2099914550781,254.80999755859375,255.0,247.8095703125,3455400
2024-03-19,254.42999267578125,256.54998779296875,254.1699981689453,256.4700012207031,249.23812866210938,2900200
2024-03-20,256.4599914550781,259.20001220703125,256.19000244140625,259.07000732421875,251.76478576660156,2480800
2024-03-21,260.6499938964844,261.07000732421875,260.0400085449219,260.1400146484375,252.80462646484375,3723200
2024-03-22,259.19000244140625,259.45001220703125,258.3399963378906,258.5,252.0937042236328,2465300
2024-03-25,258.1000061035156,258.489990234375,257.7900085449219,257.9200134277344,251.528076171875,2714400
2024-03-26,258.79998779296875,258.8299865722656,257.2799987792969,257.4599914550781,251.0794219970703,2591500
2024-03-27,259.1300048828125,259.8500061035156,258.010009765625,259.7300109863281,253.29324340820312,4030200
2024-03-28,259.79998779296875,260.5799865722656,259.760009765625,259.8999938964844,253.458984375,2669100
2024-04-01,260.32000732421875,260.3800048828125,258.67999267578125,259.70001220703125,253.26397705078125,3292300
2024-04-02,257.5,257.5,256.19000244140625,257.29998779296875,250.92344665527344,3213400
2024-04-03,256.7300109863281,258.44000244140625,256.6600036621094,257.70001220703125,251.3135528564453,3241600
2024-04-04,259.6499938964844,259.989990234375,254.44000244140625,254.61000061035156,248.30007934570312,3121300
2024-04-05,255.11000061035156,258.20001220703125,255.0,257.17999267578125,250.806396484375,4178500
2024-04-08,257.79998779296875,258.1400146484375,257.1000061035156,257.4800109863281,251.09901428222656,3223800
2024-04-09,258.3500061035156,258.5,255.39999389648438,257.8500061035156,251.45980834960938,2940600
2024-04-10,254.72000122070312,256.0400085449219,253.9199981689453,254.97000122070312,248.65118408203125,3348900
2024-04-11,255.75,257.42999267578125,253.8800048828125,256.70001220703125,250.33831787109375,3434200
2024-04-12,255.27000427246094,255.63999938964844,252.16000366210938,253.0,246.73001098632812,3574400
2024-04-15,255.0,255.2100067138672,249.25999450683594,249.88999938964844,243.69705200195312,4804300
2024-04-16,249.88999938964844,250.64999389648438,248.47000122070312,249.13999938964844,242.96563720703125,3466800
2024-04-17,250.44000244140625,250.92999267578125,246.97999572753906,247.67999267578125,241.54183959960938,2861400
2024-04-18,248.32000732421875,249.52999877929688,246.64999389648438,247.1699981689453,241.0444793701172,2991700
2024-04-19,247.07000732421875,247.69000244140625,244.57000732421875,245.22999572753906,239.15257263183594,3469000
2024-04-22,246.58999633789062,248.8800048828125,245.3800048828125,247.63999938964844,241.50283813476562,3112000
2024-04-23,248.57000732421875,250.9499969482422,248.27000427246094,250.58999633789062,244.37973022460938,2399000
2024-04-24,251.2100067138672,251.50999450683594,249.3000030517578,250.64999389648438,244.438232421875,2285900
2024-04-25,247.30999755859375,249.88999938964844,246.42999267578125,249.4600067138672,243.27772521972656,2473300
2024-04-26,250.86000061035156,252.5399932861328,250.44000244140625,251.77999877929688,245.54022216796875,3238100
2024-04-29,252.75,253.1199951171875,251.35000610351562,252.77000427246094,246.50567626953125,2086000
2024-04-30,251.94000244140625,252.3300018310547,248.55999755859375,248.61000061035156,242.44879150390625,2502700
2024-05-01,248.4600067138672,251.97999572753906,247.60000610351562,247.99000549316406,241.84417724609375,3509500
2024-05-02,250.1300048828125,250.9199981689453,247.61000061035156,250.55999755859375,244.3504638671875,2580200
2024-05-03,253.60000610351562,254.39999389648438,252.1999969482422,253.52999877929688,247.24684143066406,2350200
2024-05-06,254.8000030517578,256.25,254.6199951171875,256.25,249.8994598388672,2811500
2024-05-07,256.5899963378906,257.1700134277344,256.1400146484375,256.4800109863281,250.12374877929688,1829900
2024-05-08,255.47999572753906,256.54998779296875,255.3300018310547,256.29998779296875,249.9481964111328,2600100
2024-05-09,256.29998779296875,257.8800048828125,256.0,257.80999755859375,251.42079162597656,2418700
2024-05-10,258.6700134277344,259.0299987792969,257.45001220703125,258.04998779296875,251.6548309326172,1922500
2024-05-13,259.0799865722656,259.0799865722656,257.55999755859375,258.19000244140625,251.7913360595703,1948400
2024-05-14,258.2300109863281,259.6700134277344,258.0799865722656,259.45001220703125,253.0201416015625,2466800
2024-05-15,260.8500061035156,262.7300109863281,260.44000244140625,262.6400146484375,256.131103515625,2508700
2024-05-16,262.67999267578125,263.2799987792969,261.8599853515625,261.92999267578125,255.43865966796875,2445000
2024-05-17,262.1499938964844,262.29998779296875,261.239990234375,262.29998779296875,255.79953002929688,2208700
2024-05-20,262.42999267578125,263.3599853515625,262.2099914550781,262.57000732421875,256.06280517578125,2366100
2024-05-21,262.20001220703125,263.1600036621094,262.1300048828125,263.1099853515625,256.5894470214844,2241900
2024-05-22,262.8599853515625,263.07000732421875,261.1300048828125,262.2200012207031,255.72149658203125,2356600
2024-05-23,263.8599853515625,263.9200134277344,259.42999267578125,259.989990234375,253.54676818847656,6603000
2024-05-24,261.0400085449219,262.2099914550781,260.45001220703125,261.8699951171875,255.38023376464844,3123700
2024-05-28,262.4700012207031,262.4700012207031,260.489990234375,261.8699951171875,255.38023376464844,3078100
2024-05-29,259.6199951171875,260.3699951171875,259.42999267578125,259.7200012207031,253.28347778320312,3179000
2024-05-30,259.2799987792969,259.6199951171875,257.75,258.45001220703125,252.04493713378906,3030200
2024-05-31,259.0,260.6000061035156,256.25,260.44000244140625,253.9856719970703,3407400
2024-06-03,261.6600036621094,261.6600036621094,258.0799865722656,260.5199890136719,254.06361389160156,6203400
2024-06-04,259.8399963378906,260.8900146484375,258.95001220703125,260.489990234375,254.0343475341797,2489800
2024-06-05,261.79998779296875,263.67999267578125,260.70001220703125,263.67999267578125,257.14532470703125,2384000
2024-06-06,263.6499938964844,263.9599914550781,262.6000061035156,263.45001220703125,256.9210510253906,2190200
2024-06-07,262.8900146484375,264.29998779296875,262.25,262.95001220703125,256.43341064453125,1838900
2024-06-10,262.3299865722656,264.0,262.20001220703125,263.8299865722656,257.2915344238281,1958400
2024-06-11,263.0,264.3500061035156,261.8800048828125,264.2799987792969,257.73040771484375,3017300
2024-06-12,267.0899963378906,268.2099914550781,266.2099914550781,266.7699890136719,260.1587219238281,2762600
2024-06-13,267.4700012207031,267.79998779296875,265.5,266.8900146484375,260.2757873535156,2285200
2024-06-14,265.8599853515625,266.69000244140625,265.239990234375,266.69000244140625,260.0806884765625,2205600
2024-06-17,266.4100036621094,269.3999938964844,266.0400085449219,268.7200012207031,262.0604248046875,2452000
2024-06-18,268.8599853515625,269.5400085449219,268.6600036621094,269.3999938964844,262.7235412597656,2024300
2024-06-20,269.94000244140625,270.19000244140625,267.75,268.7200012207031,262.0604248046875,3168600
2024-06-21,268.4200134277344,268.80999755859375,267.4599914550781,268.30999755859375,261.66058349609375,2676000
2024-06-24,268.3399963378906,269.7799987792969,267.7799987792969,267.8599853515625,261.22174072265625,2226500
2024-06-25,268.3699951171875,268.739990234375,267.489990234375,268.739990234375,262.0799255371094,2073800
2024-06-26,267.9800109863281,269.1000061035156,267.6300048828125,268.7300109863281,262.0701904296875,1857500
2024-06-27,268.6199951171875,269.5899963378906,268.489990234375,269.3800048828125,262.7040710449219,2655400
2024-06-28,269.3699951171875,270.4100036621094,266.95001220703125,267.510009765625,261.8056335449219,2822800
2024-07-01,268.489990234375,268.489990234375,266.7300109863281,268.04998779296875,262.3341064453125,2881000
2024-07-02,267.4599914550781,269.6300048828125,267.25,269.6000061035156,263.85107421875,4207800
2024-07-03,269.6099853515625,270.8999938964844,269.6099853515625,270.7099914550781,264.9373779296875,1948500
2024-07-05,270.82000732421875,272.260009765625,270.3999938964844,272.1199951171875,266.31732177734375,4237500
2024-07-08,272.6499938964844,272.9200134277344,271.9100036621094,272.489990234375,266.679443359375,2335000
2024-07-09,272.82000732421875,273.17999267578125,272.30999755859375,272.4200134277344,266.6109619140625,2702100
2024-07-10,273.2099914550781,275.2099914550781,272.8500061035156,275.05999755859375,269.19464111328125,1992600
2024-07-11,275.75,276.260009765625,273.44000244140625,273.8299865722656,267.9908752441406,3598000
2024-07-12,274.3500061035156,277.3599853515625,274.3399963378906,275.6400146484375,269.7622375488281,2729500
2024-07-15,276.79998779296875,278.29998779296875,275.8800048828125,276.82000732421875,270.9171142578125,3386100
2024-07-16,277.6000061035156,279.2099914550781,277.3999938964844,279.1000061035156,273.14849853515625,3261100
2024-07-17,276.239990234375,277.2699890136719,274.989990234375,275.1600036621094,269.29254150390625,3346100
2024-07-18,276.0,276.54998779296875,271.6499938964844,272.760009765625,266.94366455078125,2904200
2024-07-19,272.55999755859375,273.3299865722656,270.5,271.05999755859375,265.2799377441406,2414200
2024-07-22,272.7799987792969,274.1499938964844,271.8999938964844,273.8900146484375,268.0495910644531,2527300
2024-07-23,273.8699951171875,275.1400146484375,273.55999755859375,273.69000244140625,267.8538818359375,2229500
2024-07-24,271.3399963378906,271.6099853515625,267.0799865722656,267.5299987792969,261.8251953125,3050700
2024-07-25,267.70001220703125,271.07000732421875,265.95001220703125,266.5,260.8171691894531,3237800
2024-07-26,268.6400146484375,270.989990234375,268.25,269.69000244140625,263.9391784667969,2757900
2024-07-29,270.7300109863281,271.0799865722656,268.7699890136719,269.7099914550781,263.958740234375,2814400
2024-07-30,270.5,271.1499938964844,266.8699951171875,268.5899963378906,262.86260986328125,2174100
2024-07-31,271.94000244140625,274.2900085449219,271.1000061035156,272.57000732421875,266.75775146484375,2541500
2024-08-01,273.25,274.510009765625,266.6099853515625,268.29998779296875,262.57879638671875,3767300
2024-08-02,264.5,264.7699890136719,260.69000244140625,262.8999938964844,257.2939453125,4744200
2024-08-05,251.2100067138672,258.3299865722656,251.0,255.17999267578125,249.73854064941406,8463400
2024-08-06,256.57000732421875,261.3599853515625,255.52999877929688,257.7699890136719,252.2733154296875,5255200
2024-08-07,261.07000732421875,262.3500061035156,255.55999755859375,255.8000030517578,250.34532165527344,3398500
2024-08-08,258.67999267578125,262.1700134277344,257.5,261.7900085449219,256.2076110839844,2922800
2024-08-09,261.739990234375,263.6400146484375,260.79998779296875,262.9200134277344,257.31353759765625,2667400
2024-08-12,263.6300048828125,263.989990234375,261.760009765625,262.75,257.1471252441406,2548500
2024-08-13,264.4100036621094,267.2099914550781,264.29998779296875,267.1199951171875,261.4239196777344,2316200
2024-08-14,267.6499938964844,268.4700012207031,266.1300048828125,267.8800048828125,262.1677551269531,2335300
2024-08-15,270.94000244140625,272.7699890136719,270.5799865722656,272.5199890136719,266.708740234375,3031600
2024-08-16,271.8999938964844,273.5400085449219,271.7300109863281,273.1700134277344,267.3449401855469,2571900
2024-08-19,273.6199951171875,275.7900085449219,273.0199890136719,275.75,269.8699035644531,2660000
2024-08-20,275.67999267578125,276.30999755859375,274.42999267578125,275.0799865722656,269.2142028808594,2041900
2024-08-21,275.7699890136719,276.8999938964844,274.95001220703125,276.4599914550781,270.56475830078125,1983700
2024-08-22,277.1700134277344,277.5899963378906,273.6099853515625,274.1199951171875,268.2746887207031,2554300
2024-08-23,275.739990234375,277.8299865722656,275.3299865722656,277.5899963378906,271.670654296875,2281800
2024-08-26,278.1300048828125,278.5299987792969,276.260009765625,276.8900146484375,270.9856262207031,2263800
2024-08-27,276.1000061035156,277.3800048828125,275.6099853515625,277.1400146484375,271.2302551269531,1787900
2024-08-28,276.79998779296875,277.0799865722656,273.9200134277344,275.45001220703125,269.5763244628906,1856400
2024-08-29,276.4800109863281,278.30999755859375,275.239990234375,275.7200012207031,269.8405456542969,3018000
2024-08-30,276.7200012207031,278.5299987792969,275.0799865722656,278.3800048828125,272.44384765625,2029300
2024-09-03,276.79998779296875,277.0,271.1600036621094,272.3900146484375,266.5815734863281,3818900
2024-09-04,271.010009765625,273.5400085449219,270.9800109863281,271.7799987792969,265.98455810546875,2946700
2024-09-05,271.79998779296875,273.0199890136719,269.8299865722656,270.94000244140625,265.1624755859375,3997800
2024-09-06,271.17999267578125,272.0400085449219,266.010009765625,266.44000244140625,260.7584533691406,3599900
2024-09-09,268.3900146484375,270.04998779296875,267.5799865722656,269.2900085449219,263.54766845703125,2969800
2024-09-10,270.1300048828125,270.489990234375,267.6700134277344,270.3399963378906,264.57525634765625,1874700
2024-09-11,270.2200012207031,273.3599853515625,265.9200134277344,273.0299987792969,267.2079162597656,2640200
2024-09-12,273.42999267578125,275.54998779296875,272.1499938964844,275.29998779296875,269.4295349121094,2420700
2024-09-13,276.0,277.70001220703125,275.760009765625,277.2200012207031,271.30853271484375,2474700
2024-09-16,277.1199951171875,277.8800048828125,276.25,277.7699890136719,271.8468017578125,2065700
2024-09-17,278.9800109863281,279.7799987792969,276.9700012207031,278.04998779296875,272.120849609375,2133600
2024-09-18,278.3699951171875,281.05999755859375,277.0899963378906,277.3500061035156,271.4358215332031,3389900
2024-09-19,282.1000061035156,283.0,280.6000061035156,282.04998779296875,276.0355529785156,2660200
2024-09-20,281.67999267578125,282.0199890136719,280.0799865722656,281.4599914550781,275.4581298828125,2293600
2024-09-23,282.20001220703125,282.55999755859375,281.4599914550781,282.1600036621094,276.1432189941406,1920800
2024-09-24,282.760009765625,282.8900146484375,281.1400146484375,282.8699951171875,276.83807373046875,1952100
2024-09-25,282.95001220703125,283.1499938964844,281.5,281.94000244140625,275.9279479980469,1744200
2024-09-26,284.2699890136719,284.3500061035156,282.0899963378906,283.20001220703125,277.16107177734375,2616800
2024-09-27,283.17999267578125,283.44000244140625,281.4599914550781,282.04998779296875,276.8871154785156,2644100
2024-09-30,281.6199951171875,283.3900146484375,280.3699951171875,283.1600036621094,277.9768371582031,2828300
2024-10-01,283.0,283.04998779296875,279.1600036621094,280.5799865722656,275.4440612792969,4874900
2024-10-02,280.239990234375,281.1700134277344,278.8699951171875,280.6400146484375,275.5029602050781,3637500
2024-10-03,279.8299865722656,280.95001220703125,278.8999938964844,280.0400085449219,274.9139709472656,2369200
2024-10-04,282.4599914550781,282.8900146484375,280.3500061035156,282.75,277.5743408203125,2335400
2024-10-07,282.0400085449219,282.1300048828125,279.5400085449219,280.1700134277344,275.04156494140625,11465600
2024-10-08,281.2799987792969,282.8800048828125,280.8800048828125,282.5299987792969,277.35833740234375,2164600
2024-10-09,282.54998779296875,284.739990234375,282.260009765625,284.5,279.29229736328125,2123800
2024-10-10,283.7799987792969,284.6099853515625,283.0299987792969,283.9100036621094,278.713134765625,2547200
2024-10-11,283.9700012207031,286.3900146484375,283.95001220703125,286.1099853515625,280.872802734375,1799500
2024-10-14,286.8599853515625,288.7300109863281,286.6099853515625,288.3399963378906,283.0620422363281,1997000
2024-10-15,288.32000732421875,288.69000244140625,285.9100036621094,286.3599853515625,281.1182556152344,3260800
2024-10-16,286.7200012207031,288.1099853515625,286.2300109863281,287.82000732421875,282.5515441894531,2215300
2024-10-17,289.4700012207031,289.70001220703125,287.7300109863281,287.760009765625,282.49267578125,2810600
2024-10-18,288.70001220703125,289.260009765625,287.9100036621094,288.8900146484375,283.6019592285156,1822100
2024-10-21,288.510009765625,288.79998779296875,286.6400146484375,287.9800109863281,282.7086181640625,2320100
2024-10-22,286.8999938964844,288.25,286.4700012207031,287.6499938964844,282.3846130371094,2029000
2024-10-23,286.7699890136719,286.9100036621094,283.3399963378906,285.04998779296875,279.83221435546875,2637300
2024-10-24,286.1199951171875,286.17999267578125,284.4700012207031,285.80999755859375,280.57830810546875,2235600
2024-10-25,287.0299987792969,288.25,285.04998779296875,285.5400085449219,280.3132629394531,2813700
2024-10-28,287.05999755859375,287.4800109863281,286.55999755859375,286.70001220703125,281.4519958496094,1874300
2024-10-29,286.2699890136719,287.6499938964844,285.45001220703125,287.0799865722656,281.8250732421875,2503400
2024-10-30,286.9800109863281,288.1000061035156,286.0299987792969,286.3699951171875,281.1280822753906,2204100
2024-10-31,284.7799987792969,284.7799987792969,280.9599914550781,281.0299987792969,275.88580322265625,3027400
2024-11-01,282.5199890136719,284.489990234375,281.9599914550781,282.2300109863281,277.0638732910156,2449400
2024-11-04,282.1700134277344,283.07000732421875,280.8699951171875,281.7200012207031,276.563232421875,2383900
2024-11-05,282.1099853515625,285.29998779296875,282.010009765625,285.29998779296875,280.0776672363281,2060300
2024-11-06,292.29998779296875,293.6099853515625,290.2099914550781,293.2799987792969,287.91156005859375,5676800
2024-11-07,294.0199890136719,295.8999938964844,294.010009765625,295.3299865722656,289.924072265625,4109000
2024-11-08,295.6099853515625,297.3699951171875,295.510009765625,296.7099914550781,291.2787780761719,4142400
2024-11-11,297.92999267578125,298.1199951171875,296.760009765625,297.5400085449219,292.0935974121094,3200900
2024-11-12,297.4200134277344,297.7799987792969,295.0899963378906,296.3699951171875,290.9450378417969,3474800
2024-11-13,296.79998779296875,297.54998779296875,295.6199951171875,296.2300109863281,290.80755615234375,2829100
2024-11-14,296.5,296.6099853515625,293.7200012207031,294.0400085449219,288.6576843261719,3280800
2024-11-15,292.510009765625,292.6099853515625,289.3500061035156,290.30999755859375,284.9959716796875,4025800
2024-11-18,290.6400146484375,292.239990234375,290.1300048828125,291.489990234375,286.1543273925781,2990100
2024-11-19,289.8999938964844,293.0899963378906,289.45001220703125,292.8299865722656,287.46978759765625,2342200
2024-11-20,292.9200134277344,293.1600036621094,290.1400146484375,293.0,287.6367492675781,2670800
2024-11-21,294.5299987792969,295.7699890136719,291.95001220703125,295.04998779296875,289.6492004394531,2560700
2024-11-22,295.1300048828125,296.80999755859375,295.1300048828125,296.510009765625,291.08251953125,2639800
2024-11-25,298.6700134277344,299.4700012207031,296.8999938964844,297.9599914550781,292.5059509277344,3384600
2024-11-26,298.42999267578125,299.3900146484375,297.8699951171875,299.04998779296875,293.5759582519531,3292800
2024-11-27,299.1300048828125,299.4700012207031,297.3999938964844,298.20001220703125,292.7415466308594,2730500
2024-11-29,298.94000244140625,300.3800048828125,298.7099914550781,299.8599853515625,294.37115478515625,1811900
2024-12-02,300.29998779296875,300.75,299.79998779296875,300.42999267578125,294.93072509765625,3583700
2024-12-03,300.3800048828125,300.57000732421875,299.6400146484375,300.42999267578125,294.93072509765625,2101200
2024-12-04,301.4800109863281,302.6000061035156,301.1700134277344,302.45001220703125,296.9137268066406,3258100
2024-12-05,302.6000061035156,302.75,301.5199890136719,301.6099853515625,296.089111328125,2183400
2024-12-06,302.30999755859375,302.95001220703125,302.0199890136719,302.45001220703125,296.9137268066406,2332900
2024-12-09,302.5299987792969,302.6499938964844,300.3299865722656,300.5199890136719,295.0190734863281,2953900
2024-12-10,301.0,301.0,299.07000732421875,299.3900146484375,293.9097900390625,2557100
2024-12-11,301.0,302.2900085449219,300.8599853515625,301.79998779296875,296.275634765625,2235300
2024-12-12,301.4800109863281,301.54998779296875,300.0400085449219,300.0799865722656,294.587158203125,2120000
2024-12-13,301.0,301.2699890136719,299.1000061035156,299.92999267578125,294.4398498535156,2279200
2024-12-16,300.57000732421875,301.75,300.42999267578125,301.1499938964844,295.63751220703125,2545400
2024-12-17,299.9599914550781,300.17999267578125,299.0,299.6600036621094,294.1747741699219,3059900
2024-12-18,299.760009765625,300.5299987792969,289.95001220703125,290.3900146484375,285.0744934082031,3890900
2024-12-19,292.989990234375,293.70001220703125,289.8699951171875,289.9800109863281,284.6719970703125,4826200
2024-12-20,288.6099853515625,295.7099914550781,288.1099853515625,293.2799987792969,287.91156005859375,3837000
2024-12-23,292.5299987792969,294.19000244140625,290.5400085449219,294.0,289.54742431640625,3704500
2024-12-24,294.57000732421875,297.1700134277344,294.25,297.1199951171875,292.6201477050781,2642200
2024-12-26,296.44000244140625,297.7799987792969,295.5400085449219,297.2900085449219,292.7876281738281,4307800
2024-12-27,295.3299865722656,295.92999267578125,291.989990234375,294.07000732421875,289.6163635253906,3636800
2024-12-30,290.8800048828125,292.5199890136719,288.7799987792969,290.82000732421875,286.41558837890625,4968500
2024-12-31,291.80999755859375,292.1400146484375,289.07000732421875,289.80999755859375,285.4208679199219,3893200
2025-01-02,291.45001220703125,292.54998779296875,287.3500061035156,289.260009765625,284.87921142578125,3796400
2025-01-03,290.6600036621094,293.3500061035156,290.19000244140625,293.05999755859375,288.6216735839844,2726800
2025-01-06,295.20001220703125,296.8999938964844,293.92999267578125,294.70001220703125,290.2368469238281,3678600
2025-01-07,295.8399963378906,295.8699951171875,290.3999938964844,291.4100036621094,286.9966735839844,3317000
2025-01-08,291.4200134277344,292.25,289.510009765625,291.67999267578125,287.2625427246094,2971300
2025-01-10,290.04998779296875,290.04998779296875,286.2200012207031,287.29998779296875,282.9488830566406,4403700
2025-01-13,285.0,287.8800048828125,284.6300048828125,287.7699890136719,283.4117736816406,3633300
2025-01-14,289.4100036621094,289.75,286.5199890136719,288.4200134277344,284.0519714355469,3803700
2025-01-15,292.7099914550781,294.29998779296875,292.1700134277344,293.7099914550781,289.26177978515625,2815300
2025-01-16,294.2300109863281,294.6600036621094,292.92999267578125,293.489990234375,289.0451965332031,3130300
2025-01-17,296.17999267578125,297.1199951171875,295.44000244140625,296.20001220703125,291.714111328125,2603200
2025-01-21,297.75,299.2200012207031,296.9100036621094,299.1400146484375,294.6095886230469,3893500
2025-01-22,300.5899963378906,301.2900085449219,300.2699890136719,300.6000061035156,296.0474548339844,3515700
2025-01-23,300.239990234375,302.17999267578125,300.0199890136719,302.17999267578125,297.6035461425781,2647800
2025-01-24,302.260009765625,302.6700134277344,300.79998779296875,301.29998779296875,296.73687744140625,2359000
2025-01-27,295.0,297.5799865722656,294.44000244140625,297.1000061035156,292.6004943847656,5321300
2025-01-28,297.8999938964844,300.1099853515625,296.20001220703125,299.6499938964844,295.1118469238281,2717300
2025-01-29,299.32000732421875,299.6000061035156,296.9700012207031,298.3699951171875,293.85125732421875,2620200
2025-01-30,299.5,301.1099853515625,298.2799987792969,300.239990234375,295.6929016113281,2891200
2025-01-31,301.2200012207031,302.6000061035156,298.2300109863281,298.6000061035156,294.0777893066406,3335000
2025-02-03,293.32000732421875,297.70001220703125,292.70001220703125,296.4200134277344,291.9308166503906,5037700
2025-02-04,296.6199951171875,298.739990234375,296.2300109863281,298.57000732421875,294.0482177734375,2601900
2025-02-05,298.239990234375,299.9700012207031,297.0899963378906,299.95001220703125,295.4073791503906,2226200
2025-02-06,300.7300109863281,300.8599853515625,298.8999938964844,300.69000244140625,296.1361389160156,2899800
2025-02-07,300.94000244140625,301.6600036621094,297.6700134277344,298.0,293.48687744140625,3632000
2025-02-10,299.55999755859375,300.2300109863281,298.9100036621094,299.9100036621094,295.367919921875,2623900
2025-02-11,298.7300109863281,300.07000732421875,298.67999267578125,299.75,295.2103271484375,2719900
2025-02-12,296.8800048828125,299.3299865722656,296.239990234375,298.760009765625,294.2353515625,3283500
2025-02-13,299.5199890136719,301.9700012207031,298.7799987792969,301.8800048828125,297.3080749511719,3066800
2025-02-14,302.0,302.54998779296875,301.5,301.8399963378906,297.2687072753906,2377000
2025-02-18,302.3699951171875,302.70001220703125,301.2200012207031,302.69000244140625,298.1058044433594,2851500
2025-02-19,301.8500061035156,303.3900146484375,301.67999267578125,303.1199951171875,298.5293273925781,2566600
2025-02-20,302.5299987792969,302.7200012207031,299.8800048828125,301.489990234375,296.9239807128906,2863900
2025-02-21,301.739990234375,301.7900085449219,295.6400146484375,295.9200134277344,291.4383850097656,3595000
2025-02-24,296.9599914550781,297.3399963378906,293.8900146484375,294.4100036621094,289.95123291015625,4465400
2025-02-25,294.3999938964844,294.8299865722656,290.5400085449219,292.95001220703125,288.5133361816406,3509200
2025-02-26,293.8999938964844,295.70001220703125,291.8699951171875,293.04998779296875,288.61181640625,2807300
2025-02-27,294.3399963378906,294.7900085449219,288.3999938964844,288.510009765625,284.140625,2747300
2025-02-28,288.6300048828125,293.2099914550781,287.3500061035156,292.9599914550781,288.5231628417969,3485800
2025-03-03,293.9100036621094,294.7200012207031,285.7699890136719,287.7099914550781,283.3526611328125,7835600
2025-03-04,285.20001220703125,288.45001220703125,281.5,284.1199951171875,279.81707763671875,6449600
2025-03-05,284.0799865722656,288.1400146484375,282.32000732421875,287.3500061035156,282.9981384277344,3662300
2025-03-06,283.5299987792969,285.82000732421875,280.6499938964844,282.010009765625,277.739013671875,4836300
2025-03-07,281.2200012207031,284.04998779296875,278.1099853515625,283.3399963378906,279.0488586425781,3868700
2025-03-10,279.42999267578125,280.2799987792969,273.1400146484375,275.6199951171875,271.4457702636719,6442900
2025-03-11,275.0,277.0,271.5799865722656,273.69000244140625,269.5450439453125,5282400
2025-03-12,276.79998779296875,277.2900085449219,272.4800109863281,275.0400085449219,270.87457275390625,3996100
2025-03-13,274.92999267578125,275.0,270.20001220703125,271.17999267578125,267.072998046875,3932500
2025-03-14,273.6000061035156,277.3800048828125,273.3599853515625,276.989990234375,272.7950134277344,3610100
2025-03-17,276.7300109863281,280.6000061035156,276.67999267578125,279.2799987792969,275.0503845214844,3981100
2025-03-18,278.20001220703125,278.5,275.3299865722656,276.2699890136719,272.0859375,3120900
2025-03-19,277.0,281.3800048828125,276.6300048828125,279.4100036621094,275.1783752441406,2867800
2025-03-20,277.70001220703125,281.20001220703125,277.260009765625,278.739990234375,274.5185546875,2256400
2025-03-21,276.4100036621094,279.07000732421875,275.67999267578125,278.8500061035156,274.6268615722656,3382500
2025-03-24,282.25,284.5299987792969,281.8999938964844,284.010009765625,279.708740234375,3251600
2025-03-25,284.5199890136719,285.0899963378906,283.6600036621094,284.489990234375,280.1814270019531,2517200
2025-03-26,284.1499938964844,284.9200134277344,280.30999755859375,281.1600036621094,276.9018859863281,2327500
2025-03-27,279.4599914550781,281.0799865722656,278.04998779296875,278.989990234375,275.7307434082031,2345300
2025-03-28,278.30999755859375,278.75,273.04998779296875,273.42999267578125,270.23565673828125,3912900
2025-03-31,270.2699890136719,275.5799865722656,268.7300109863281,274.8399963378906,271.62921142578125,6064000
2025-04-01,273.8999938964844,276.7900085449219,272.05999755859375,275.7699890136719,272.5483093261719,3269900
2025-04-02,272.8500061035156,279.25,272.6099853515625,277.95001220703125,274.7028503417969,2594700
2025-04-03,268.010009765625,269.3699951171875,263.70001220703125,263.9599914550781,260.8763122558594,8137500
2025-04-04,256.9700012207031,257.7300109863281,248.17999267578125,248.47000122070312,245.5672607421875,16633700
2025-04-07,240.0,257.0299987792969,236.4199981689453,247.66000366210938,244.76673889160156,16346700
2025-04-08,256.5,257.7099914550781,240.0500030517578,243.75,240.9024200439453,11064300
2025-04-09,241.85000610351562,268.4800109863281,241.6199951171875,268.4800109863281,265.34356689453125,12138000
2025-04-10,261.1099853515625,261.6600036621094,249.88999938964844,257.42999267578125,254.42257690429688,7255700
2025-04-11,256.7099914550781,262.75,254.6699981689453,261.739990234375,258.6822509765625,5007900
2025-04-14,266.42999267578125,266.7300109863281,261.4599914550781,264.1499938964844,261.0641174316406,4039900
2025-04-15,264.25,266.3999938964844,263.1499938964844,263.69000244140625,260.6094665527344,4680400
2025-04-16,260.7699890136719,262.5899963378906,255.4499969482422,258.2099914550781,255.1934814453125,4295500
2025-04-17,259.1300048828125,260.95001220703125,257.3299865722656,258.75,255.72715759277344,3401000
2025-04-21,256.2300109863281,256.5,249.94000244140625,252.60000610351562,249.6490478515625,5523200
2025-04-22,255.6199951171875,260.2099914550781,255.27000427246094,259.0299987792969,256.00390625,3802300
2025-04-23,265.92999267578125,268.3800048828125,262.57000732421875,263.44000244140625,260.3623962402344,6842700
2025-04-24,263.8999938964844,269.25,263.3900146484375,268.989990234375,265.8475341796875,3487600
2025-04-25,268.8599853515625,270.8999938964844,267.4100036621094,270.6400146484375,267.478271484375,3220900
2025-04-28,271.0199890136719,272.260009765625,268.0799865722656,271.0299987792969,267.86370849609375,2507700
2025-04-29,270.1300048828125,273.2699890136719,270.05999755859375,272.6600036621094,269.47467041015625,2209100
2025-04-30,269.1099853515625,273.5199890136719,266.25,272.82000732421875,269.6328125,4039500
2025-05-01,275.2799987792969,277.2799987792969,274.25,274.5199890136719,271.31292724609375,3238000
2025-05-02,277.5199890136719,279.6000061035156,276.6199951171875,278.79998779296875,275.54296875,3170800
2025-05-05,276.6499938964844,278.8399963378906,276.3900146484375,277.2200012207031,273.9814147949219,2820800
2025-05-06,274.57000732421875,277.1000061035156,273.95001220703125,274.9700012207031,271.7576599121094,2444000
2025-05-07,275.760009765625,277.2300109863281,273.5799865722656,276.1099853515625,272.8843688964844,2694800
2025-05-08,278.1000061035156,280.8699951171875,276.5,278.2799987792969,275.0290222167969,2781500
2025-05-09,279.05999755859375,279.6199951171875,277.25,277.9700012207031,274.7226257324219,2151200
2025-05-12,286.7799987792969,287.2699890136719,284.3699951171875,287.2699890136719,283.9139709472656,4184800
2025-05-13,287.6099853515625,290.3500061035156,287.0199890136719,289.2200012207031,285.8412170410156,3286800
2025-05-14,289.7200012207031,290.2200012207031,288.44000244140625,289.4100036621094,286.0290222167969,3198800
2025-05-15,288.3699951171875,290.8599853515625,288.04998779296875,290.5899963378906,287.1952209472656,2347000
2025-05-16,291.0799865722656,292.75,290.20001220703125,292.5799865722656,289.1619567871094,5440100
2025-05-19,289.4599914550781,293.1300048828125,289.32000732421875,292.80999755859375,289.3892822265625,3083600
2025-05-20,291.989990234375,292.5,290.3599853515625,291.8500061035156,288.44049072265625,2827200
2025-05-21,289.5400085449219,291.489990234375,286.1499938964844,286.7699890136719,283.4198303222656,3166700
2025-05-22,286.3800048828125,288.5299987792969,285.8800048828125,286.7200012207031,283.3703918457031,2738700
2025-05-23,283.0400085449219,286.2300109863281,283.0,285.0400085449219,281.7100524902344,2855800
2025-05-27,288.4599914550781,291.0299987792969,287.5199890136719,290.8999938964844,287.5015563964844,2980600
2025-05-28,291.1000061035156,291.6499938964844,288.79998779296875,289.19000244140625,285.8115539550781,2413800
2025-05-29,291.5299987792969,291.82000732421875,288.32000732421875,290.1199951171875,286.730712890625,3850800
2025-05-30,289.4700012207031,290.75,286.8599853515625,289.8800048828125,286.4934997558594,3178000
2025-06-02,289.3399963378906,291.4200134277344,287.5799865722656,291.3599853515625,287.9562072753906,2845900
2025-06-03,291.5400085449219,293.8500061035156,291.0199890136719,293.3699951171875,289.9427490234375,3493700
2025-06-04,293.82000732421875,294.3500061035156,293.0299987792969,293.3399963378906,289.9130859375,2718900
2025-06-05,293.9800109863281,294.8999938964844,291.07000732421875,291.7200012207031,288.31201171875,3034300
2025-06-06,294.7099914550781,295.8800048828125,294.0199890136719,295.1199951171875,291.6722717285156,2308800
2025-06-09,295.4599914550781,296.2699890136719,294.82000732421875,295.3599853515625,291.90948486328125,3119700
2025-06-10,295.739990234375,297.19000244140625,295.2200012207031,296.9200134277344,293.4512634277344,2823100
2025-06-11,297.6000061035156,298.07000732421875,295.1600036621094,296.1300048828125,292.6705017089844,2706600
2025-06-12,295.29998779296875,297.1000061035156,295.1000061035156,297.0799865722656,293.609375,3092300
2025-06-13,294.45001220703125,296.1300048828125,292.8399963378906,293.57000732421875,290.1404113769531,3383100
2025-06-16,295.45001220703125,297.3699951171875,295.3299865722656,296.4700012207031,293.00653076171875,3113100
2025-06-17,295.1000061035156,296.04998779296875,293.5799865722656,294.0,290.56536865234375,2720400
2025-06-18,294.32000732421875,295.95001220703125,293.67999267578125,294.1099853515625,290.674072265625,2409300
2025-06-20,295.6199951171875,295.989990234375,292.7200012207031,293.42999267578125,290.0020446777344,2686100
2025-06-23,293.489990234375,296.4700012207031,291.9700012207031,296.25,292.7890930175781,3340000
2025-06-24,298.42999267578125,300.1700134277344,297.94000244140625,299.7099914550781,296.2086486816406,3225300
2025-06-25,300.3500061035156,300.42999267578125,298.7699890136719,299.3599853515625,295.8627624511719,3025900
2025-06-26,300.3699951171875,302.19000244140625,300.1000061035156,301.94000244140625,298.41259765625,2286100
2025-06-27,302.67999267578125,304.260009765625,301.3900146484375,303.30999755859375,299.7666015625,3189900
2025-06-30,303.739990234375,304.5299987792969,302.6000061035156,303.92999267578125,301.2862854003906,3100000
2025-07-01,303.0400085449219,304.69000244140625,302.79998779296875,303.92999267578125,301.2862854003906,3970600
2025-07-02,303.95001220703125,305.55999755859375,303.510009765625,305.510009765625,302.8525390625,4474700
2025-07-03,306.54998779296875,308.3999938964844,306.54998779296875,308.0299987792969,305.3505859375,2238100
2025-07-07,306.989990234375,307.3500061035156,304.2200012207031,305.6000061035156,302.9417419433594,4255800
2025-07-08,306.0899963378906,306.5,305.17999267578125,305.5799865722656,302.9219055175781,3497900
2025-07-09,306.7699890136719,307.69000244140625,305.79998779296875,307.5,304.8251953125,2838800
2025-07-10,307.6499938964844,308.92999267578125,306.9599914550781,308.32000732421875,305.6380920410156,2598100
2025-07-11,306.8800048828125,307.6400146484375,306.1499938964844,307.0199890136719,304.3493957519531,2909500
2025-07-14,306.739990234375,307.95001220703125,306.239990234375,307.7200012207031,305.04327392578125,2364500
2025-07-15,309.0899963378906,309.2900085449219,306.04998779296875,306.1000061035156,303.4374084472656,3447800
2025-07-16,306.8599853515625,307.54998779296875,304.0,307.260009765625,304.5873107910156,3069700
2025-07-17,307.5,309.5799865722656,307.30999755859375,309.260009765625,306.56988525390625,4953000
2025-07-18,310.04998779296875,310.20001220703125,308.54998779296875,309.0899963378906,306.4013977050781,2609100
2025-07-21,309.94000244140625,311.0400085449219,309.2699890136719,309.44000244140625,306.74835205078125,3205000
2025-07-22,309.739990234375,310.19000244140625,308.2300109863281,309.79998779296875,307.1051940917969,2117300
2025-07-23,311.1000061035156,312.45001220703125,310.32000732421875,312.4100036621094,309.6925048828125,3970900
2025-07-24,312.5,313.1400146484375,312.20001220703125,312.29998779296875,309.58343505859375,3661700
2025-07-25,312.79998779296875,313.92999267578125,312.4100036621094,313.69000244140625,310.96136474609375,3233200
2025-07-28,314.20001220703125,314.239990234375,312.92999267578125,313.6000061035156,310.8721618652344,4797900
2025-07-29,314.3399963378906,314.5,312.239990234375,312.6099853515625,309.8907775878906,3745600
2025-07-30,313.19000244140625,314.010009765625,310.7699890136719,312.25,309.53387451171875,5966800
2025-07-31,314.3699951171875,314.8399963378906,310.3900146484375,310.8900146484375,308.1857604980469,4685900
2025-08-01,307.9800109863281,307.9800109863281,304.3999938964844,305.739990234375,303.08050537109375,5607300
2025-08-04,307.5799865722656,310.55999755859375,307.5799865722656,310.5299987792969,307.828857421875,4118100
2025-08-05,310.8599853515625,311.3399963378906,308.45001220703125,309.1600036621094,306.47076416015625,4491800
2025-08-06,309.54998779296875,311.5799865722656,309.04998779296875,311.25,308.5426025390625,3226400
2025-08-07,313.04998779296875,313.3999938964844,309.3599853515625,311.07000732421875,308.3641662597656,2974400
2025-08-08,311.8999938964844,313.29998779296875,311.69000244140625,313.0299987792969,310.30712890625,2881400
2025-08-11,313.3299865722656,313.92999267578125,311.82000732421875,312.30999755859375,309.5933532714844,4275200
2025-08-12,313.7200012207031,316.239990234375,312.9800109863281,316.1300048828125,313.380126953125,3340100
2025-08-13,317.3599853515625,317.92999267578125,316.3999938964844,317.6600036621094,314.8968505859375,2893600
2025-08-14,316.32000732421875,317.55999755859375,316.010009765625,317.19000244140625,314.4309387207031,3487000
2025-08-15,317.94000244140625,317.94000244140625,316.010009765625,316.4700012207031,313.7171936035156,3434100
2025-08-18,316.32000732421875,316.80999755859375,315.989990234375,316.5899963378906,313.8361511230469,3788600
2025-08-19,316.5799865722656,316.9800109863281,314.1000061035156,314.6700134277344,311.932861328125,4135700
2025-08-20,314.57000732421875,314.57000732421875,311.239990234375,313.8399963378906,311.1100769042969,6190300
2025-08-21,312.8999938964844,313.8399963378906,311.8599853515625,312.760009765625,310.0394592285156,2697000
2025-08-22,313.989990234375,318.8299865722656,313.67999267578125,318.17999267578125,315.4123229980469,3548300
2025-08-25,317.5799865722656,317.9700012207031,316.6000061035156,316.6499938964844,313.8955993652344,2792700
2025-08-26,316.739990234375,318.2099914550781,316.3299865722656,318.0899963378906,315.3230895996094,2832000
2025-08-27,317.6499938964844,319.25,317.6499938964844,318.94000244140625,316.16571044921875,5481300
2025-08-28,319.42999267578125,320.3999938964844,318.5,320.1000061035156,317.3156433105469,3236900
2025-08-29,319.55999755859375,319.70001220703125,317.2900085449219,318.20001220703125,315.43212890625,3418800
2025-09-02,314.5199890136719,316.1099853515625,313.29998779296875,315.989990234375,313.2413635253906,4816300
2025-09-03,317.0400085449219,317.75,315.8599853515625,317.3299865722656,314.5697021484375,3161400
2025-09-04,317.8399963378906,320.2300109863281,317.32000732421875,320.1400146484375,317.35528564453125,3042000
2025-09-05,321.6099853515625,322.05999755859375,317.489990234375,319.54998779296875,316.7703552246094,3872100
2025-09-08,320.44000244140625,320.9200134277344,319.7099914550781,320.57000732421875,317.7815246582031,4149800
2025-09-09,320.7099914550781,321.2799987792969,319.45001220703125,320.9800109863281,318.1879577636719,3110500
2025-09-10,322.5,323.0400085449219,320.9700012207031,321.79998779296875,319.0008239746094,3702700
2025-09-11,322.9100036621094,325.05999755859375,322.510009765625,324.7799987792969,321.95489501953125,3577800
2025-09-12,324.79998779296875,325.20001220703125,324.05999755859375,324.30999755859375,321.4889831542969,3055600
2025-09-15,325.4700012207031,326.1199951171875,325.2099914550781,325.8900146484375,323.0552673339844,3200800
2025-09-16,326.30999755859375,326.3999938964844,324.9200134277344,325.45001220703125,322.6190490722656,3709300
2025-09-17,325.6600036621094,326.8999938964844,322.7699890136719,325.1600036621094,322.33160400390625,3643200
2025-09-18,326.92999267578125,328.2699890136719,325.9200134277344,327.2099914550781,324.36376953125,3112500
2025-09-19,328.30999755859375,328.8500061035156,326.8299865722656,328.44000244140625,325.5830993652344,3610400
2025-09-22,327.760009765625,330.1000061035156,327.5400085449219,329.8599853515625,326.9906921386719,3434800
2025-09-23,329.989990234375,330.3599853515625,327.5799865722656,328.0899963378906,325.236083984375,3455200
2025-09-24,328.8999938964844,328.9100036621094,326.2699890136719,326.8900146484375,324.0465393066406,2957000
2025-09-25,325.2200012207031,325.8399963378906,323.3800048828125,325.1400146484375,322.311767578125,4108100
2025-09-26,325.8900146484375,327.3399963378906,325.2200012207031,327.17999267578125,324.333984375,3169300
2025-09-29,327.69000244140625,327.80999755859375,326.2799987792969,327.1000061035156,325.1561279296875,3711800
2025-09-30,326.8999938964844,328.3599853515625,325.8800048828125,328.1700134277344,326.2197570800781,4210900
2025-10-01,326.92999267578125,329.6600036621094,326.6499938964844,329.30999755859375,327.35296630859375,5983100
2025-10-02,330.20001220703125,330.260009765625,328.45001220703125,329.7900085449219,327.8301086425781,4010500
2025-10-03,330.3599853515625,331.739990234375,329.42999267578125,329.9700012207031,328.0090637207031,4894000
2025-10-06,331.4100036621094,331.760009765625,330.1400146484375,331.2099914550781,329.2416687011719,4899400
2025-10-07,331.7200012207031,331.989990234375,328.79998779296875,329.6199951171875,327.6611328125,4956100
2025-10-08,330.510009765625,331.8699951171875,329.8299865722656,331.80999755859375,329.838134765625,3149300
2025-10-09,331.92999267578125,332.20001220703125,329.75,330.6600036621094,328.6949462890625,3803200
2025-10-10,331.1600036621094,332.1499938964844,321.6199951171875,321.79998779296875,319.8876037597656,7886700
2025-10-13,325.7900085449219,327.5799865722656,325.1600036621094,326.92999267578125,324.98712158203125,4476800
2025-10-14,323.8999938964844,328.6199951171875,322.0799865722656,326.8299865722656,324.8876953125,6307300
2025-10-15,329.3900146484375,330.989990234375,325.29998779296875,328.3800048828125,326.42852783203125,4245600
2025-10-16,329.3699951171875,329.94000244140625,324.0799865722656,325.7699890136719,323.8340148925781,5328500
2025-10-17,325.010009765625,327.94000244140625,324.239990234375,327.29998779296875,325.3548889160156,5646800
2025-10-20,328.95001220703125,331.3599853515625,328.8599853515625,330.95001220703125,328.9832458496094,3919600
2025-10-21,330.7900085449219,331.8599853515625,330.1199951171875,330.9100036621094,328.9434814453125,4099800
2025-10-22,331.17999267578125,331.2300109863281,326.6499938964844,328.8999938964844,326.9454040527344,7357900
2025-10-23,329.32000732421875,331.5799865722656,328.989990234375,331.010009765625,329.0428771972656,2955700
2025-10-24,333.3599853515625,334.5400085449219,333.2099914550781,333.7099914550781,331.726806640625,3780100
2025-10-27,336.70001220703125,337.70001220703125,336.2300109863281,337.42999267578125,335.4246826171875,5496100
2025-10-28,338.3399963378906,338.80999755859375,337.1099853515625,337.95001220703125,335.9416198730469,3765000
2025-10-29,338.3500061035156,339.05999755859375,335.69000244140625,337.7099914550781,335.70306396484375,4818800
2025-10-30,336.0,337.17999267578125,334.04998779296875,334.0799865722656,332.0946044921875,5025800
2025-10-31,336.6199951171875,336.6199951171875,333.8500061035156,335.4200134277344,333.4266662597656,4243100
2025-11-03,337.0,337.1400146484375,333.8900146484375,335.79998779296875,333.80438232421875,3344400
2025-11-04,332.2099914550781,334.1300048828125,331.3900146484375,331.739990234375,329.7685241699219,3288700
2025-11-05,331.8299865722656,334.67999267578125,331.29998779296875,333.1600036621094,331.1800842285156,3147000
2025-11-06,332.7900085449219,333.05999755859375,328.6300048828125,329.3699951171875,327.41259765625,2968100
2025-11-07,328.0400085449219,330.1300048828125,324.9700012207031,330.0899963378906,328.12835693359375,4707100
2025-11-10,333.32000732421875,335.45001220703125,332.0400085449219,334.9200134277344,332.92962646484375,3658900
2025-11-11,334.3399963378906,336.04998779296875,333.75,335.739990234375,333.7447509765625,2506400
2025-11-12,336.82000732421875,336.92999267578125,334.8800048828125,335.8599853515625,333.8640441894531,2730900
2025-11-13,334.5,334.6300048828125,329.239990234375,329.9100036621094,327.94940185546875,4213800
2025-11-14,326.57000732421875,331.8500061035156,325.6199951171875,329.8599853515625,327.8996887207031,3669200
2025-11-17,328.7099914550781,330.7699890136719,324.79998779296875,326.42999267578125,324.4900817871094,4336700
2025-11-18,324.739990234375,326.54998779296875,321.9200134277344,324.2200012207031,322.293212890625,5563300
2025-11-19,324.6499938964844,327.6099853515625,323.3500061035156,325.2799987792969,323.346923828125,3538300
2025-11-20,330.30999755859375,331.6000061035156,319.8500061035156,320.1000061035156,318.1977233886719,4176000
2025-11-21,321.3800048828125,326.32000732421875,319.44000244140625,323.79998779296875,321.8757019042969,4695300
2025-11-24,325.510009765625,329.19000244140625,324.94000244140625,328.6400146484375,326.6869812011719,4167600
2025-11-25,328.6400146484375,332.6600036621094,326.760009765625,332.1600036621094,330.18603515625,3654300
2025-11-26,333.32000732421875,335.489990234375,332.9599914550781,334.44000244140625,332.4524841308594,2745500
2025-11-28,335.3999938964844,336.4200134277344,334.8599853515625,336.30999755859375,334.3113708496094,2288300
2025-12-01,333.9599914550781,336.1000061035156,333.75,334.6600036621094,332.6711730957031,4270600
2025-12-02,335.6499938964844,336.3599853515625,334.17999267578125,335.05999755859375,333.06878662109375,2920000
2025-12-03,334.760009765625,337.07000732421875,334.4100036621094,336.55999755859375,334.5599060058594,3779900
2025-12-04,337.239990234375,337.3399963378906,335.5899963378906,337.0899963378906,335.08673095703125,3587800
2025-12-05,337.57000732421875,338.9599914550781,337.0299987792969,337.55999755859375,335.5539245605469,3340500
2025-12-08,338.20001220703125,338.20001220703125,335.6000061035156,336.57000732421875,334.56982421875,3532800
2025-12-09,336.2799987792969,337.54998779296875,336.07000732421875,336.2300109863281,334.2318420410156,3035700
2025-12-10,336.1199951171875,339.5899963378906,335.5,338.7300109863281,336.71697998046875,5697100
2025-12-11,337.8800048828125,339.94000244140625,336.44000244140625,339.8699951171875,337.8502197265625,3819000
2025-12-12,339.5,339.75,334.8500061035156,335.989990234375,333.9932556152344,4258900
2025-12-15,337.9800109863281,338.0,334.67999267578125,335.3299865722656,333.337158203125,3571900
2025-12-16,334.5899963378906,335.510009765625,332.4200134277344,334.3599853515625,332.3729553222656,4129200
2025-12-17,334.9200134277344,335.20001220703125,330.6300048828125,330.7099914550781,328.74462890625,3980300
2025-12-18,333.7799987792969,335.3500061035156,332.4700012207031,333.25,331.2695617675781,3347700
2025-12-19,334.3699951171875,336.5899963378906,334.2099914550781,336.2200012207031,334.2218933105469,4022600
2025-12-22,337.0,337.9100036621094,336.6099853515625,337.6000061035156,336.5456237792969,3782100
2025-12-23,337.0,338.8299865722656,337.0,338.7200012207031,337.662109375,3611100
2025-12-24,338.7799987792969,340.1000061035156,338.7099914550781,339.8800048828125,338.8185119628906,4006500
2025-12-26,340.1400146484375,340.3299865722656,339.1700134277344,339.6700134277344,338.6091613769531,3543600
2025-12-29,338.3999938964844,339.2699890136719,337.57000732421875,338.3900146484375,337.3331604003906,3795900
2025-12-30,338.3900146484375,338.7799987792969,337.75,337.8500061035156,336.7948303222656,3576200
2025-12-31,338.0400085449219,338.1300048828125,335.2200012207031,335.2699890136719,334.222900390625,3493700
